<?xml version="1.0" encoding="utf-8" ?>
<kml xmlns="http://www.opengis.net/kml/2.2">
<Document id="root_doc">
<Schema name="IQMaps_Pipes" id="IQMaps_Pipes">
	<SimpleField name="Annotation" type="string"></SimpleField>
	<SimpleField name="AvgAlt" type="string"></SimpleField>
	<SimpleField name="AvgDepth" type="string"></SimpleField>
	<SimpleField name="Category" type="string"></SimpleField>
	<SimpleField name="Color" type="string"></SimpleField>
	<SimpleField name="Diameter" type="string"></SimpleField>
	<SimpleField name="IdNumber" type="string"></SimpleField>
	<SimpleField name="MaxAlt" type="string"></SimpleField>
	<SimpleField name="MaxDepth" type="string"></SimpleField>
	<SimpleField name="MinAlt" type="string"></SimpleField>
	<SimpleField name="MinDepth" type="string"></SimpleField>
	<SimpleField name="PipeLen" type="string"></SimpleField>
	<SimpleField name="SRSId" type="string"></SimpleField>
	<SimpleField name="SRSName" type="string"></SimpleField>
	<SimpleField name="Type" type="string"></SimpleField>
	<SimpleField name="Unit" type="string"></SimpleField>
</Schema>
<Folder><name>IQMaps_Pipes</name>
  <Placemark>
	<name>Feature 0000</name>
	<Style><LineStyle><color>ff0000ff</color></LineStyle><PolyStyle><fill>0</fill></PolyStyle></Style>
	<ExtendedData><SchemaData schemaUrl="#IQMaps_Pipes">
		<SimpleData name="Annotation"></SimpleData>
		<SimpleData name="AvgAlt">214.264673</SimpleData>
		<SimpleData name="AvgDepth">0.971429</SimpleData>
		<SimpleData name="Category">Pipe</SimpleData>
		<SimpleData name="Color">#7fff7f</SimpleData>
		<SimpleData name="Diameter">0.150000</SimpleData>
		<SimpleData name="IdNumber">0</SimpleData>
		<SimpleData name="MaxAlt">214.374547</SimpleData>
		<SimpleData name="MaxDepth">1.087500</SimpleData>
		<SimpleData name="MinAlt">214.158551</SimpleData>
		<SimpleData name="MinDepth">0.862500</SimpleData>
		<SimpleData name="PipeLen">134.135486</SimpleData>
		<SimpleData name="SRSId"></SimpleData>
		<SimpleData name="SRSName"></SimpleData>
		<SimpleData name="Type">Generic</SimpleData>
		<SimpleData name="Unit">Meters</SimpleData>
	</SchemaData></ExtendedData>
      <LineString><coordinates>-86.9790560750587,40.4776586081405,-0.8625 -86.9791842190589,40.477515836316,-0.90625 -86.9793108857256,40.4773745797649,-0.975 -86.979561090968,40.4770930544809,-1.03125 -86.9796875523922,40.4769478952633,-0.9875 -86.9798124476077,40.4768059203871,-0.95 -86.9799409905097,40.4766592186246,-1.0875</coordinates></LineString>
  </Placemark>
  <Placemark>
	<name>Feature 0001</name>
	<Style><LineStyle><color>ff0000ff</color></LineStyle><PolyStyle><fill>0</fill></PolyStyle></Style>
	<ExtendedData><SchemaData schemaUrl="#IQMaps_Pipes">
		<SimpleData name="Annotation"></SimpleData>
		<SimpleData name="AvgAlt">214.124559</SimpleData>
		<SimpleData name="AvgDepth">1.035937</SimpleData>
		<SimpleData name="Category">Pipe</SimpleData>
		<SimpleData name="Color">#7fff7f</SimpleData>
		<SimpleData name="Diameter">0.150000</SimpleData>
		<SimpleData name="IdNumber">1</SimpleData>
		<SimpleData name="MaxAlt">214.447500</SimpleData>
		<SimpleData name="MaxDepth">1.175000</SimpleData>
		<SimpleData name="MinAlt">213.645000</SimpleData>
		<SimpleData name="MinDepth">0.893750</SimpleData>
		<SimpleData name="PipeLen">137.320932</SimpleData>
		<SimpleData name="SRSId"></SimpleData>
		<SimpleData name="SRSName"></SimpleData>
		<SimpleData name="Type">Generic</SimpleData>
		<SimpleData name="Unit">Meters</SimpleData>
	</SchemaData></ExtendedData>
      <LineString><coordinates>-86.9795632202139,40.476643950394,-0.9125 -86.9794372276861,40.476776756606,-1.13125 -86.9793099374306,40.4769135483036,-0.89375 -86.9791877619609,40.4770629009201,-1.05 -86.9790575523922,40.4772142052053,-1.0875 -86.9789307809411,40.4773678594981,-0.95625 -86.9788041142744,40.4775176495651,-1.08125 -86.9786778934748,40.477676849426,-1.175</coordinates></LineString>
  </Placemark>
  <Placemark>
	<name>Feature 0002</name>
	<Style><LineStyle><color>ff0000ff</color></LineStyle><PolyStyle><fill>0</fill></PolyStyle></Style>
	<ExtendedData><SchemaData schemaUrl="#IQMaps_Pipes">
		<SimpleData name="Annotation"></SimpleData>
		<SimpleData name="AvgAlt">213.786424</SimpleData>
		<SimpleData name="AvgDepth">0.864904</SimpleData>
		<SimpleData name="Category">Pipe</SimpleData>
		<SimpleData name="Color">#7fff7f</SimpleData>
		<SimpleData name="Diameter">0.150000</SimpleData>
		<SimpleData name="IdNumber">2</SimpleData>
		<SimpleData name="MaxAlt">214.284535</SimpleData>
		<SimpleData name="MaxDepth">1.062500</SimpleData>
		<SimpleData name="MinAlt">213.199945</SimpleData>
		<SimpleData name="MinDepth">0.406250</SimpleData>
		<SimpleData name="PipeLen">127.924946</SimpleData>
		<SimpleData name="SRSId"></SimpleData>
		<SimpleData name="SRSName"></SimpleData>
		<SimpleData name="Type">Generic</SimpleData>
		<SimpleData name="Unit">Meters</SimpleData>
	</SchemaData></ExtendedData>
      <LineString><coordinates>-86.978934323843,40.4768815336024,-0.88125 -86.9788023428235,40.4768825359316,-0.88125 -86.9786782654886,40.4768862371984,-0.90625 -86.9785524476078,40.4768859031404,-0.95625 -86.9784257809412,40.4768874205214,-0.975 -86.9782990094903,40.476889572819,-0.9875 -86.9781741142561,40.4768903461127,-0.78125 -86.978049114256,40.4768917853188,-0.65 -86.9779276572318,40.4768943058146,-0.40625 -86.9777999560919,40.4768956602366,-0.8 -86.9776743238984,40.476901319171,-1.0375 -86.9775440094348,40.4769048559484,-0.91875 -86.9774243238985,40.4769055538575,-1.0625</coordinates></LineString>
  </Placemark>
  <Placemark>
	<name>Feature 0003</name>
	<Style><LineStyle><color>ff0000ff</color></LineStyle><PolyStyle><fill>0</fill></PolyStyle></Style>
	<ExtendedData><SchemaData schemaUrl="#IQMaps_Pipes">
		<SimpleData name="Annotation"></SimpleData>
		<SimpleData name="AvgAlt">213.810256</SimpleData>
		<SimpleData name="AvgDepth">1.014063</SimpleData>
		<SimpleData name="Category">Pipe</SimpleData>
		<SimpleData name="Color">#7fff7f</SimpleData>
		<SimpleData name="Diameter">0.150000</SimpleData>
		<SimpleData name="IdNumber">3</SimpleData>
		<SimpleData name="MaxAlt">214.433750</SimpleData>
		<SimpleData name="MaxDepth">1.125000</SimpleData>
		<SimpleData name="MinAlt">213.060000</SimpleData>
		<SimpleData name="MinDepth">0.906250</SimpleData>
		<SimpleData name="PipeLen">191.997287</SimpleData>
		<SimpleData name="SRSId"></SimpleData>
		<SimpleData name="SRSName"></SimpleData>
		<SimpleData name="Type">Generic</SimpleData>
		<SimpleData name="Unit">Meters</SimpleData>
	</SchemaData></ExtendedData>
      <LineString><coordinates>-86.9796875523922,40.4765645513635,-0.93125 -86.9795574476078,40.47656083273,-0.90625 -86.9794341142746,40.4765577426908,-0.9625 -86.9793056956968,40.4765542689781,-0.94375 -86.9791840224098,40.4765529594204,-1.025 -86.9790557809411,40.4765502113482,-1.00625 -86.9789307809411,40.4765501056458,-1.0625 -86.9788023428236,40.4765473500036,-1.05 -86.9786808857255,40.4765480899164,-0.99375 -86.9785507134008,40.4765463888948,-1.05 -86.9784275523922,40.4765441859445,-1.125 -86.977925885744,40.4765393901386,-1.1125 -86.9777974475893,40.4765381447195,-1.075 -86.9776724475893,40.4765378959821,-0.975 -86.9775457809226,40.4765345498836,-0.90625 -86.9774207809227,40.4765368874655,-1.1</coordinates></LineString>
  </Placemark>
  <Placemark>
	<name>Feature 0005</name>
	<Style><LineStyle><color>ff0000ff</color></LineStyle><PolyStyle><fill>0</fill></PolyStyle></Style>
	<ExtendedData><SchemaData schemaUrl="#IQMaps_Pipes">
		<SimpleData name="Annotation"></SimpleData>
		<SimpleData name="AvgAlt">214.055058</SimpleData>
		<SimpleData name="AvgDepth">0.820486</SimpleData>
		<SimpleData name="Category">Pipe</SimpleData>
		<SimpleData name="Color">#7fff7f</SimpleData>
		<SimpleData name="Diameter">0.150000</SimpleData>
		<SimpleData name="IdNumber">4</SimpleData>
		<SimpleData name="MaxAlt">214.855068</SimpleData>
		<SimpleData name="MaxDepth">1.137500</SimpleData>
		<SimpleData name="MinAlt">213.248188</SimpleData>
		<SimpleData name="MinDepth">0.593750</SimpleData>
		<SimpleData name="PipeLen">256.520032</SimpleData>
		<SimpleData name="SRSId"></SimpleData>
		<SimpleData name="SRSName"></SimpleData>
		<SimpleData name="Type">Generic</SimpleData>
		<SimpleData name="Unit">Meters</SimpleData>
	</SchemaData></ExtendedData>
      <LineString><coordinates>-86.9800646669804,40.4758403836354,-0.79375 -86.9799377909857,40.4758351618038,-0.68125 -86.9798125523923,40.4758321212118,-0.59375 -86.9796893238431,40.475827289473,-0.7125 -86.9795608857255,40.4758213922126,-0.6375 -86.979309219059,40.4758147623009,-0.7 -86.9788075072151,40.4758105318229,-0.71875 -86.9786775281837,40.4758092927709,-0.76875 -86.9785545526013,40.4758072682459,-0.7125 -86.9784309905098,40.4758044112634,-0.63125 -86.978304095085,40.4758154052173,-0.8625 -86.9781793238985,40.4758441614697,-0.8375 -86.978049114256,40.4759341533368,-1.1375 -86.9779272436492,40.4760381406801,-1.09375 -86.9777974475893,40.4761473047599,-1.05 -86.9776745182392,40.4762545261095,-0.95 -86.9775475524106,40.4763621155941,-0.9625 -86.977417237947,40.4764843602765,-0.925</coordinates></LineString>
  </Placemark>
  <Placemark>
	<name>Feature 0006</name>
	<Style><LineStyle><color>ff0000ff</color></LineStyle><PolyStyle><fill>0</fill></PolyStyle></Style>
	<ExtendedData><SchemaData schemaUrl="#IQMaps_Pipes">
		<SimpleData name="Annotation"></SimpleData>
		<SimpleData name="AvgAlt">213.962490</SimpleData>
		<SimpleData name="AvgDepth">0.886458</SimpleData>
		<SimpleData name="Category">Pipe</SimpleData>
		<SimpleData name="Color">#7fff7f</SimpleData>
		<SimpleData name="Diameter">0.150000</SimpleData>
		<SimpleData name="IdNumber">5</SimpleData>
		<SimpleData name="MaxAlt">214.102966</SimpleData>
		<SimpleData name="MaxDepth">0.987500</SimpleData>
		<SimpleData name="MinAlt">213.733750</SimpleData>
		<SimpleData name="MinDepth">0.768750</SimpleData>
		<SimpleData name="PipeLen">64.076392</SimpleData>
		<SimpleData name="SRSId"></SimpleData>
		<SimpleData name="SRSName"></SimpleData>
		<SimpleData name="Type">Generic</SimpleData>
		<SimpleData name="Unit">Meters</SimpleData>
	</SchemaData></ExtendedData>
      <LineString><coordinates>-86.978934323843,40.4762367475718,-0.9875 -86.9788041142745,40.4762351565286,-0.88125 -86.9786796917691,40.4762322497704,-0.9625 -86.9785559905098,40.4762272274555,-0.8625 -86.9784296783775,40.4762210046477,-0.76875 -86.9781793238985,40.4762025876031,-0.85625</coordinates></LineString>
  </Placemark>
  <Placemark>
	<name>Feature 0007</name>
	<Style><LineStyle><color>ff0000ff</color></LineStyle><PolyStyle><fill>0</fill></PolyStyle></Style>
	<ExtendedData><SchemaData schemaUrl="#IQMaps_Pipes">
		<SimpleData name="Annotation"></SimpleData>
		<SimpleData name="AvgAlt">214.370464</SimpleData>
		<SimpleData name="AvgDepth">0.946875</SimpleData>
		<SimpleData name="Category">Pipe</SimpleData>
		<SimpleData name="Color">#7fff7f</SimpleData>
		<SimpleData name="Diameter">0.150000</SimpleData>
		<SimpleData name="IdNumber">6</SimpleData>
		<SimpleData name="MaxAlt">214.423750</SimpleData>
		<SimpleData name="MaxDepth">0.987500</SimpleData>
		<SimpleData name="MinAlt">214.317179</SimpleData>
		<SimpleData name="MinDepth">0.906250</SimpleData>
		<SimpleData name="PipeLen">10.412821</SimpleData>
		<SimpleData name="SRSId"></SimpleData>
		<SimpleData name="SRSName"></SimpleData>
		<SimpleData name="Type">Generic</SimpleData>
		<SimpleData name="Unit">Meters</SimpleData>
	</SchemaData></ExtendedData>
      <LineString><coordinates>-86.9794334588379,40.4770733308306,-0.90625 -86.9793105137208,40.4770751125318,-0.9875</coordinates></LineString>
  </Placemark>
  <Placemark>
	<name>Feature 0008</name>
	<Style><LineStyle><color>ff0000ff</color></LineStyle><PolyStyle><fill>0</fill></PolyStyle></Style>
	<ExtendedData><SchemaData schemaUrl="#IQMaps_Pipes">
		<SimpleData name="Annotation"></SimpleData>
		<SimpleData name="AvgAlt">214.088362</SimpleData>
		<SimpleData name="AvgDepth">0.717187</SimpleData>
		<SimpleData name="Category">Pipe</SimpleData>
		<SimpleData name="Color">#7fff7f</SimpleData>
		<SimpleData name="Diameter">0.150000</SimpleData>
		<SimpleData name="IdNumber">7</SimpleData>
		<SimpleData name="MaxAlt">214.450000</SimpleData>
		<SimpleData name="MaxDepth">0.931250</SimpleData>
		<SimpleData name="MinAlt">213.737749</SimpleData>
		<SimpleData name="MinDepth">0.600000</SimpleData>
		<SimpleData name="PipeLen">74.523136</SimpleData>
		<SimpleData name="SRSId"></SimpleData>
		<SimpleData name="SRSName"></SimpleData>
		<SimpleData name="Type">Generic</SimpleData>
		<SimpleData name="Unit">Meters</SimpleData>
	</SchemaData></ExtendedData>
      <LineString><coordinates>-86.9789290094902,40.4773235516627,-0.6 -86.9788027580654,40.4773205160456,-0.93125 -86.9785524476078,40.477318431357,-0.65625 -86.978049114256,40.4773138473568,-0.68125</coordinates></LineString>
  </Placemark>
  <Placemark>
	<name>Feature 0009</name>
	<Style><LineStyle><color>ff0000ff</color></LineStyle><PolyStyle><fill>0</fill></PolyStyle></Style>
	<ExtendedData><SchemaData schemaUrl="#IQMaps_Pipes">
		<SimpleData name="Annotation"></SimpleData>
		<SimpleData name="AvgAlt">213.582354</SimpleData>
		<SimpleData name="AvgDepth">0.609375</SimpleData>
		<SimpleData name="Category">Pipe</SimpleData>
		<SimpleData name="Color">#7fff7f</SimpleData>
		<SimpleData name="Diameter">0.150000</SimpleData>
		<SimpleData name="IdNumber">8</SimpleData>
		<SimpleData name="MaxAlt">213.628457</SimpleData>
		<SimpleData name="MaxDepth">0.643750</SimpleData>
		<SimpleData name="MinAlt">213.536250</SimpleData>
		<SimpleData name="MinDepth">0.575000</SimpleData>
		<SimpleData name="PipeLen">10.434666</SimpleData>
		<SimpleData name="SRSId"></SimpleData>
		<SimpleData name="SRSName"></SimpleData>
		<SimpleData name="Type">Generic</SimpleData>
		<SimpleData name="Unit">Meters</SimpleData>
	</SchemaData></ExtendedData>
      <LineString><coordinates>-86.9808226572318,40.4782600733143,-0.64375 -86.9809458857441,40.4782599321943,-0.575</coordinates></LineString>
  </Placemark>
  <Placemark>
	<name>Feature 0010</name>
	<Style><LineStyle><color>ff0000ff</color></LineStyle><PolyStyle><fill>0</fill></PolyStyle></Style>
	<ExtendedData><SchemaData schemaUrl="#IQMaps_Pipes">
		<SimpleData name="Annotation"></SimpleData>
		<SimpleData name="AvgAlt">212.940200</SimpleData>
		<SimpleData name="AvgDepth">0.965625</SimpleData>
		<SimpleData name="Category">Pipe</SimpleData>
		<SimpleData name="Color">#7fff7f</SimpleData>
		<SimpleData name="Diameter">0.150000</SimpleData>
		<SimpleData name="IdNumber">9</SimpleData>
		<SimpleData name="MaxAlt">213.026250</SimpleData>
		<SimpleData name="MaxDepth">1.050000</SimpleData>
		<SimpleData name="MinAlt">212.820271</SimpleData>
		<SimpleData name="MinDepth">0.843750</SimpleData>
		<SimpleData name="PipeLen">63.527992</SimpleData>
		<SimpleData name="SRSId"></SimpleData>
		<SimpleData name="SRSName"></SimpleData>
		<SimpleData name="Type">Generic</SimpleData>
		<SimpleData name="Unit">Meters</SimpleData>
	</SchemaData></ExtendedData>
      <LineString><coordinates>-86.9816898733554,40.4781430864618,-0.96875 -86.9815809905676,40.4781255199379,-0.925 -86.9813246241497,40.4780961112772,-0.84375 -86.9811959933409,40.4780867513044,-1.0125 -86.9810743238984,40.4780736810527,-0.99375 -86.9809476572319,40.4780621806357,-1.05</coordinates></LineString>
  </Placemark>
  <Placemark>
	<name>Feature 0011</name>
	<Style><LineStyle><color>ff0000ff</color></LineStyle><PolyStyle><fill>0</fill></PolyStyle></Style>
	<ExtendedData><SchemaData schemaUrl="#IQMaps_Pipes">
		<SimpleData name="Annotation"></SimpleData>
		<SimpleData name="AvgAlt">212.999944</SimpleData>
		<SimpleData name="AvgDepth">0.968750</SimpleData>
		<SimpleData name="Category">Pipe</SimpleData>
		<SimpleData name="Color">#7fff7f</SimpleData>
		<SimpleData name="Diameter">0.150000</SimpleData>
		<SimpleData name="IdNumber">10</SimpleData>
		<SimpleData name="MaxAlt">213.004714</SimpleData>
		<SimpleData name="MaxDepth">0.968750</SimpleData>
		<SimpleData name="MinAlt">212.995175</SimpleData>
		<SimpleData name="MinDepth">0.968750</SimpleData>
		<SimpleData name="PipeLen">1.236147</SimpleData>
		<SimpleData name="SRSId"></SimpleData>
		<SimpleData name="SRSName"></SimpleData>
		<SimpleData name="Type">Generic</SimpleData>
		<SimpleData name="Unit">Meters</SimpleData>
	</SchemaData></ExtendedData>
      <LineString><coordinates>-86.9816910953904,40.4781304474558,-0.96875 -86.9816824434009,40.4781393916253,-0.96875</coordinates></LineString>
  </Placemark>
  <Placemark>
	<name>Feature 0013</name>
	<Style><LineStyle><color>ff0000ff</color></LineStyle><PolyStyle><fill>0</fill></PolyStyle></Style>
	<ExtendedData><SchemaData schemaUrl="#IQMaps_Pipes">
		<SimpleData name="Annotation"></SimpleData>
		<SimpleData name="AvgAlt">213.955636</SimpleData>
		<SimpleData name="AvgDepth">0.793750</SimpleData>
		<SimpleData name="Category">Pipe</SimpleData>
		<SimpleData name="Color">#7fff7f</SimpleData>
		<SimpleData name="Diameter">0.150000</SimpleData>
		<SimpleData name="IdNumber">11</SimpleData>
		<SimpleData name="MaxAlt">213.991250</SimpleData>
		<SimpleData name="MaxDepth">0.818750</SimpleData>
		<SimpleData name="MinAlt">213.920022</SimpleData>
		<SimpleData name="MinDepth">0.768750</SimpleData>
		<SimpleData name="PipeLen">10.257722</SimpleData>
		<SimpleData name="SRSId"></SimpleData>
		<SimpleData name="SRSName"></SimpleData>
		<SimpleData name="Type">Generic</SimpleData>
		<SimpleData name="Unit">Meters</SimpleData>
	</SchemaData></ExtendedData>
      <LineString><coordinates>-86.9829621083219,40.4785182700579,-0.81875 -86.9828410954013,40.4785140392937,-0.76875</coordinates></LineString>
  </Placemark>
  <Placemark>
	<name>Feature 0014</name>
	<Style><LineStyle><color>ff0000ff</color></LineStyle><PolyStyle><fill>0</fill></PolyStyle></Style>
	<ExtendedData><SchemaData schemaUrl="#IQMaps_Pipes">
		<SimpleData name="Annotation"></SimpleData>
		<SimpleData name="AvgAlt">215.404856</SimpleData>
		<SimpleData name="AvgDepth">0.808750</SimpleData>
		<SimpleData name="Category">Pipe</SimpleData>
		<SimpleData name="Color">#7fff7f</SimpleData>
		<SimpleData name="Diameter">0.150000</SimpleData>
		<SimpleData name="IdNumber">12</SimpleData>
		<SimpleData name="MaxAlt">215.784121</SimpleData>
		<SimpleData name="MaxDepth">1.025000</SimpleData>
		<SimpleData name="MinAlt">215.055000</SimpleData>
		<SimpleData name="MinDepth">0.543750</SimpleData>
		<SimpleData name="PipeLen">236.735561</SimpleData>
		<SimpleData name="SRSId"></SimpleData>
		<SimpleData name="SRSName"></SimpleData>
		<SimpleData name="Type">Generic</SimpleData>
		<SimpleData name="Unit">Meters</SimpleData>
	</SchemaData></ExtendedData>
      <LineString><coordinates>-86.982335990574,40.476331467656,-0.54375 -86.9825858857469,40.4763270948556,-0.6125 -86.9836139046923,40.4763254087996,-0.65625 -86.9838827620693,40.4763239629875,-0.71875 -86.9842558326362,40.4763285464682,-0.93125 -86.9843755003777,40.4763236336282,-0.93125 -86.9844975524134,40.4763225110386,-0.93125 -86.9846310954008,40.4763230699262,-0.86875 -86.9847525524136,40.4763208023899,-0.86875 -86.985131340499,40.4763224865929,-1.025</coordinates></LineString>
  </Placemark>
  <Placemark>
	<name>Feature 0015</name>
	<Style><LineStyle><color>ff0000ff</color></LineStyle><PolyStyle><fill>0</fill></PolyStyle></Style>
	<ExtendedData><SchemaData schemaUrl="#IQMaps_Pipes">
		<SimpleData name="Annotation"></SimpleData>
		<SimpleData name="AvgAlt">215.614043</SimpleData>
		<SimpleData name="AvgDepth">0.726875</SimpleData>
		<SimpleData name="Category">Pipe</SimpleData>
		<SimpleData name="Color">#7fff7f</SimpleData>
		<SimpleData name="Diameter">0.150000</SimpleData>
		<SimpleData name="IdNumber">13</SimpleData>
		<SimpleData name="MaxAlt">215.861250</SimpleData>
		<SimpleData name="MaxDepth">0.906250</SimpleData>
		<SimpleData name="MinAlt">215.343438</SimpleData>
		<SimpleData name="MinDepth">0.618750</SimpleData>
		<SimpleData name="PipeLen">226.205210</SimpleData>
		<SimpleData name="SRSId"></SimpleData>
		<SimpleData name="SRSName"></SimpleData>
		<SimpleData name="Type">Generic</SimpleData>
		<SimpleData name="Unit">Meters</SimpleData>
	</SchemaData></ExtendedData>
      <LineString><coordinates>-86.9823341142532,40.4759221936142,-0.6875 -86.9824579682078,40.4759205440168,-0.6875 -86.9825893239072,40.475920165603,-0.6875 -86.9827143239072,40.475920283076,-0.6875 -86.9828392190804,40.4759208132726,-0.6625 -86.9830857809197,40.4759209958434,-0.61875 -86.9844985818253,40.4759172780944,-0.90625 -86.9846258857469,40.4759183019762,-0.83125 -86.9848792190803,40.4759157048559,-0.75 -86.9850053876146,40.4759152342067,-0.75</coordinates></LineString>
  </Placemark>
  <Placemark>
	<name>Feature 0016</name>
	<Style><LineStyle><color>ff0000ff</color></LineStyle><PolyStyle><fill>0</fill></PolyStyle></Style>
	<ExtendedData><SchemaData schemaUrl="#IQMaps_Pipes">
		<SimpleData name="Annotation"></SimpleData>
		<SimpleData name="AvgAlt">215.763087</SimpleData>
		<SimpleData name="AvgDepth">0.800000</SimpleData>
		<SimpleData name="Category">Pipe</SimpleData>
		<SimpleData name="Color">#7fff7f</SimpleData>
		<SimpleData name="Diameter">0.150000</SimpleData>
		<SimpleData name="IdNumber">14</SimpleData>
		<SimpleData name="MaxAlt">215.779680</SimpleData>
		<SimpleData name="MaxDepth">0.800000</SimpleData>
		<SimpleData name="MinAlt">215.750000</SimpleData>
		<SimpleData name="MinDepth">0.800000</SimpleData>
		<SimpleData name="PipeLen">21.466074</SimpleData>
		<SimpleData name="SRSId"></SimpleData>
		<SimpleData name="SRSName"></SimpleData>
		<SimpleData name="Type">Generic</SimpleData>
		<SimpleData name="Unit">Meters</SimpleData>
	</SchemaData></ExtendedData>
      <LineString><coordinates>-86.9824591142531,40.475634769504,-0.8 -86.9825875524135,40.4756341083997,-0.8 -86.9827125524135,40.475637031625,-0.8</coordinates></LineString>
  </Placemark>
  <Placemark>
	<name>Feature 0017</name>
	<Style><LineStyle><color>ff0000ff</color></LineStyle><PolyStyle><fill>0</fill></PolyStyle></Style>
	<ExtendedData><SchemaData schemaUrl="#IQMaps_Pipes">
		<SimpleData name="Annotation"></SimpleData>
		<SimpleData name="AvgAlt">215.602040</SimpleData>
		<SimpleData name="AvgDepth">0.710417</SimpleData>
		<SimpleData name="Category">Pipe</SimpleData>
		<SimpleData name="Color">#7fff7f</SimpleData>
		<SimpleData name="Diameter">0.150000</SimpleData>
		<SimpleData name="IdNumber">15</SimpleData>
		<SimpleData name="MaxAlt">215.682620</SimpleData>
		<SimpleData name="MaxDepth">0.731250</SimpleData>
		<SimpleData name="MinAlt">215.545574</SimpleData>
		<SimpleData name="MinDepth">0.693750</SimpleData>
		<SimpleData name="PipeLen">29.105381</SimpleData>
		<SimpleData name="SRSId"></SimpleData>
		<SimpleData name="SRSName"></SimpleData>
		<SimpleData name="Type">Generic</SimpleData>
		<SimpleData name="Unit">Meters</SimpleData>
	</SchemaData></ExtendedData>
      <LineString><coordinates>-86.9827143239072,40.4751791332703,-0.69375 -86.9825875524135,40.4750865675515,-0.73125 -86.9824608857469,40.4750026306715,-0.70625</coordinates></LineString>
  </Placemark>
  <Placemark>
	<name>Feature 0018</name>
	<Style><LineStyle><color>ff0000ff</color></LineStyle><PolyStyle><fill>0</fill></PolyStyle></Style>
	<ExtendedData><SchemaData schemaUrl="#IQMaps_Pipes">
		<SimpleData name="Annotation"></SimpleData>
		<SimpleData name="AvgAlt">215.497435</SimpleData>
		<SimpleData name="AvgDepth">0.842708</SimpleData>
		<SimpleData name="Category">Pipe</SimpleData>
		<SimpleData name="Color">#7fff7f</SimpleData>
		<SimpleData name="Diameter">0.150000</SimpleData>
		<SimpleData name="IdNumber">16</SimpleData>
		<SimpleData name="MaxAlt">215.811693</SimpleData>
		<SimpleData name="MaxDepth">0.900000</SimpleData>
		<SimpleData name="MinAlt">215.347137</SimpleData>
		<SimpleData name="MinDepth">0.706250</SimpleData>
		<SimpleData name="PipeLen">85.352808</SimpleData>
		<SimpleData name="SRSId"></SimpleData>
		<SimpleData name="SRSName"></SimpleData>
		<SimpleData name="Type">Generic</SimpleData>
		<SimpleData name="Unit">Meters</SimpleData>
	</SchemaData></ExtendedData>
      <LineString><coordinates>-86.9823323427595,40.4748770696752,-0.875 -86.9824608857469,40.4748827270182,-0.88125 -86.9827107809197,40.4748825127324,-0.79375 -86.9828375524136,40.4748888026275,-0.9 -86.9830857809197,40.4748946164602,-0.9 -86.9833392190802,40.4748830981945,-0.70625</coordinates></LineString>
  </Placemark>
  <Placemark>
	<name>Feature 0019</name>
	<Style><LineStyle><color>ff0000ff</color></LineStyle><PolyStyle><fill>0</fill></PolyStyle></Style>
	<ExtendedData><SchemaData schemaUrl="#IQMaps_Pipes">
		<SimpleData name="Annotation"></SimpleData>
		<SimpleData name="AvgAlt">215.237445</SimpleData>
		<SimpleData name="AvgDepth">0.828750</SimpleData>
		<SimpleData name="Category">Pipe</SimpleData>
		<SimpleData name="Color">#7fff7f</SimpleData>
		<SimpleData name="Diameter">0.150000</SimpleData>
		<SimpleData name="IdNumber">17</SimpleData>
		<SimpleData name="MaxAlt">215.772996</SimpleData>
		<SimpleData name="MaxDepth">1.125000</SimpleData>
		<SimpleData name="MinAlt">214.658793</SimpleData>
		<SimpleData name="MinDepth">0.600000</SimpleData>
		<SimpleData name="PipeLen">122.837075</SimpleData>
		<SimpleData name="SRSId"></SimpleData>
		<SimpleData name="SRSName"></SimpleData>
		<SimpleData name="Type">Generic</SimpleData>
		<SimpleData name="Unit">Meters</SimpleData>
	</SchemaData></ExtendedData>
      <LineString><coordinates>-86.9824608857469,40.4739782354967,-0.6 -86.9825857809196,40.4742005990911,-1.125 -86.9829625524137,40.4745001419385,-0.68125 -86.9830875524136,40.4745969484837,-1 -86.9833441836364,40.4748394087853,-0.7375</coordinates></LineString>
  </Placemark>
  <Placemark>
	<name>Feature 0020</name>
	<Style><LineStyle><color>ff0000ff</color></LineStyle><PolyStyle><fill>0</fill></PolyStyle></Style>
	<ExtendedData><SchemaData schemaUrl="#IQMaps_Pipes">
		<SimpleData name="Annotation"></SimpleData>
		<SimpleData name="AvgAlt">214.846151</SimpleData>
		<SimpleData name="AvgDepth">0.963194</SimpleData>
		<SimpleData name="Category">Pipe</SimpleData>
		<SimpleData name="Color">#7fff7f</SimpleData>
		<SimpleData name="Diameter">0.150000</SimpleData>
		<SimpleData name="IdNumber">18</SimpleData>
		<SimpleData name="MaxAlt">215.192939</SimpleData>
		<SimpleData name="MaxDepth">1.281250</SimpleData>
		<SimpleData name="MinAlt">214.320000</SimpleData>
		<SimpleData name="MinDepth">0.768750</SimpleData>
		<SimpleData name="PipeLen">183.584565</SimpleData>
		<SimpleData name="SRSId"></SimpleData>
		<SimpleData name="SRSName"></SimpleData>
		<SimpleData name="Type">Generic</SimpleData>
		<SimpleData name="Unit">Meters</SimpleData>
	</SchemaData></ExtendedData>
      <LineString><coordinates>-86.9824602510789,40.4736839945416,-0.85 -86.9826004105522,40.4736877279148,-0.85 -86.9828506685935,40.4736837310527,-0.80625 -86.9830971959685,40.473679493258,-0.76875 -86.9833477152421,40.4736772747872,-0.90625 -86.9834821966331,40.4736733472323,-1.2125 -86.9837439763505,40.4736714857547,-0.925 -86.9843731557579,40.473675855134,-1.28125 -86.984627683162,40.4736717816851,-1.06875</coordinates></LineString>
  </Placemark>
  <Placemark>
	<name>Feature 0021</name>
	<Style><LineStyle><color>ff0000ff</color></LineStyle><PolyStyle><fill>0</fill></PolyStyle></Style>
	<ExtendedData><SchemaData schemaUrl="#IQMaps_Pipes">
		<SimpleData name="Annotation"></SimpleData>
		<SimpleData name="AvgAlt">213.853615</SimpleData>
		<SimpleData name="AvgDepth">0.817500</SimpleData>
		<SimpleData name="Category">Pipe</SimpleData>
		<SimpleData name="Color">#7fff7f</SimpleData>
		<SimpleData name="Diameter">0.150000</SimpleData>
		<SimpleData name="IdNumber">19</SimpleData>
		<SimpleData name="MaxAlt">213.924794</SimpleData>
		<SimpleData name="MaxDepth">1.112500</SimpleData>
		<SimpleData name="MinAlt">213.707500</SimpleData>
		<SimpleData name="MinDepth">0.743750</SimpleData>
		<SimpleData name="PipeLen">47.989760</SimpleData>
		<SimpleData name="SRSId"></SimpleData>
		<SimpleData name="SRSName"></SimpleData>
		<SimpleData name="Type">Generic</SimpleData>
		<SimpleData name="Unit">Meters</SimpleData>
	</SchemaData></ExtendedData>
      <LineString><coordinates>-86.9806925523921,40.4733660310837,-0.74375 -86.9808190094349,40.4733440827907,-0.74375 -86.9809472578377,40.4733242088702,-0.74375 -86.9810777695245,40.4733037692245,-0.74375 -86.9812451455738,40.4732710475502,-1.1125</coordinates></LineString>
  </Placemark>
  <Placemark>
	<name>Feature 0022</name>
	<Style><LineStyle><color>ff0000ff</color></LineStyle><PolyStyle><fill>0</fill></PolyStyle></Style>
	<ExtendedData><SchemaData schemaUrl="#IQMaps_Pipes">
		<SimpleData name="Annotation"></SimpleData>
		<SimpleData name="AvgAlt">214.444041</SimpleData>
		<SimpleData name="AvgDepth">0.746094</SimpleData>
		<SimpleData name="Category">Pipe</SimpleData>
		<SimpleData name="Color">#7fff7f</SimpleData>
		<SimpleData name="Diameter">0.150000</SimpleData>
		<SimpleData name="IdNumber">20</SimpleData>
		<SimpleData name="MaxAlt">214.668195</SimpleData>
		<SimpleData name="MaxDepth">1.037500</SimpleData>
		<SimpleData name="MinAlt">214.122500</SimpleData>
		<SimpleData name="MinDepth">0.550000</SimpleData>
		<SimpleData name="PipeLen">86.955188</SimpleData>
		<SimpleData name="SRSId"></SimpleData>
		<SimpleData name="SRSName"></SimpleData>
		<SimpleData name="Type">Generic</SimpleData>
		<SimpleData name="Unit">Meters</SimpleData>
	</SchemaData></ExtendedData>
      <LineString><coordinates>-86.9817076572342,40.4737437237891,-0.65625 -86.9814507809219,40.4737824702758,-0.55 -86.9813241142551,40.4737971301702,-1.0375 -86.9811975524114,40.4738099889203,-0.75 -86.9810742190773,40.4738208630874,-0.675 -86.9809510953863,40.4738338427954,-0.79375 -86.9808191142561,40.4738447683161,-0.84375 -86.9806924476078,40.4738573410877,-0.6625</coordinates></LineString>
  </Placemark>
  <Placemark>
	<name>Feature 0024</name>
	<Style><LineStyle><color>ff0000ff</color></LineStyle><PolyStyle><fill>0</fill></PolyStyle></Style>
	<ExtendedData><SchemaData schemaUrl="#IQMaps_Pipes">
		<SimpleData name="Annotation"></SimpleData>
		<SimpleData name="AvgAlt">213.960702</SimpleData>
		<SimpleData name="AvgDepth">0.912500</SimpleData>
		<SimpleData name="Category">Pipe</SimpleData>
		<SimpleData name="Color">#7fff7f</SimpleData>
		<SimpleData name="Diameter">0.150000</SimpleData>
		<SimpleData name="IdNumber">21</SimpleData>
		<SimpleData name="MaxAlt">214.498750</SimpleData>
		<SimpleData name="MaxDepth">1.050000</SimpleData>
		<SimpleData name="MinAlt">213.456641</SimpleData>
		<SimpleData name="MinDepth">0.781250</SimpleData>
		<SimpleData name="PipeLen">128.220473</SimpleData>
		<SimpleData name="SRSId"></SimpleData>
		<SimpleData name="SRSName"></SimpleData>
		<SimpleData name="Type">Generic</SimpleData>
		<SimpleData name="Unit">Meters</SimpleData>
	</SchemaData></ExtendedData>
      <LineString><coordinates>-86.9778009905651,40.4762351960377,-0.95625 -86.9779261981576,40.4762362909173,-0.95 -86.9785557039705,40.4762559150916,-0.78125 -86.9788058857255,40.4762821504646,-0.90625 -86.9790557809411,40.4763044986971,-1.05 -86.9793087060152,40.4763277983373,-0.83125</coordinates></LineString>
  </Placemark>
  <Placemark>
	<name>Feature 0025</name>
	<Style><LineStyle><color>ff0000ff</color></LineStyle><PolyStyle><fill>0</fill></PolyStyle></Style>
	<ExtendedData><SchemaData schemaUrl="#IQMaps_Pipes">
		<SimpleData name="Annotation"></SimpleData>
		<SimpleData name="AvgAlt">214.678750</SimpleData>
		<SimpleData name="AvgDepth">0.801250</SimpleData>
		<SimpleData name="Category">Pipe</SimpleData>
		<SimpleData name="Color">#7fff7f</SimpleData>
		<SimpleData name="Diameter">0.150000</SimpleData>
		<SimpleData name="IdNumber">22</SimpleData>
		<SimpleData name="MaxAlt">214.855000</SimpleData>
		<SimpleData name="MaxDepth">0.862500</SimpleData>
		<SimpleData name="MinAlt">214.568750</SimpleData>
		<SimpleData name="MinDepth">0.725000</SimpleData>
		<SimpleData name="PipeLen">47.839792</SimpleData>
		<SimpleData name="SRSId"></SimpleData>
		<SimpleData name="SRSName"></SimpleData>
		<SimpleData name="Type">Generic</SimpleData>
		<SimpleData name="Unit">Meters</SimpleData>
	</SchemaData></ExtendedData>
      <LineString><coordinates>-86.9809493238983,40.4797217034566,-0.75 -86.9810725524106,40.4796792077161,-0.83125 -86.9811975524106,40.4796334877913,-0.8625 -86.9813224475886,40.4795803355266,-0.8375 -86.9814526572341,40.4795270433836,-0.725</coordinates></LineString>
  </Placemark>
  <Placemark>
	<name>Feature 0027</name>
	<Style><LineStyle><color>ff0000ff</color></LineStyle><PolyStyle><fill>0</fill></PolyStyle></Style>
	<ExtendedData><SchemaData schemaUrl="#IQMaps_Pipes">
		<SimpleData name="Annotation"></SimpleData>
		<SimpleData name="AvgAlt">214.650035</SimpleData>
		<SimpleData name="AvgDepth">0.656250</SimpleData>
		<SimpleData name="Category">Pipe</SimpleData>
		<SimpleData name="Color">#7fff7f</SimpleData>
		<SimpleData name="Diameter">0.150000</SimpleData>
		<SimpleData name="IdNumber">23</SimpleData>
		<SimpleData name="MaxAlt">215.328796</SimpleData>
		<SimpleData name="MaxDepth">0.775000</SimpleData>
		<SimpleData name="MinAlt">213.935000</SimpleData>
		<SimpleData name="MinDepth">0.456250</SimpleData>
		<SimpleData name="PipeLen">138.604549</SimpleData>
		<SimpleData name="SRSId"></SimpleData>
		<SimpleData name="SRSName"></SimpleData>
		<SimpleData name="Type">Generic</SimpleData>
		<SimpleData name="Unit">Meters</SimpleData>
	</SchemaData></ExtendedData>
      <LineString><coordinates>-86.9800658857768,40.4804282323565,-0.775 -86.9804408857768,40.4804269932154,-0.775 -86.9805675524434,40.4804275397619,-0.775 -86.9809458857441,40.480430080735,-0.68125 -86.9813276572341,40.4804335918267,-0.56875 -86.9815792190782,40.4804372632365,-0.5625 -86.9817026779085,40.4804398870571,-0.45625</coordinates></LineString>
  </Placemark>
  <Placemark>
	<name>Feature 0028</name>
	<Style><LineStyle><color>ff0000ff</color></LineStyle><PolyStyle><fill>0</fill></PolyStyle></Style>
	<ExtendedData><SchemaData schemaUrl="#IQMaps_Pipes">
		<SimpleData name="Annotation"></SimpleData>
		<SimpleData name="AvgAlt">213.396784</SimpleData>
		<SimpleData name="AvgDepth">0.810714</SimpleData>
		<SimpleData name="Category">Pipe</SimpleData>
		<SimpleData name="Color">#7fff7f</SimpleData>
		<SimpleData name="Diameter">0.150000</SimpleData>
		<SimpleData name="IdNumber">24</SimpleData>
		<SimpleData name="MaxAlt">213.976250</SimpleData>
		<SimpleData name="MaxDepth">1.000000</SimpleData>
		<SimpleData name="MinAlt">213.076250</SimpleData>
		<SimpleData name="MinDepth">0.681250</SimpleData>
		<SimpleData name="PipeLen">74.857634</SimpleData>
		<SimpleData name="SRSId"></SimpleData>
		<SimpleData name="SRSName"></SimpleData>
		<SimpleData name="Type">Generic</SimpleData>
		<SimpleData name="Unit">Meters</SimpleData>
	</SchemaData></ExtendedData>
      <LineString><coordinates>-86.9791289046149,40.479866411578,-0.84375 -86.9791756059102,40.4798772944814,-0.84375 -86.9791876573374,40.4798826518102,-0.84375 -86.9793144288959,40.4799212492493,-0.76875 -86.9796874475565,40.4800490225447,-1 -86.9798159906636,40.4800922252274,-0.68125 -86.9799357808899,40.4801396271201,-0.69375</coordinates></LineString>
  </Placemark>
  <Placemark>
	<name>Feature 0029</name>
	<Style><LineStyle><color>ff0000ff</color></LineStyle><PolyStyle><fill>0</fill></PolyStyle></Style>
	<ExtendedData><SchemaData schemaUrl="#IQMaps_Pipes">
		<SimpleData name="Annotation"></SimpleData>
		<SimpleData name="AvgAlt">213.297214</SimpleData>
		<SimpleData name="AvgDepth">0.856250</SimpleData>
		<SimpleData name="Category">Pipe</SimpleData>
		<SimpleData name="Color">#7fff7f</SimpleData>
		<SimpleData name="Diameter">0.150000</SimpleData>
		<SimpleData name="IdNumber">25</SimpleData>
		<SimpleData name="MaxAlt">213.448405</SimpleData>
		<SimpleData name="MaxDepth">1.118750</SimpleData>
		<SimpleData name="MinAlt">212.916713</SimpleData>
		<SimpleData name="MinDepth">0.762500</SimpleData>
		<SimpleData name="PipeLen">61.248165</SimpleData>
		<SimpleData name="SRSId"></SimpleData>
		<SimpleData name="SRSName"></SimpleData>
		<SimpleData name="Type">Generic</SimpleData>
		<SimpleData name="Unit">Meters</SimpleData>
	</SchemaData></ExtendedData>
      <LineString><coordinates>-86.9808156761016,40.483016254967,-0.7625 -86.9806913440221,40.4829853323369,-0.8 -86.9805679327409,40.4829511655863,-0.8 -86.9804390444554,40.4829032539289,-0.8 -86.9801926573302,40.4827506375859,-1.11875</coordinates></LineString>
  </Placemark>
  <Placemark>
	<name>Feature 0031</name>
	<Style><LineStyle><color>ff0000ff</color></LineStyle><PolyStyle><fill>0</fill></PolyStyle></Style>
	<ExtendedData><SchemaData schemaUrl="#IQMaps_Pipes">
		<SimpleData name="Annotation"></SimpleData>
		<SimpleData name="AvgAlt">215.411363</SimpleData>
		<SimpleData name="AvgDepth">0.927604</SimpleData>
		<SimpleData name="Category">Pipe</SimpleData>
		<SimpleData name="Color">#7fff7f</SimpleData>
		<SimpleData name="Diameter">0.150000</SimpleData>
		<SimpleData name="IdNumber">26</SimpleData>
		<SimpleData name="MaxAlt">215.772500</SimpleData>
		<SimpleData name="MaxDepth">1.556250</SimpleData>
		<SimpleData name="MinAlt">214.331375</SimpleData>
		<SimpleData name="MinDepth">0.737500</SimpleData>
		<SimpleData name="PipeLen">140.794550</SimpleData>
		<SimpleData name="SRSId"></SimpleData>
		<SimpleData name="SRSName"></SimpleData>
		<SimpleData name="Type">Generic</SimpleData>
		<SimpleData name="Unit">Meters</SimpleData>
	</SchemaData></ExtendedData>
      <LineString><coordinates>-86.9864890059245,40.484698162981,-0.7375 -86.986445354644,40.4846821487518,-0.7375 -86.9864126856077,40.4846594493804,-0.7375 -86.9863207809061,40.4845948232149,-0.76875 -86.9862834971852,40.4845662947298,-0.85 -86.9861941142395,40.4845046675265,-0.84375 -86.986146457296,40.4844693262642,-0.83125 -86.986012447586,40.484374082012,-0.825 -86.985888577252,40.4842959861872,-0.8625 -86.9857590094248,40.4842289928858,-0.89375 -86.9853449843245,40.4840129787918,-1.55625 -86.9851827302474,40.4839217020184,-1.4875</coordinates></LineString>
  </Placemark>
  <Placemark>
	<name>Feature 0032</name>
	<Style><LineStyle><color>ff0000ff</color></LineStyle><PolyStyle><fill>0</fill></PolyStyle></Style>
	<ExtendedData><SchemaData schemaUrl="#IQMaps_Pipes">
		<SimpleData name="Annotation"></SimpleData>
		<SimpleData name="AvgAlt">215.655419</SimpleData>
		<SimpleData name="AvgDepth">0.729688</SimpleData>
		<SimpleData name="Category">Pipe</SimpleData>
		<SimpleData name="Color">#7fff7f</SimpleData>
		<SimpleData name="Diameter">0.150000</SimpleData>
		<SimpleData name="IdNumber">27</SimpleData>
		<SimpleData name="MaxAlt">215.700000</SimpleData>
		<SimpleData name="MaxDepth">0.756250</SimpleData>
		<SimpleData name="MinAlt">215.607500</SimpleData>
		<SimpleData name="MinDepth">0.662500</SimpleData>
		<SimpleData name="PipeLen">39.460784</SimpleData>
		<SimpleData name="SRSId"></SimpleData>
		<SimpleData name="SRSName"></SimpleData>
		<SimpleData name="Type">Generic</SimpleData>
		<SimpleData name="Unit">Meters</SimpleData>
	</SchemaData></ExtendedData>
      <LineString><coordinates>-86.9859243678808,40.4846602826415,-0.75625 -86.9859167081824,40.4845643262652,-0.75 -86.9859083820815,40.4844704050973,-0.75 -86.9858913830254,40.4843067019991,-0.6625</coordinates></LineString>
  </Placemark>
  <Placemark>
	<name>Feature 0033</name>
	<Style><LineStyle><color>ff0000ff</color></LineStyle><PolyStyle><fill>0</fill></PolyStyle></Style>
	<ExtendedData><SchemaData schemaUrl="#IQMaps_Pipes">
		<SimpleData name="Annotation"></SimpleData>
		<SimpleData name="AvgAlt">213.543085</SimpleData>
		<SimpleData name="AvgDepth">0.907143</SimpleData>
		<SimpleData name="Category">Pipe</SimpleData>
		<SimpleData name="Color">#7fff7f</SimpleData>
		<SimpleData name="Diameter">0.150000</SimpleData>
		<SimpleData name="IdNumber">28</SimpleData>
		<SimpleData name="MaxAlt">214.265000</SimpleData>
		<SimpleData name="MaxDepth">0.993750</SimpleData>
		<SimpleData name="MinAlt">212.466250</SimpleData>
		<SimpleData name="MinDepth">0.725000</SimpleData>
		<SimpleData name="PipeLen">94.685611</SimpleData>
		<SimpleData name="SRSId"></SimpleData>
		<SimpleData name="SRSName"></SimpleData>
		<SimpleData name="Type">Generic</SimpleData>
		<SimpleData name="Unit">Meters</SimpleData>
	</SchemaData></ExtendedData>
      <LineString><coordinates>-86.9782777692481,40.481601309878,-0.99375 -86.9780576573919,40.4816799399636,-0.80625 -86.9779292191307,40.4817252846055,-0.99375 -86.9778006759414,40.4817725979952,-0.99375 -86.9776793240586,40.4818585165651,-0.99375 -86.9775507808692,40.481986304252,-0.725 -86.9774258858499,40.4821178312068,-0.84375</coordinates></LineString>
  </Placemark>
  <Placemark>
	<name>Feature 0034</name>
	<Style><LineStyle><color>ff0000ff</color></LineStyle><PolyStyle><fill>0</fill></PolyStyle></Style>
	<ExtendedData><SchemaData schemaUrl="#IQMaps_Pipes">
		<SimpleData name="Annotation"></SimpleData>
		<SimpleData name="AvgAlt">214.414051</SimpleData>
		<SimpleData name="AvgDepth">0.752679</SimpleData>
		<SimpleData name="Category">Pipe</SimpleData>
		<SimpleData name="Color">#7fff7f</SimpleData>
		<SimpleData name="Diameter">0.150000</SimpleData>
		<SimpleData name="IdNumber">29</SimpleData>
		<SimpleData name="MaxAlt">214.585465</SimpleData>
		<SimpleData name="MaxDepth">0.868750</SimpleData>
		<SimpleData name="MinAlt">214.257398</SimpleData>
		<SimpleData name="MinDepth">0.675000</SimpleData>
		<SimpleData name="PipeLen">96.741818</SimpleData>
		<SimpleData name="SRSId"></SimpleData>
		<SimpleData name="SRSName"></SimpleData>
		<SimpleData name="Type">Generic</SimpleData>
		<SimpleData name="Unit">Meters</SimpleData>
	</SchemaData></ExtendedData>
      <LineString><coordinates>-86.9774190719014,40.4845219447706,-0.83125 -86.9776764678014,40.4845215073217,-0.675 -86.9778043240586,40.4845273808673,-0.7375 -86.9779259700591,40.484524744201,-0.75 -86.9780531243595,40.4845296993246,-0.86875 -86.9781843240585,40.4845272912182,-0.725 -86.9785607155814,40.4845412751509,-0.68125</coordinates></LineString>
  </Placemark>
  <Placemark>
	<name>Feature 0037</name>
	<Style><LineStyle><color>ff0000ff</color></LineStyle><PolyStyle><fill>0</fill></PolyStyle></Style>
	<ExtendedData><SchemaData schemaUrl="#IQMaps_Pipes">
		<SimpleData name="Annotation"></SimpleData>
		<SimpleData name="AvgAlt">214.494833</SimpleData>
		<SimpleData name="AvgDepth">0.844231</SimpleData>
		<SimpleData name="Category">Pipe</SimpleData>
		<SimpleData name="Color">#7fff7f</SimpleData>
		<SimpleData name="Diameter">0.150000</SimpleData>
		<SimpleData name="IdNumber">30</SimpleData>
		<SimpleData name="MaxAlt">215.348750</SimpleData>
		<SimpleData name="MaxDepth">1.006250</SimpleData>
		<SimpleData name="MinAlt">213.395000</SimpleData>
		<SimpleData name="MinDepth">0.625000</SimpleData>
		<SimpleData name="PipeLen">237.670473</SimpleData>
		<SimpleData name="SRSId"></SimpleData>
		<SimpleData name="SRSName"></SimpleData>
		<SimpleData name="Type">Generic</SimpleData>
		<SimpleData name="Unit">Meters</SimpleData>
	</SchemaData></ExtendedData>
      <LineString><coordinates>-86.9801926573302,40.4827372120949,-0.625 -86.9805675524434,40.4824821363225,-0.7625 -86.9806874986779,40.4824131090535,-0.84375 -86.9808198377136,40.482328654231,-0.95 -86.9809442190774,40.482255060047,-0.8 -86.9810673427682,40.4821779000655,-0.8 -86.9813224475886,40.4820193522545,-0.95 -86.9814526572341,40.4819766231103,-0.90625 -86.9815774475886,40.4819525724659,-1.00625 -86.9820805137333,40.4818804366236,-0.9875 -86.9823324313341,40.4818454758844,-0.78125 -86.9824594862668,40.4818274655528,-0.78125 -86.9826229380808,40.4818035228085,-0.78125</coordinates></LineString>
  </Placemark>
  <Placemark>
	<name>Feature 0039</name>
	<Style><LineStyle><color>ff0000ff</color></LineStyle><PolyStyle><fill>0</fill></PolyStyle></Style>
	<ExtendedData><SchemaData schemaUrl="#IQMaps_Pipes">
		<SimpleData name="Annotation"></SimpleData>
		<SimpleData name="AvgAlt">215.038866</SimpleData>
		<SimpleData name="AvgDepth">0.997321</SimpleData>
		<SimpleData name="Category">Pipe</SimpleData>
		<SimpleData name="Color">#7fff7f</SimpleData>
		<SimpleData name="Diameter">0.150000</SimpleData>
		<SimpleData name="IdNumber">31</SimpleData>
		<SimpleData name="MaxAlt">215.306866</SimpleData>
		<SimpleData name="MaxDepth">1.381250</SimpleData>
		<SimpleData name="MinAlt">214.647697</SimpleData>
		<SimpleData name="MinDepth">0.737500</SimpleData>
		<SimpleData name="PipeLen">69.471155</SimpleData>
		<SimpleData name="SRSId"></SimpleData>
		<SimpleData name="SRSName"></SimpleData>
		<SimpleData name="Type">Generic</SimpleData>
		<SimpleData name="Unit">Meters</SimpleData>
	</SchemaData></ExtendedData>
      <LineString><coordinates>-86.982081128438,40.4821433038994,-0.7375 -86.9822084338151,40.4821170918383,-0.8625 -86.9823347775715,40.4821042491221,-0.81875 -86.9824625524136,40.4821189789842,-1.0375 -86.9825840094259,40.4821583826719,-1.025 -86.9827125524135,40.4822134561086,-1.11875 -86.9828340094261,40.4822832863608,-1.38125</coordinates></LineString>
  </Placemark>
  <Placemark>
	<name>Feature 0041</name>
	<Style><LineStyle><color>ff0000ff</color></LineStyle><PolyStyle><fill>0</fill></PolyStyle></Style>
	<ExtendedData><SchemaData schemaUrl="#IQMaps_Pipes">
		<SimpleData name="Annotation"></SimpleData>
		<SimpleData name="AvgAlt">215.130566</SimpleData>
		<SimpleData name="AvgDepth">0.992708</SimpleData>
		<SimpleData name="Category">Pipe</SimpleData>
		<SimpleData name="Color">#7fff7f</SimpleData>
		<SimpleData name="Diameter">0.150000</SimpleData>
		<SimpleData name="IdNumber">32</SimpleData>
		<SimpleData name="MaxAlt">215.412967</SimpleData>
		<SimpleData name="MaxDepth">1.056250</SimpleData>
		<SimpleData name="MinAlt">214.823750</SimpleData>
		<SimpleData name="MinDepth">0.968750</SimpleData>
		<SimpleData name="PipeLen">92.174252</SimpleData>
		<SimpleData name="SRSId"></SimpleData>
		<SimpleData name="SRSName"></SimpleData>
		<SimpleData name="Type">Generic</SimpleData>
		<SimpleData name="Unit">Meters</SimpleData>
	</SchemaData></ExtendedData>
      <LineString><coordinates>-86.9832143239072,40.479824708825,-1.05625 -86.9832143239072,40.48000373388,-1.025 -86.9832217886659,40.4800826595945,-0.96875 -86.9832283922065,40.4802753545438,-0.96875 -86.9832365629211,40.4804630418489,-0.96875 -86.9832390817464,40.4806523403998,-0.96875</coordinates></LineString>
  </Placemark>
  <Placemark>
	<name>Feature 0042</name>
	<Style><LineStyle><color>ff0000ff</color></LineStyle><PolyStyle><fill>0</fill></PolyStyle></Style>
	<ExtendedData><SchemaData schemaUrl="#IQMaps_Pipes">
		<SimpleData name="Annotation"></SimpleData>
		<SimpleData name="AvgAlt">214.276562</SimpleData>
		<SimpleData name="AvgDepth">0.885227</SimpleData>
		<SimpleData name="Category">Pipe</SimpleData>
		<SimpleData name="Color">#7fff7f</SimpleData>
		<SimpleData name="Diameter">0.150000</SimpleData>
		<SimpleData name="IdNumber">33</SimpleData>
		<SimpleData name="MaxAlt">214.712535</SimpleData>
		<SimpleData name="MaxDepth">1.550000</SimpleData>
		<SimpleData name="MinAlt">213.960579</SimpleData>
		<SimpleData name="MinDepth">0.668750</SimpleData>
		<SimpleData name="PipeLen">218.298340</SimpleData>
		<SimpleData name="SRSId"></SimpleData>
		<SimpleData name="SRSName"></SimpleData>
		<SimpleData name="Type">Generic</SimpleData>
		<SimpleData name="Unit">Meters</SimpleData>
	</SchemaData></ExtendedData>
      <LineString><coordinates>-86.9845059905749,40.4795048280022,-1.55 -86.9843791142527,40.4794219012391,-1.175 -86.9841191142531,40.4792685492619,-0.74375 -86.9839958857468,40.4791868189252,-0.84375 -86.9838793239081,40.4791110708825,-0.84375 -86.9837476572399,40.4790267289355,-0.8 -86.9836156761488,40.4789414522657,-0.8125 -86.9830893239073,40.47859355912,-0.73125 -86.982961373203,40.4785067881345,-0.7125 -86.9828410954013,40.4784196049049,-0.66875 -86.9825866713348,40.4782001112498,-0.85625</coordinates></LineString>
  </Placemark>
  <Placemark>
	<name>Feature 0043</name>
	<Style><LineStyle><color>ff0000ff</color></LineStyle><PolyStyle><fill>0</fill></PolyStyle></Style>
	<ExtendedData><SchemaData schemaUrl="#IQMaps_Pipes">
		<SimpleData name="Annotation"></SimpleData>
		<SimpleData name="AvgAlt">215.376454</SimpleData>
		<SimpleData name="AvgDepth">0.782292</SimpleData>
		<SimpleData name="Category">Pipe</SimpleData>
		<SimpleData name="Color">#7fff7f</SimpleData>
		<SimpleData name="Diameter">0.150000</SimpleData>
		<SimpleData name="IdNumber">34</SimpleData>
		<SimpleData name="MaxAlt">215.805000</SimpleData>
		<SimpleData name="MaxDepth">1.112500</SimpleData>
		<SimpleData name="MinAlt">215.052383</SimpleData>
		<SimpleData name="MinDepth">0.662500</SimpleData>
		<SimpleData name="PipeLen">57.977477</SimpleData>
		<SimpleData name="SRSId"></SimpleData>
		<SimpleData name="SRSName"></SimpleData>
		<SimpleData name="Type">Generic</SimpleData>
		<SimpleData name="Unit">Meters</SimpleData>
	</SchemaData></ExtendedData>
      <LineString><coordinates>-86.9858864446043,40.4798771709244,-0.7875 -86.9860136077167,40.4799875019654,-0.6625 -86.9861408857473,40.4801002078203,-0.78125 -86.9861985961875,40.4801487146331,-0.675 -86.9862346693302,40.4801819538396,-0.675 -86.9863221804077,40.4802780704193,-1.1125</coordinates></LineString>
  </Placemark>
  <Placemark>
	<name>Feature 0044</name>
	<Style><LineStyle><color>ff0000ff</color></LineStyle><PolyStyle><fill>0</fill></PolyStyle></Style>
	<ExtendedData><SchemaData schemaUrl="#IQMaps_Pipes">
		<SimpleData name="Annotation"></SimpleData>
		<SimpleData name="AvgAlt">215.545000</SimpleData>
		<SimpleData name="AvgDepth">0.925000</SimpleData>
		<SimpleData name="Category">Pipe</SimpleData>
		<SimpleData name="Color">#7fff7f</SimpleData>
		<SimpleData name="Diameter">0.150000</SimpleData>
		<SimpleData name="IdNumber">35</SimpleData>
		<SimpleData name="MaxAlt">215.580000</SimpleData>
		<SimpleData name="MaxDepth">0.950000</SimpleData>
		<SimpleData name="MinAlt">215.475000</SimpleData>
		<SimpleData name="MinDepth">0.875000</SimpleData>
		<SimpleData name="PipeLen">37.169039</SimpleData>
		<SimpleData name="SRSId"></SimpleData>
		<SimpleData name="SRSName"></SimpleData>
		<SimpleData name="Type">Generic</SimpleData>
		<SimpleData name="Unit">Meters</SimpleData>
	</SchemaData></ExtendedData>
      <LineString><coordinates>-86.9838730990633,40.4806828342098,-0.95 -86.9838827620693,40.4807031459815,-0.95 -86.9837425524134,40.4804096264013,-0.875</coordinates></LineString>
  </Placemark>
  <Placemark>
	<name>Feature 0045</name>
	<Style><LineStyle><color>ff0000ff</color></LineStyle><PolyStyle><fill>0</fill></PolyStyle></Style>
	<ExtendedData><SchemaData schemaUrl="#IQMaps_Pipes">
		<SimpleData name="Annotation"></SimpleData>
		<SimpleData name="AvgAlt">214.320008</SimpleData>
		<SimpleData name="AvgDepth">0.770833</SimpleData>
		<SimpleData name="Category">Pipe</SimpleData>
		<SimpleData name="Color">#7fff7f</SimpleData>
		<SimpleData name="Diameter">0.150000</SimpleData>
		<SimpleData name="IdNumber">36</SimpleData>
		<SimpleData name="MaxAlt">214.406299</SimpleData>
		<SimpleData name="MaxDepth">0.787500</SimpleData>
		<SimpleData name="MinAlt">214.262500</SimpleData>
		<SimpleData name="MinDepth">0.743750</SimpleData>
		<SimpleData name="PipeLen">38.019946</SimpleData>
		<SimpleData name="SRSId"></SimpleData>
		<SimpleData name="SRSName"></SimpleData>
		<SimpleData name="Type">Generic</SimpleData>
		<SimpleData name="Unit">Meters</SimpleData>
	</SchemaData></ExtendedData>
      <LineString><coordinates>-86.9860138105839,40.4826387438445,-0.78125 -86.9857590094248,40.4827508947042,-0.74375 -86.9856329371303,40.4828190164453,-0.7875</coordinates></LineString>
  </Placemark>
  <Placemark>
	<name>Feature 0047</name>
	<Style><LineStyle><color>ff0000ff</color></LineStyle><PolyStyle><fill>0</fill></PolyStyle></Style>
	<ExtendedData><SchemaData schemaUrl="#IQMaps_Pipes">
		<SimpleData name="Annotation"></SimpleData>
		<SimpleData name="AvgAlt">215.466736</SimpleData>
		<SimpleData name="AvgDepth">0.920000</SimpleData>
		<SimpleData name="Category">Pipe</SimpleData>
		<SimpleData name="Color">#7fff7f</SimpleData>
		<SimpleData name="Diameter">0.150000</SimpleData>
		<SimpleData name="IdNumber">37</SimpleData>
		<SimpleData name="MaxAlt">215.594590</SimpleData>
		<SimpleData name="MaxDepth">1.075000</SimpleData>
		<SimpleData name="MinAlt">215.265000</SimpleData>
		<SimpleData name="MinDepth">0.850000</SimpleData>
		<SimpleData name="PipeLen">108.822734</SimpleData>
		<SimpleData name="SRSId"></SimpleData>
		<SimpleData name="SRSName"></SimpleData>
		<SimpleData name="Type">Generic</SimpleData>
		<SimpleData name="Unit">Meters</SimpleData>
	</SchemaData></ExtendedData>
      <LineString><coordinates>-86.9832143239073,40.4746984773084,-0.975 -86.9833392190802,40.4746983660564,-0.85 -86.9834641142983,40.4747031308909,-0.85 -86.9839976572404,40.4747080126861,-0.85 -86.9844992190801,40.4747083434776,-1.075</coordinates></LineString>
  </Placemark>
  <Placemark>
	<name>Feature 0048</name>
	<Style><LineStyle><color>ff0000ff</color></LineStyle><PolyStyle><fill>0</fill></PolyStyle></Style>
	<ExtendedData><SchemaData schemaUrl="#IQMaps_Pipes">
		<SimpleData name="Annotation"></SimpleData>
		<SimpleData name="AvgAlt">215.262074</SimpleData>
		<SimpleData name="AvgDepth">0.780263</SimpleData>
		<SimpleData name="Category">Pipe</SimpleData>
		<SimpleData name="Color">#7fff7f</SimpleData>
		<SimpleData name="Diameter">0.150000</SimpleData>
		<SimpleData name="IdNumber">38</SimpleData>
		<SimpleData name="MaxAlt">215.817500</SimpleData>
		<SimpleData name="MaxDepth">1.031250</SimpleData>
		<SimpleData name="MinAlt">214.211013</SimpleData>
		<SimpleData name="MinDepth">0.637500</SimpleData>
		<SimpleData name="PipeLen">226.746353</SimpleData>
		<SimpleData name="SRSId"></SimpleData>
		<SimpleData name="SRSName"></SimpleData>
		<SimpleData name="Type">Generic</SimpleData>
		<SimpleData name="Unit">Meters</SimpleData>
	</SchemaData></ExtendedData>
      <LineString><coordinates>-86.9855075524135,40.4827882015926,-0.80625 -86.9855028192866,40.4826721291205,-0.80625 -86.985504733818,40.4825759929302,-0.80625 -86.9854996084684,40.4824853545454,-0.6875 -86.9854977083001,40.482387659595,-0.6875 -86.9854957921954,40.4822893262683,-0.80625 -86.9854951552681,40.4821926596007,-0.80625 -86.9854922832961,40.4820006737325,-0.80625 -86.9854881705901,40.4819053545334,-0.80625 -86.9854903183964,40.4818046454635,-0.80625 -86.9854893756026,40.4817096454608,-0.80625 -86.9854883655184,40.4816156737363,-0.80625 -86.9854869074539,40.4815190070706,-1.03125 -86.9854864718182,40.481419645452,-0.76875 -86.9854831867533,40.4813243262608,-0.8125 -86.9854835785187,40.4812276595931,-0.8125 -86.9854812656844,40.4810329787737,-0.6625 -86.98547879241,40.4809393262645,-0.6625 -86.9854765623558,40.4807517020201,-0.6375</coordinates></LineString>
  </Placemark>
  <Placemark>
	<name>Feature 0049</name>
	<Style><LineStyle><color>ff0000ff</color></LineStyle><PolyStyle><fill>0</fill></PolyStyle></Style>
	<ExtendedData><SchemaData schemaUrl="#IQMaps_Pipes">
		<SimpleData name="Annotation"></SimpleData>
		<SimpleData name="AvgAlt">215.372801</SimpleData>
		<SimpleData name="AvgDepth">0.874107</SimpleData>
		<SimpleData name="Category">Pipe</SimpleData>
		<SimpleData name="Color">#7fff7f</SimpleData>
		<SimpleData name="Diameter">0.150000</SimpleData>
		<SimpleData name="IdNumber">39</SimpleData>
		<SimpleData name="MaxAlt">215.789449</SimpleData>
		<SimpleData name="MaxDepth">0.975000</SimpleData>
		<SimpleData name="MinAlt">214.765000</SimpleData>
		<SimpleData name="MinDepth">0.637500</SimpleData>
		<SimpleData name="PipeLen">203.546614</SimpleData>
		<SimpleData name="SRSId"></SimpleData>
		<SimpleData name="SRSName"></SimpleData>
		<SimpleData name="Type">Generic</SimpleData>
		<SimpleData name="Unit">Meters</SimpleData>
	</SchemaData></ExtendedData>
      <LineString><coordinates>-86.984981078042,40.4807490070707,-0.6375 -86.9849791145705,40.4808453545425,-0.725 -86.984980712604,40.4809420212062,-0.825 -86.9849829815084,40.4810356737421,-0.825 -86.984982453393,40.4811309929255,-0.975 -86.9849852203996,40.4812290070735,-0.975 -86.9849854128658,40.4813256737392,-0.975 -86.9849886561255,40.4815204286392,-0.96875 -86.9849892480931,40.4817125268502,-0.925 -86.9849931518709,40.4819053545334,-0.95625 -86.9849974258144,40.4821953545309,-0.925 -86.9849989183187,40.482387659595,-0.8875 -86.9849993762427,40.4824813121213,-0.8625 -86.9850016578376,40.4825773404031,-0.775</coordinates></LineString>
  </Placemark>
  <Placemark>
	<name>Feature 0050</name>
	<Style><LineStyle><color>ff0000ff</color></LineStyle><PolyStyle><fill>0</fill></PolyStyle></Style>
	<ExtendedData><SchemaData schemaUrl="#IQMaps_Pipes">
		<SimpleData name="Annotation"></SimpleData>
		<SimpleData name="AvgAlt">215.288017</SimpleData>
		<SimpleData name="AvgDepth">0.781250</SimpleData>
		<SimpleData name="Category">Pipe</SimpleData>
		<SimpleData name="Color">#7fff7f</SimpleData>
		<SimpleData name="Diameter">0.150000</SimpleData>
		<SimpleData name="IdNumber">40</SimpleData>
		<SimpleData name="MaxAlt">215.850000</SimpleData>
		<SimpleData name="MaxDepth">0.950000</SimpleData>
		<SimpleData name="MinAlt">214.656250</SimpleData>
		<SimpleData name="MinDepth">0.543750</SimpleData>
		<SimpleData name="PipeLen">224.934886</SimpleData>
		<SimpleData name="SRSId"></SimpleData>
		<SimpleData name="SRSName"></SimpleData>
		<SimpleData name="Type">Generic</SimpleData>
		<SimpleData name="Unit">Meters</SimpleData>
	</SchemaData></ExtendedData>
      <LineString><coordinates>-86.9845504348613,40.4827693262655,-0.54375 -86.9845543318231,40.482671312127,-0.78125 -86.984555032809,40.4825746454574,-0.7 -86.9845519276063,40.4823846454517,-0.7875 -86.9845439887506,40.4820973403981,-0.85 -86.984541908386,40.481807340401,-0.825 -86.9845420676489,40.4817109929314,-0.80625 -86.9845359563713,40.4815190070706,-0.95 -86.9845411605338,40.4811323404079,-0.925 -86.9845378531269,40.4809390070688,-0.825 -86.9845328592219,40.4807490070707,-0.6</coordinates></LineString>
  </Placemark>
  <Placemark>
	<name>Feature 0051</name>
	<Style><LineStyle><color>ff0000ff</color></LineStyle><PolyStyle><fill>0</fill></PolyStyle></Style>
	<ExtendedData><SchemaData schemaUrl="#IQMaps_Pipes">
		<SimpleData name="Annotation"></SimpleData>
		<SimpleData name="AvgAlt">215.249203</SimpleData>
		<SimpleData name="AvgDepth">0.789583</SimpleData>
		<SimpleData name="Category">Pipe</SimpleData>
		<SimpleData name="Color">#7fff7f</SimpleData>
		<SimpleData name="Diameter">0.150000</SimpleData>
		<SimpleData name="IdNumber">41</SimpleData>
		<SimpleData name="MaxAlt">215.871577</SimpleData>
		<SimpleData name="MaxDepth">0.987500</SimpleData>
		<SimpleData name="MinAlt">214.190979</SimpleData>
		<SimpleData name="MinDepth">0.600000</SimpleData>
		<SimpleData name="PipeLen">246.991071</SimpleData>
		<SimpleData name="SRSId"></SimpleData>
		<SimpleData name="SRSName"></SimpleData>
		<SimpleData name="Type">Generic</SimpleData>
		<SimpleData name="Unit">Meters</SimpleData>
	</SchemaData></ExtendedData>
      <LineString><coordinates>-86.9842464641923,40.4807490070707,-0.6 -86.9842433678429,40.4808423404032,-0.6 -86.9842335008512,40.4812276595931,-0.93125 -86.9842381422676,40.4819026595999,-0.70625 -86.9842313938113,40.4827676864502,-0.9875 -86.9842913965762,40.4829623404054,-0.9125</coordinates></LineString>
  </Placemark>
  <Placemark>
	<name>Feature 0052</name>
	<Style><LineStyle><color>ff0000ff</color></LineStyle><PolyStyle><fill>0</fill></PolyStyle></Style>
	<ExtendedData><SchemaData schemaUrl="#IQMaps_Pipes">
		<SimpleData name="Annotation"></SimpleData>
		<SimpleData name="AvgAlt">214.265769</SimpleData>
		<SimpleData name="AvgDepth">0.848864</SimpleData>
		<SimpleData name="Category">Pipe</SimpleData>
		<SimpleData name="Color">#7fff7f</SimpleData>
		<SimpleData name="Diameter">0.150000</SimpleData>
		<SimpleData name="IdNumber">42</SimpleData>
		<SimpleData name="MaxAlt">214.875399</SimpleData>
		<SimpleData name="MaxDepth">1.131250</SimpleData>
		<SimpleData name="MinAlt">213.145000</SimpleData>
		<SimpleData name="MinDepth">0.518750</SimpleData>
		<SimpleData name="PipeLen">149.736748</SimpleData>
		<SimpleData name="SRSId"></SimpleData>
		<SimpleData name="SRSName"></SimpleData>
		<SimpleData name="Type">Generic</SimpleData>
		<SimpleData name="Unit">Meters</SimpleData>
	</SchemaData></ExtendedData>
      <LineString><coordinates>-86.9798154631418,40.4825746454574,-0.825 -86.97978680959,40.4827673404012,-0.7 -86.9797803613034,40.4828623404002,-0.7 -86.9797770489745,40.4829606737389,-0.925 -86.9797697800356,40.4830573404046,-1.06875 -86.9797678459772,40.4831536878773,-1.06875 -86.9797604988036,40.4832490070693,-1.13125 -86.9797494664795,40.4835343262669,-0.51875 -86.9797431040725,40.4836306737399,-0.71875 -86.9797410730984,40.4837286878834,-0.71875 -86.9797408689728,40.4839176595963,-0.9625</coordinates></LineString>
  </Placemark>
  <Placemark>
	<name>Feature 0053</name>
	<Style><LineStyle><color>ff0000ff</color></LineStyle><PolyStyle><fill>0</fill></PolyStyle></Style>
	<ExtendedData><SchemaData schemaUrl="#IQMaps_Pipes">
		<SimpleData name="Annotation"></SimpleData>
		<SimpleData name="AvgAlt">213.925247</SimpleData>
		<SimpleData name="AvgDepth">0.938750</SimpleData>
		<SimpleData name="Category">Pipe</SimpleData>
		<SimpleData name="Color">#7fff7f</SimpleData>
		<SimpleData name="Diameter">0.150000</SimpleData>
		<SimpleData name="IdNumber">43</SimpleData>
		<SimpleData name="MaxAlt">214.368750</SimpleData>
		<SimpleData name="MaxDepth">1.162500</SimpleData>
		<SimpleData name="MinAlt">213.407893</SimpleData>
		<SimpleData name="MinDepth">0.831250</SimpleData>
		<SimpleData name="PipeLen">96.237396</SimpleData>
		<SimpleData name="SRSId"></SimpleData>
		<SimpleData name="SRSName"></SimpleData>
		<SimpleData name="Type">Generic</SimpleData>
		<SimpleData name="Unit">Meters</SimpleData>
	</SchemaData></ExtendedData>
      <LineString><coordinates>-86.9795375940923,40.4810356737421,-1.1625 -86.9795291355501,40.4809403545625,-0.83125 -86.979513573487,40.4808406738592,-0.94375 -86.9795086481772,40.480746288306,-0.85 -86.9794939020983,40.4806520574319,-0.83125 -86.9794903265855,40.4805539313066,-0.96875 -86.9794874733285,40.4804637240996,-0.9375 -86.9794827730473,40.4803663794991,-0.925 -86.9794839266082,40.4802698164268,-0.96875 -86.9794771646981,40.4801731497551,-0.96875</coordinates></LineString>
  </Placemark>
  <Placemark>
	<name>Feature 0054</name>
	<Style><LineStyle><color>ff0000ff</color></LineStyle><PolyStyle><fill>0</fill></PolyStyle></Style>
	<ExtendedData><SchemaData schemaUrl="#IQMaps_Pipes">
		<SimpleData name="Annotation"></SimpleData>
		<SimpleData name="AvgAlt">213.976836</SimpleData>
		<SimpleData name="AvgDepth">1.006250</SimpleData>
		<SimpleData name="Category">Pipe</SimpleData>
		<SimpleData name="Color">#7fff7f</SimpleData>
		<SimpleData name="Diameter">0.150000</SimpleData>
		<SimpleData name="IdNumber">44</SimpleData>
		<SimpleData name="MaxAlt">214.083750</SimpleData>
		<SimpleData name="MaxDepth">1.006250</SimpleData>
		<SimpleData name="MinAlt">213.870683</SimpleData>
		<SimpleData name="MinDepth">1.006250</SimpleData>
		<SimpleData name="PipeLen">54.636910</SimpleData>
		<SimpleData name="SRSId"></SimpleData>
		<SimpleData name="SRSName"></SimpleData>
		<SimpleData name="Type">Generic</SimpleData>
		<SimpleData name="Unit">Meters</SimpleData>
	</SchemaData></ExtendedData>
      <LineString><coordinates>-86.9791666832884,40.4807362396851,-1.00625 -86.9791765604851,40.4808407558402,-1.00625 -86.9791792128403,40.4809276595901,-1.00625 -86.9791812884733,40.4810337737624,-1.00625 -86.9791752081615,40.481121016088,-1.00625 -86.979179016252,40.4812265843433,-1.00625</coordinates></LineString>
  </Placemark>
  <Placemark>
	<name>Feature 0055</name>
	<Style><LineStyle><color>ff0000ff</color></LineStyle><PolyStyle><fill>0</fill></PolyStyle></Style>
	<ExtendedData><SchemaData schemaUrl="#IQMaps_Pipes">
		<SimpleData name="Annotation"></SimpleData>
		<SimpleData name="AvgAlt">215.143866</SimpleData>
		<SimpleData name="AvgDepth">0.782955</SimpleData>
		<SimpleData name="Category">Pipe</SimpleData>
		<SimpleData name="Color">#7fff7f</SimpleData>
		<SimpleData name="Diameter">0.150000</SimpleData>
		<SimpleData name="IdNumber">45</SimpleData>
		<SimpleData name="MaxAlt">215.670000</SimpleData>
		<SimpleData name="MaxDepth">0.868750</SimpleData>
		<SimpleData name="MinAlt">214.505000</SimpleData>
		<SimpleData name="MinDepth">0.625000</SimpleData>
		<SimpleData name="PipeLen">193.148364</SimpleData>
		<SimpleData name="SRSId"></SimpleData>
		<SimpleData name="SRSName"></SimpleData>
		<SimpleData name="Type">Generic</SimpleData>
		<SimpleData name="Unit">Meters</SimpleData>
	</SchemaData></ExtendedData>
      <LineString><coordinates>-86.9860140247844,40.4825783686821,-0.625 -86.9860113249313,40.482482659596,-0.625 -86.9860070003604,40.4823846454517,-0.85625 -86.9860044508688,40.4821940070659,-0.76875 -86.9860015843119,40.4820006737325,-0.86875 -86.9860012820243,40.4818086878696,-0.85 -86.9860003845416,40.4817109929314,-0.83125 -86.9860004609173,40.4816143262636,-0.83125 -86.9859975421919,40.481517659596,-0.83125 -86.9859986447441,40.4809420212062,-0.825 -86.9859996536553,40.4808434507161,-0.7</coordinates></LineString>
  </Placemark>
  <Placemark>
	<name>Feature 0056</name>
	<Style><LineStyle><color>ff0000ff</color></LineStyle><PolyStyle><fill>0</fill></PolyStyle></Style>
	<ExtendedData><SchemaData schemaUrl="#IQMaps_Pipes">
		<SimpleData name="Annotation"></SimpleData>
		<SimpleData name="AvgAlt">215.341863</SimpleData>
		<SimpleData name="AvgDepth">0.842500</SimpleData>
		<SimpleData name="Category">Pipe</SimpleData>
		<SimpleData name="Color">#7fff7f</SimpleData>
		<SimpleData name="Diameter">0.150000</SimpleData>
		<SimpleData name="IdNumber">46</SimpleData>
		<SimpleData name="MaxAlt">215.413453</SimpleData>
		<SimpleData name="MaxDepth">0.931250</SimpleData>
		<SimpleData name="MinAlt">215.221250</SimpleData>
		<SimpleData name="MinDepth">0.781250</SimpleData>
		<SimpleData name="PipeLen">47.309184</SimpleData>
		<SimpleData name="SRSId"></SimpleData>
		<SimpleData name="SRSName"></SimpleData>
		<SimpleData name="Type">Generic</SimpleData>
		<SimpleData name="Unit">Meters</SimpleData>
	</SchemaData></ExtendedData>
      <LineString><coordinates>-86.9860547107744,40.4818070260183,-0.86875 -86.9861560799946,40.4817096454608,-0.78125 -86.9862186057872,40.4816156737363,-0.7875 -86.9862309332643,40.481517659596,-0.84375 -86.9862412976626,40.4814209929284,-0.93125</coordinates></LineString>
  </Placemark>
  <Placemark>
	<name>Feature 0057</name>
	<Style><LineStyle><color>ff0000ff</color></LineStyle><PolyStyle><fill>0</fill></PolyStyle></Style>
	<ExtendedData><SchemaData schemaUrl="#IQMaps_Pipes">
		<SimpleData name="Annotation"></SimpleData>
		<SimpleData name="AvgAlt">215.318265</SimpleData>
		<SimpleData name="AvgDepth">0.977344</SimpleData>
		<SimpleData name="Category">Pipe</SimpleData>
		<SimpleData name="Color">#7fff7f</SimpleData>
		<SimpleData name="Diameter">0.150000</SimpleData>
		<SimpleData name="IdNumber">47</SimpleData>
		<SimpleData name="MaxAlt">215.621250</SimpleData>
		<SimpleData name="MaxDepth">1.218750</SimpleData>
		<SimpleData name="MinAlt">215.086677</SimpleData>
		<SimpleData name="MinDepth">0.818750</SimpleData>
		<SimpleData name="PipeLen">104.923885</SimpleData>
		<SimpleData name="SRSId"></SimpleData>
		<SimpleData name="SRSName"></SimpleData>
		<SimpleData name="Type">Generic</SimpleData>
		<SimpleData name="Unit">Meters</SimpleData>
	</SchemaData></ExtendedData>
      <LineString><coordinates>-86.9854152257449,40.4805603545352,-0.825 -86.9853257622757,40.4804596454617,-1.21875 -86.9852357298788,40.4803671610329,-1.05 -86.9851397318704,40.4802733138207,-1.05 -86.9850548526338,40.4801788276963,-0.9625 -86.9848884655487,40.4799870574357,-0.81875 -86.9847507646674,40.4798435895566,-0.9375 -86.9846984475959,40.4797920574281,-0.95625</coordinates></LineString>
  </Placemark>
  <Placemark>
	<name>Feature 0060</name>
	<Style><LineStyle><color>ff0000ff</color></LineStyle><PolyStyle><fill>0</fill></PolyStyle></Style>
	<ExtendedData><SchemaData schemaUrl="#IQMaps_Pipes">
		<SimpleData name="Annotation"></SimpleData>
		<SimpleData name="AvgAlt">215.682597</SimpleData>
		<SimpleData name="AvgDepth">0.625000</SimpleData>
		<SimpleData name="Category">Pipe</SimpleData>
		<SimpleData name="Color">#7fff7f</SimpleData>
		<SimpleData name="Diameter">0.150000</SimpleData>
		<SimpleData name="IdNumber">48</SimpleData>
		<SimpleData name="MaxAlt">215.794309</SimpleData>
		<SimpleData name="MaxDepth">0.625000</SimpleData>
		<SimpleData name="MinAlt">215.608480</SimpleData>
		<SimpleData name="MinDepth">0.625000</SimpleData>
		<SimpleData name="PipeLen">75.102209</SimpleData>
		<SimpleData name="SRSId"></SimpleData>
		<SimpleData name="SRSName"></SimpleData>
		<SimpleData name="Type">Generic</SimpleData>
		<SimpleData name="Unit">Meters</SimpleData>
	</SchemaData></ExtendedData>
      <LineString><coordinates>-86.9843131316017,40.4739325290283,-0.625 -86.984314000695,40.4742211781105,-0.625 -86.9843092693,40.4746071661107,-0.625</coordinates></LineString>
  </Placemark>
  <Placemark>
	<name>Feature 0061</name>
	<Style><LineStyle><color>ff0000ff</color></LineStyle><PolyStyle><fill>0</fill></PolyStyle></Style>
	<ExtendedData><SchemaData schemaUrl="#IQMaps_Pipes">
		<SimpleData name="Annotation"></SimpleData>
		<SimpleData name="AvgAlt">215.648857</SimpleData>
		<SimpleData name="AvgDepth">0.640625</SimpleData>
		<SimpleData name="Category">Pipe</SimpleData>
		<SimpleData name="Color">#7fff7f</SimpleData>
		<SimpleData name="Diameter">0.150000</SimpleData>
		<SimpleData name="IdNumber">49</SimpleData>
		<SimpleData name="MaxAlt">215.701463</SimpleData>
		<SimpleData name="MaxDepth">0.693750</SimpleData>
		<SimpleData name="MinAlt">215.596250</SimpleData>
		<SimpleData name="MinDepth">0.587500</SimpleData>
		<SimpleData name="PipeLen">11.742695</SimpleData>
		<SimpleData name="SRSId"></SimpleData>
		<SimpleData name="SRSName"></SimpleData>
		<SimpleData name="Type">Generic</SimpleData>
		<SimpleData name="Unit">Meters</SimpleData>
	</SchemaData></ExtendedData>
      <LineString><coordinates>-86.984259428736,40.4742802853729,-0.69375 -86.9841207809198,40.4742819457658,-0.5875</coordinates></LineString>
  </Placemark>
  <Placemark>
	<name>Feature 0064</name>
	<Style><LineStyle><color>ff0000ff</color></LineStyle><PolyStyle><fill>0</fill></PolyStyle></Style>
	<ExtendedData><SchemaData schemaUrl="#IQMaps_Pipes">
		<SimpleData name="Annotation"></SimpleData>
		<SimpleData name="AvgAlt">215.742708</SimpleData>
		<SimpleData name="AvgDepth">0.815625</SimpleData>
		<SimpleData name="Category">Pipe</SimpleData>
		<SimpleData name="Color">#7fff7f</SimpleData>
		<SimpleData name="Diameter">0.150000</SimpleData>
		<SimpleData name="IdNumber">50</SimpleData>
		<SimpleData name="MaxAlt">215.816250</SimpleData>
		<SimpleData name="MaxDepth">0.881250</SimpleData>
		<SimpleData name="MinAlt">215.638750</SimpleData>
		<SimpleData name="MinDepth">0.793750</SimpleData>
		<SimpleData name="PipeLen">205.018523</SimpleData>
		<SimpleData name="SRSId"></SimpleData>
		<SimpleData name="SRSName"></SimpleData>
		<SimpleData name="Type">Generic</SimpleData>
		<SimpleData name="Unit">Meters</SimpleData>
	</SchemaData></ExtendedData>
      <LineString><coordinates>-86.9818284260174,40.475505207396,-0.79375 -86.9829607809198,40.475513288501,-0.88125 -86.9830857809197,40.4755140755015,-0.79375 -86.9832143239073,40.4755162284205,-0.79375 -86.9834676571046,40.4755172804666,-0.79375 -86.9842492190802,40.4755320800263,-0.8375</coordinates></LineString>
  </Placemark>
  <Placemark>
	<name>Feature 0065</name>
	<Style><LineStyle><color>ff0000ff</color></LineStyle><PolyStyle><fill>0</fill></PolyStyle></Style>
	<ExtendedData><SchemaData schemaUrl="#IQMaps_Pipes">
		<SimpleData name="Annotation"></SimpleData>
		<SimpleData name="AvgAlt">215.106811</SimpleData>
		<SimpleData name="AvgDepth">0.938125</SimpleData>
		<SimpleData name="Category">Pipe</SimpleData>
		<SimpleData name="Color">#7fff7f</SimpleData>
		<SimpleData name="Diameter">0.150000</SimpleData>
		<SimpleData name="IdNumber">51</SimpleData>
		<SimpleData name="MaxAlt">215.728750</SimpleData>
		<SimpleData name="MaxDepth">1.331250</SimpleData>
		<SimpleData name="MinAlt">214.187247</SimpleData>
		<SimpleData name="MinDepth">0.762500</SimpleData>
		<SimpleData name="PipeLen">171.724029</SimpleData>
		<SimpleData name="SRSId"></SimpleData>
		<SimpleData name="SRSName"></SimpleData>
		<SimpleData name="Type">Generic</SimpleData>
		<SimpleData name="Unit">Meters</SimpleData>
	</SchemaData></ExtendedData>
      <LineString><coordinates>-86.9816819555773,40.4755690070592,-0.83125 -86.9816796232379,40.4753773403945,-0.85 -86.9816743652998,40.4751815624668,-0.83125 -86.9816522073209,40.4748944016013,-1.01875 -86.9816533758623,40.4747979425678,-0.975 -86.9816490342941,40.4745087241005,-0.7625 -86.9816428970377,40.4743154943619,-0.8 -86.981647177716,40.4742196092311,-1.01875 -86.981645553902,40.4741246092306,-0.9625 -86.9816449803998,40.4740271610235,-1.33125</coordinates></LineString>
  </Placemark>
  <Placemark>
	<name>Feature 0066</name>
	<Style><LineStyle><color>ff0000ff</color></LineStyle><PolyStyle><fill>0</fill></PolyStyle></Style>
	<ExtendedData><SchemaData schemaUrl="#IQMaps_Pipes">
		<SimpleData name="Annotation"></SimpleData>
		<SimpleData name="AvgAlt">215.036525</SimpleData>
		<SimpleData name="AvgDepth">0.754464</SimpleData>
		<SimpleData name="Category">Pipe</SimpleData>
		<SimpleData name="Color">#7fff7f</SimpleData>
		<SimpleData name="Diameter">0.150000</SimpleData>
		<SimpleData name="IdNumber">52</SimpleData>
		<SimpleData name="MaxAlt">215.878122</SimpleData>
		<SimpleData name="MaxDepth">0.931250</SimpleData>
		<SimpleData name="MinAlt">213.635324</SimpleData>
		<SimpleData name="MinDepth">0.481250</SimpleData>
		<SimpleData name="PipeLen">266.767222</SimpleData>
		<SimpleData name="SRSId"></SimpleData>
		<SimpleData name="SRSName"></SimpleData>
		<SimpleData name="Type">Generic</SimpleData>
		<SimpleData name="Unit">Meters</SimpleData>
	</SchemaData></ExtendedData>
      <LineString><coordinates>-86.981037714038,40.4753759929388,-0.48125 -86.9810381441648,40.4755692704853,-0.8375 -86.9810412568047,40.475760673724,-0.61875 -86.9810395096331,40.4763312759003,-0.85 -86.9810328557271,40.47661822541,-0.65 -86.9810396707715,40.4774853907675,-0.9125 -86.9810289100955,40.4777721610332,-0.93125</coordinates></LineString>
  </Placemark>
  <Placemark>
	<name>Feature 0056</name>
	<Style><LineStyle><color>ff0000ff</color></LineStyle><PolyStyle><fill>0</fill></PolyStyle></Style>
	<ExtendedData><SchemaData schemaUrl="#IQMaps_Pipes">
		<SimpleData name="Annotation"></SimpleData>
		<SimpleData name="AvgAlt">214.645348</SimpleData>
		<SimpleData name="AvgDepth">1.025417</SimpleData>
		<SimpleData name="Category">Pipe</SimpleData>
		<SimpleData name="Color">#7fff7f</SimpleData>
		<SimpleData name="Diameter">0.150000</SimpleData>
		<SimpleData name="IdNumber">53</SimpleData>
		<SimpleData name="MaxAlt">215.069747</SimpleData>
		<SimpleData name="MaxDepth">1.337500</SimpleData>
		<SimpleData name="MinAlt">213.765917</SimpleData>
		<SimpleData name="MinDepth">0.850000</SimpleData>
		<SimpleData name="PipeLen">150.548404</SimpleData>
		<SimpleData name="SRSId"></SimpleData>
		<SimpleData name="SRSName"></SimpleData>
		<SimpleData name="Type">Generic</SimpleData>
		<SimpleData name="Unit">Meters</SimpleData>
	</SchemaData></ExtendedData>
      <LineString><coordinates>-86.9833259352545,40.4833476133947,-0.925 -86.9833310258981,40.4832511723004,-0.925 -86.9833357646673,40.4831412112284,-0.925 -86.9833423314837,40.4830571610295,-0.85 -86.9833540457187,40.482958648121,-0.875 -86.9833854267387,40.4828638277037,-0.9375 -86.9834116318109,40.4827681713255,-1.3375 -86.983414121183,40.4826737240999,-1.3375 -86.9834162291613,40.4825786205023,-1.075 -86.983425947463,40.4824852871717,-1 -86.9834356379185,40.4823847128255,-1 -86.9834440189398,40.4822896092356,-1 -86.9834441052199,40.4821937240982,-1 -86.9834436087601,40.4820962759024,-1.075 -86.9834500248611,40.482001953824,-1.11875</coordinates></LineString>
  </Placemark>
  <Placemark>
	<name>Feature 0057</name>
	<Style><LineStyle><color>ff0000ff</color></LineStyle><PolyStyle><fill>0</fill></PolyStyle></Style>
	<ExtendedData><SchemaData schemaUrl="#IQMaps_Pipes">
		<SimpleData name="Annotation"></SimpleData>
		<SimpleData name="AvgAlt">214.594428</SimpleData>
		<SimpleData name="AvgDepth">1.128125</SimpleData>
		<SimpleData name="Category">Pipe</SimpleData>
		<SimpleData name="Color">#7fff7f</SimpleData>
		<SimpleData name="Diameter">0.150000</SimpleData>
		<SimpleData name="IdNumber">54</SimpleData>
		<SimpleData name="MaxAlt">214.998750</SimpleData>
		<SimpleData name="MaxDepth">1.275000</SimpleData>
		<SimpleData name="MinAlt">214.371229</SimpleData>
		<SimpleData name="MinDepth">1.012500</SimpleData>
		<SimpleData name="PipeLen">119.343949</SimpleData>
		<SimpleData name="SRSId"></SimpleData>
		<SimpleData name="SRSName"></SimpleData>
		<SimpleData name="Type">Generic</SimpleData>
		<SimpleData name="Unit">Meters</SimpleData>
	</SchemaData></ExtendedData>
      <LineString><coordinates>-86.9832912744814,40.4830587241012,-1.09375 -86.9832105900576,40.4829095169905,-1.0125 -86.9831851924451,40.4826729425668,-1.275 -86.9831949047009,40.4819996092352,-1.13125</coordinates></LineString>
  </Placemark>
  <Placemark>
	<name>Feature 0058</name>
	<Style><LineStyle><color>ff0000ff</color></LineStyle><PolyStyle><fill>0</fill></PolyStyle></Style>
	<ExtendedData><SchemaData schemaUrl="#IQMaps_Pipes">
		<SimpleData name="Annotation"></SimpleData>
		<SimpleData name="AvgAlt">214.669405</SimpleData>
		<SimpleData name="AvgDepth">0.851442</SimpleData>
		<SimpleData name="Category">Pipe</SimpleData>
		<SimpleData name="Color">#7fff7f</SimpleData>
		<SimpleData name="Diameter">0.150000</SimpleData>
		<SimpleData name="IdNumber">55</SimpleData>
		<SimpleData name="MaxAlt">215.203750</SimpleData>
		<SimpleData name="MaxDepth">1.012500</SimpleData>
		<SimpleData name="MinAlt">213.627788</SimpleData>
		<SimpleData name="MinDepth">0.650000</SimpleData>
		<SimpleData name="PipeLen">143.348434</SimpleData>
		<SimpleData name="SRSId"></SimpleData>
		<SimpleData name="SRSName"></SimpleData>
		<SimpleData name="Type">Generic</SimpleData>
		<SimpleData name="Unit">Meters</SimpleData>
	</SchemaData></ExtendedData>
      <LineString><coordinates>-86.9829102548409,40.4819988277057,-0.85625 -86.9829136596492,40.4820983289535,-0.94375 -86.982916727262,40.4821968502171,-0.94375 -86.9829214320505,40.4822911722928,-0.90625 -86.9829234852255,40.4823854943621,-0.80625 -86.9829297181074,40.4824852871717,-0.875 -86.9829299332053,40.4825762758996,-0.7375 -86.9829328813153,40.4826729425668,-0.8125 -86.9829073241058,40.4828653907654,-0.65 -86.9828725891397,40.4830563794935,-0.83125 -86.9828555186716,40.4831538276979,-0.75 -86.9828402628563,40.4832484192029,-0.94375 -86.9828320430679,40.4832812524505,-1.0125</coordinates></LineString>
  </Placemark>
  <Placemark>
	<name>Feature 0059</name>
	<Style><LineStyle><color>ff0000ff</color></LineStyle><PolyStyle><fill>0</fill></PolyStyle></Style>
	<ExtendedData><SchemaData schemaUrl="#IQMaps_Pipes">
		<SimpleData name="Annotation"></SimpleData>
		<SimpleData name="AvgAlt">214.502351</SimpleData>
		<SimpleData name="AvgDepth">0.884375</SimpleData>
		<SimpleData name="Category">Pipe</SimpleData>
		<SimpleData name="Color">#7fff7f</SimpleData>
		<SimpleData name="Diameter">0.150000</SimpleData>
		<SimpleData name="IdNumber">56</SimpleData>
		<SimpleData name="MaxAlt">215.019468</SimpleData>
		<SimpleData name="MaxDepth">1.143750</SimpleData>
		<SimpleData name="MinAlt">213.822325</SimpleData>
		<SimpleData name="MinDepth">0.668750</SimpleData>
		<SimpleData name="PipeLen">118.902793</SimpleData>
		<SimpleData name="SRSId"></SimpleData>
		<SimpleData name="SRSName"></SimpleData>
		<SimpleData name="Type">Generic</SimpleData>
		<SimpleData name="Unit">Meters</SimpleData>
	</SchemaData></ExtendedData>
      <LineString><coordinates>-86.9825601542565,40.4831563944533,-0.85 -86.9825877614629,40.4830579425653,-0.85 -86.9826080176002,40.482962838972,-0.85 -86.9826287512663,40.4828646092345,-0.66875 -86.9826506240076,40.4827690475644,-0.75 -86.9826462434692,40.4823831497525,-1.14375 -86.982640349718,40.4822888277071,-0.96875 -86.9826365923957,40.4820946092357,-0.99375</coordinates></LineString>
  </Placemark>
  <Placemark>
	<name>Feature 0061</name>
	<Style><LineStyle><color>ff0000ff</color></LineStyle><PolyStyle><fill>0</fill></PolyStyle></Style>
	<ExtendedData><SchemaData schemaUrl="#IQMaps_Pipes">
		<SimpleData name="Annotation"></SimpleData>
		<SimpleData name="AvgAlt">215.339287</SimpleData>
		<SimpleData name="AvgDepth">1.001786</SimpleData>
		<SimpleData name="Category">Pipe</SimpleData>
		<SimpleData name="Color">#7fff7f</SimpleData>
		<SimpleData name="Diameter">0.150000</SimpleData>
		<SimpleData name="IdNumber">57</SimpleData>
		<SimpleData name="MaxAlt">215.512545</SimpleData>
		<SimpleData name="MaxDepth">1.162500</SimpleData>
		<SimpleData name="MinAlt">215.182145</SimpleData>
		<SimpleData name="MinDepth">0.837500</SimpleData>
		<SimpleData name="PipeLen">279.365893</SimpleData>
		<SimpleData name="SRSId"></SimpleData>
		<SimpleData name="SRSName"></SimpleData>
		<SimpleData name="Type">Generic</SimpleData>
		<SimpleData name="Unit">Meters</SimpleData>
	</SchemaData></ExtendedData>
      <LineString><coordinates>-86.9822082078666,40.4815164375697,-0.91875 -86.9824625322114,40.4815213411828,-0.8375 -86.9825855137331,40.4815254092265,-0.98125 -86.9830870133533,40.4815283004789,-1.10625 -86.9837448745325,40.4815381153825,-1.1625 -86.9847511529336,40.4815367167394,-0.9375 -86.9855071803998,40.4815282464289,-1.06875</coordinates></LineString>
  </Placemark>
  <Placemark>
	<name>Feature 0062</name>
	<Style><LineStyle><color>ff0000ff</color></LineStyle><PolyStyle><fill>0</fill></PolyStyle></Style>
	<ExtendedData><SchemaData schemaUrl="#IQMaps_Pipes">
		<SimpleData name="Annotation"></SimpleData>
		<SimpleData name="AvgAlt">215.391011</SimpleData>
		<SimpleData name="AvgDepth">1.006250</SimpleData>
		<SimpleData name="Category">Pipe</SimpleData>
		<SimpleData name="Color">#7fff7f</SimpleData>
		<SimpleData name="Diameter">0.150000</SimpleData>
		<SimpleData name="IdNumber">58</SimpleData>
		<SimpleData name="MaxAlt">215.695000</SimpleData>
		<SimpleData name="MaxDepth">1.100000</SimpleData>
		<SimpleData name="MinAlt">215.150000</SimpleData>
		<SimpleData name="MinDepth">0.775000</SimpleData>
		<SimpleData name="PipeLen">39.411696</SimpleData>
		<SimpleData name="SRSId"></SimpleData>
		<SimpleData name="SRSName"></SimpleData>
		<SimpleData name="Type">Generic</SimpleData>
		<SimpleData name="Unit">Meters</SimpleData>
	</SchemaData></ExtendedData>
      <LineString><coordinates>-86.985643479479,40.4846580461657,-0.775 -86.9856386184433,40.4845661722984,-1.09375 -86.9856446129933,40.4844687241,-1.05625 -86.9856570945623,40.484304505629,-1.1</coordinates></LineString>
  </Placemark>
  <Placemark>
	<name>Feature 0064</name>
	<Style><LineStyle><color>ff0000ff</color></LineStyle><PolyStyle><fill>0</fill></PolyStyle></Style>
	<ExtendedData><SchemaData schemaUrl="#IQMaps_Pipes">
		<SimpleData name="Annotation"></SimpleData>
		<SimpleData name="AvgAlt">214.942049</SimpleData>
		<SimpleData name="AvgDepth">0.907813</SimpleData>
		<SimpleData name="Category">Pipe</SimpleData>
		<SimpleData name="Color">#7fff7f</SimpleData>
		<SimpleData name="Diameter">0.150000</SimpleData>
		<SimpleData name="IdNumber">59</SimpleData>
		<SimpleData name="MaxAlt">215.798750</SimpleData>
		<SimpleData name="MaxDepth">1.187500</SimpleData>
		<SimpleData name="MinAlt">213.662500</SimpleData>
		<SimpleData name="MinDepth">0.631250</SimpleData>
		<SimpleData name="PipeLen">149.991088</SimpleData>
		<SimpleData name="SRSId"></SimpleData>
		<SimpleData name="SRSName"></SimpleData>
		<SimpleData name="Type">Generic</SimpleData>
		<SimpleData name="Unit">Meters</SimpleData>
	</SchemaData></ExtendedData>
      <LineString><coordinates>-86.9851540516208,40.4846636878744,-0.63125 -86.9851654075288,40.4845690070681,-0.63125 -86.9851720826673,40.4844649646544,-0.6875 -86.9851703996624,40.4843023403999,-0.73125 -86.9851644592206,40.484208687869,-0.86875 -86.9851578791251,40.4841120212052,-0.9625 -86.9851520578539,40.484017021208,-0.93125 -86.9851245243122,40.4839163121223,-1.00625 -86.9850715271134,40.4837286878834,-1.08125 -86.9850228247385,40.4836323404066,-1.125 -86.9849570580783,40.483439326266,-1.05 -86.9849124269763,40.4833426595983,-1.1875</coordinates></LineString>
  </Placemark>
  <Placemark>
	<name>Feature 0065</name>
	<Style><LineStyle><color>ff0000ff</color></LineStyle><PolyStyle><fill>0</fill></PolyStyle></Style>
	<ExtendedData><SchemaData schemaUrl="#IQMaps_Pipes">
		<SimpleData name="Annotation"></SimpleData>
		<SimpleData name="AvgAlt">214.420960</SimpleData>
		<SimpleData name="AvgDepth">0.874107</SimpleData>
		<SimpleData name="Category">Pipe</SimpleData>
		<SimpleData name="Color">#7fff7f</SimpleData>
		<SimpleData name="Diameter">0.150000</SimpleData>
		<SimpleData name="IdNumber">60</SimpleData>
		<SimpleData name="MaxAlt">215.193932</SimpleData>
		<SimpleData name="MaxDepth">0.881250</SimpleData>
		<SimpleData name="MinAlt">213.590579</SimpleData>
		<SimpleData name="MinDepth">0.831250</SimpleData>
		<SimpleData name="PipeLen">93.618154</SimpleData>
		<SimpleData name="SRSId"></SimpleData>
		<SimpleData name="SRSName"></SimpleData>
		<SimpleData name="Type">Generic</SimpleData>
		<SimpleData name="Unit">Meters</SimpleData>
	</SchemaData></ExtendedData>
      <LineString><coordinates>-86.9826810395608,40.4836303907691,-0.88125 -86.9826864570624,40.4837253907686,-0.88125 -86.9826909695562,40.4838212758986,-0.88125 -86.9826969724062,40.4840137241002,-0.88125 -86.9827000533203,40.484108827701,-0.88125 -86.9827099504059,40.4843028389623,-0.88125 -86.9827550327157,40.4844674636031,-0.83125</coordinates></LineString>
  </Placemark>
  <Placemark>
	<name>Feature 0067</name>
	<Style><LineStyle><color>ff0000ff</color></LineStyle><PolyStyle><fill>0</fill></PolyStyle></Style>
	<ExtendedData><SchemaData schemaUrl="#IQMaps_Pipes">
		<SimpleData name="Annotation"></SimpleData>
		<SimpleData name="AvgAlt">214.837993</SimpleData>
		<SimpleData name="AvgDepth">0.769643</SimpleData>
		<SimpleData name="Category">Pipe</SimpleData>
		<SimpleData name="Color">#7fff7f</SimpleData>
		<SimpleData name="Diameter">0.150000</SimpleData>
		<SimpleData name="IdNumber">61</SimpleData>
		<SimpleData name="MaxAlt">214.986250</SimpleData>
		<SimpleData name="MaxDepth">0.893750</SimpleData>
		<SimpleData name="MinAlt">214.694621</SimpleData>
		<SimpleData name="MinDepth">0.650000</SimpleData>
		<SimpleData name="PipeLen">98.560603</SimpleData>
		<SimpleData name="SRSId"></SimpleData>
		<SimpleData name="SRSName"></SimpleData>
		<SimpleData name="Type">Generic</SimpleData>
		<SimpleData name="Unit">Meters</SimpleData>
	</SchemaData></ExtendedData>
      <LineString><coordinates>-86.9823372950614,40.4845658642225,-0.84375 -86.9822034111822,40.4844711723001,-0.84375 -86.9820780705336,40.4843942887354,-0.81875 -86.9819551254669,40.4843218328047,-0.6875 -86.9818305137333,40.4842457286299,-0.89375 -86.9814525686597,40.4842202642646,-0.65 -86.9813271803986,40.4842177907962,-0.65</coordinates></LineString>
  </Placemark>
  <Placemark>
	<name>Feature 0068</name>
	<Style><LineStyle><color>ff0000ff</color></LineStyle><PolyStyle><fill>0</fill></PolyStyle></Style>
	<ExtendedData><SchemaData schemaUrl="#IQMaps_Pipes">
		<SimpleData name="Annotation"></SimpleData>
		<SimpleData name="AvgAlt">214.731893</SimpleData>
		<SimpleData name="AvgDepth">0.851562</SimpleData>
		<SimpleData name="Category">Pipe</SimpleData>
		<SimpleData name="Color">#7fff7f</SimpleData>
		<SimpleData name="Diameter">0.150000</SimpleData>
		<SimpleData name="IdNumber">62</SimpleData>
		<SimpleData name="MaxAlt">214.886250</SimpleData>
		<SimpleData name="MaxDepth">0.906250</SimpleData>
		<SimpleData name="MinAlt">214.526193</SimpleData>
		<SimpleData name="MinDepth">0.843750</SimpleData>
		<SimpleData name="PipeLen">117.283596</SimpleData>
		<SimpleData name="SRSId"></SimpleData>
		<SimpleData name="SRSName"></SimpleData>
		<SimpleData name="Type">Generic</SimpleData>
		<SimpleData name="Unit">Meters</SimpleData>
	</SchemaData></ExtendedData>
      <LineString><coordinates>-86.981449486268,40.484312366049,-0.90625 -86.9813255137318,40.4843114349209,-0.84375 -86.9811985600324,40.4843095162611,-0.84375 -86.9810690980091,40.4843130632163,-0.84375 -86.9809467632381,40.4843105368935,-0.84375 -86.9808184588057,40.484311630783,-0.84375 -86.9805692354206,40.484310778544,-0.84375 -86.9800644862494,40.4843054935367,-0.84375</coordinates></LineString>
  </Placemark>
  <Placemark>
	<name>Feature 0069</name>
	<Style><LineStyle><color>ff0000ff</color></LineStyle><PolyStyle><fill>0</fill></PolyStyle></Style>
	<ExtendedData><SchemaData schemaUrl="#IQMaps_Pipes">
		<SimpleData name="Annotation"></SimpleData>
		<SimpleData name="AvgAlt">214.694686</SimpleData>
		<SimpleData name="AvgDepth">0.923611</SimpleData>
		<SimpleData name="Category">Pipe</SimpleData>
		<SimpleData name="Color">#7fff7f</SimpleData>
		<SimpleData name="Diameter">0.150000</SimpleData>
		<SimpleData name="IdNumber">63</SimpleData>
		<SimpleData name="MaxAlt">214.886250</SimpleData>
		<SimpleData name="MaxDepth">1.075000</SimpleData>
		<SimpleData name="MinAlt">214.476099</SimpleData>
		<SimpleData name="MinDepth">0.843750</SimpleData>
		<SimpleData name="PipeLen">102.675157</SimpleData>
		<SimpleData name="SRSId"></SimpleData>
		<SimpleData name="SRSName"></SimpleData>
		<SimpleData name="Type">Generic</SimpleData>
		<SimpleData name="Unit">Meters</SimpleData>
	</SchemaData></ExtendedData>
      <LineString><coordinates>-86.9796857645806,40.4845043063938,-0.95 -86.9798111215371,40.4844313954758,-0.98125 -86.9799415412515,40.4843499680613,-1.075 -86.9800665412514,40.484320325338,-0.95 -86.9801905137505,40.4843225033697,-0.89375 -86.9803151254152,40.4843234909633,-0.89375 -86.9804411529162,40.4843260914258,-0.8625 -86.9805682079188,40.4843237424213,-0.8625 -86.980821554267,40.4843277487318,-0.84375</coordinates></LineString>
  </Placemark>
  <Placemark>
	<name>Feature 0070</name>
	<Style><LineStyle><color>ff0000ff</color></LineStyle><PolyStyle><fill>0</fill></PolyStyle></Style>
	<ExtendedData><SchemaData schemaUrl="#IQMaps_Pipes">
		<SimpleData name="Annotation"></SimpleData>
		<SimpleData name="AvgAlt">214.818377</SimpleData>
		<SimpleData name="AvgDepth">0.758333</SimpleData>
		<SimpleData name="Category">Pipe</SimpleData>
		<SimpleData name="Color">#7fff7f</SimpleData>
		<SimpleData name="Diameter">0.150000</SimpleData>
		<SimpleData name="IdNumber">64</SimpleData>
		<SimpleData name="MaxAlt">214.865000</SimpleData>
		<SimpleData name="MaxDepth">0.775000</SimpleData>
		<SimpleData name="MinAlt">214.740130</SimpleData>
		<SimpleData name="MinDepth">0.750000</SimpleData>
		<SimpleData name="PipeLen">31.245435</SimpleData>
		<SimpleData name="SRSId"></SimpleData>
		<SimpleData name="SRSName"></SimpleData>
		<SimpleData name="Type">Generic</SimpleData>
		<SimpleData name="Unit">Meters</SimpleData>
	</SchemaData></ExtendedData>
      <LineString><coordinates>-86.9813900253447,40.4843015365208,-0.75 -86.9813095271117,40.4844720212071,-0.75 -86.9812704663531,40.4845670212107,-0.775</coordinates></LineString>
  </Placemark>
  <Placemark>
	<name>Feature 0067</name>
	<Style><LineStyle><color>ff0000ff</color></LineStyle><PolyStyle><fill>0</fill></PolyStyle></Style>
	<ExtendedData><SchemaData schemaUrl="#IQMaps_Pipes">
		<SimpleData name="Annotation"></SimpleData>
		<SimpleData name="AvgAlt">214.591157</SimpleData>
		<SimpleData name="AvgDepth">0.896250</SimpleData>
		<SimpleData name="Category">Pipe</SimpleData>
		<SimpleData name="Color">#7fff7f</SimpleData>
		<SimpleData name="Diameter">0.150000</SimpleData>
		<SimpleData name="IdNumber">65</SimpleData>
		<SimpleData name="MaxAlt">214.915357</SimpleData>
		<SimpleData name="MaxDepth">0.987500</SimpleData>
		<SimpleData name="MinAlt">214.325000</SimpleData>
		<SimpleData name="MinDepth">0.743750</SimpleData>
		<SimpleData name="PipeLen">42.593188</SimpleData>
		<SimpleData name="SRSId"></SimpleData>
		<SimpleData name="SRSName"></SimpleData>
		<SimpleData name="Type">Generic</SimpleData>
		<SimpleData name="Unit">Meters</SimpleData>
	</SchemaData></ExtendedData>
      <LineString><coordinates>-86.9820009457479,40.4738370574377,-0.975 -86.9820035885644,40.4739329425628,-0.9875 -86.9820027592473,40.4740294054437,-0.925 -86.9820062567085,40.4741245056415,-0.85 -86.982006070149,40.4742196092311,-0.74375</coordinates></LineString>
  </Placemark>
  <Placemark>
	<name>Feature 0068</name>
	<Style><LineStyle><color>ff0000ff</color></LineStyle><PolyStyle><fill>0</fill></PolyStyle></Style>
	<ExtendedData><SchemaData schemaUrl="#IQMaps_Pipes">
		<SimpleData name="Annotation"></SimpleData>
		<SimpleData name="AvgAlt">214.748149</SimpleData>
		<SimpleData name="AvgDepth">0.805208</SimpleData>
		<SimpleData name="Category">Pipe</SimpleData>
		<SimpleData name="Color">#7fff7f</SimpleData>
		<SimpleData name="Diameter">0.150000</SimpleData>
		<SimpleData name="IdNumber">66</SimpleData>
		<SimpleData name="MaxAlt">215.264771</SimpleData>
		<SimpleData name="MaxDepth">0.987500</SimpleData>
		<SimpleData name="MinAlt">213.871632</SimpleData>
		<SimpleData name="MinDepth">0.700000</SimpleData>
		<SimpleData name="PipeLen">214.403989</SimpleData>
		<SimpleData name="SRSId"></SimpleData>
		<SimpleData name="SRSName"></SimpleData>
		<SimpleData name="Type">Generic</SimpleData>
		<SimpleData name="Unit">Meters</SimpleData>
	</SchemaData></ExtendedData>
      <LineString><coordinates>-86.980662796871,40.4734513794668,-0.81875 -86.9806615617786,40.4735470574394,-0.88125 -86.9806616598777,40.4737379425616,-0.85625 -86.9806648992896,40.4738353840963,-0.81875 -86.9806680643419,40.4740293626781,-0.71875 -86.9806833482372,40.4743162758984,-0.7375 -86.9806828303107,40.4744186205052,-0.7 -86.9806869160923,40.4745071610319,-0.78125 -86.9806853974114,40.4746062759001,-0.7875 -86.9806880682886,40.4747020574327,-0.7875 -86.9806914734134,40.4748002006212,-0.7875 -86.9806887076975,40.4753769846328,-0.9875</coordinates></LineString>
  </Placemark>
  <Placemark>
	<name>Feature 0069</name>
	<Style><LineStyle><color>ff0000ff</color></LineStyle><PolyStyle><fill>0</fill></PolyStyle></Style>
	<ExtendedData><SchemaData schemaUrl="#IQMaps_Pipes">
		<SimpleData name="Annotation"></SimpleData>
		<SimpleData name="AvgAlt">215.295860</SimpleData>
		<SimpleData name="AvgDepth">0.970536</SimpleData>
		<SimpleData name="Category">Pipe</SimpleData>
		<SimpleData name="Color">#7fff7f</SimpleData>
		<SimpleData name="Diameter">0.150000</SimpleData>
		<SimpleData name="IdNumber">67</SimpleData>
		<SimpleData name="MaxAlt">215.513531</SimpleData>
		<SimpleData name="MaxDepth">1.137500</SimpleData>
		<SimpleData name="MinAlt">215.082500</SimpleData>
		<SimpleData name="MinDepth">0.743750</SimpleData>
		<SimpleData name="PipeLen">107.086997</SimpleData>
		<SimpleData name="SRSId"></SimpleData>
		<SimpleData name="SRSName"></SimpleData>
		<SimpleData name="Type">Generic</SimpleData>
		<SimpleData name="Unit">Meters</SimpleData>
	</SchemaData></ExtendedData>
      <LineString><coordinates>-86.9822935253494,40.4754729425718,-1.1375 -86.9822951075901,40.4752796092373,-1.1375 -86.9822945045448,40.4751829425701,-1.1375 -86.982292936662,40.4749912759023,-0.74375 -86.982294503015,40.4748953907649,-1.1375 -86.9822898265353,40.4747020574327,-0.75 -86.9822853226774,40.4745111723014,-0.75</coordinates></LineString>
  </Placemark>
  <Placemark>
	<name>Feature 0070</name>
	<Style><LineStyle><color>ff0000ff</color></LineStyle><PolyStyle><fill>0</fill></PolyStyle></Style>
	<ExtendedData><SchemaData schemaUrl="#IQMaps_Pipes">
		<SimpleData name="Annotation"></SimpleData>
		<SimpleData name="AvgAlt">215.511297</SimpleData>
		<SimpleData name="AvgDepth">0.790179</SimpleData>
		<SimpleData name="Category">Pipe</SimpleData>
		<SimpleData name="Color">#7fff7f</SimpleData>
		<SimpleData name="Diameter">0.150000</SimpleData>
		<SimpleData name="IdNumber">68</SimpleData>
		<SimpleData name="MaxAlt">215.775000</SimpleData>
		<SimpleData name="MaxDepth">0.912500</SimpleData>
		<SimpleData name="MinAlt">215.315878</SimpleData>
		<SimpleData name="MinDepth">0.725000</SimpleData>
		<SimpleData name="PipeLen">89.469227</SimpleData>
		<SimpleData name="SRSId"></SimpleData>
		<SimpleData name="SRSName"></SimpleData>
		<SimpleData name="Type">Generic</SimpleData>
		<SimpleData name="Unit">Meters</SimpleData>
	</SchemaData></ExtendedData>
      <LineString><coordinates>-86.9825834565464,40.4747026595987,-0.725 -86.9825807796549,40.4748943262674,-0.725 -86.9825814957267,40.4749913763461,-0.725 -86.9825751111261,40.4750873403974,-0.9125 -86.9825766801338,40.4751840070631,-0.9125 -86.9825819555773,40.4753759929388,-0.80625 -86.9825875524135,40.4755061020538,-0.725</coordinates></LineString>
  </Placemark>
  <Placemark>
	<name>Feature 0071</name>
	<Style><LineStyle><color>ff0000ff</color></LineStyle><PolyStyle><fill>0</fill></PolyStyle></Style>
	<ExtendedData><SchemaData schemaUrl="#IQMaps_Pipes">
		<SimpleData name="Annotation"></SimpleData>
		<SimpleData name="AvgAlt">215.598758</SimpleData>
		<SimpleData name="AvgDepth">0.792708</SimpleData>
		<SimpleData name="Category">Pipe</SimpleData>
		<SimpleData name="Color">#7fff7f</SimpleData>
		<SimpleData name="Diameter">0.150000</SimpleData>
		<SimpleData name="IdNumber">69</SimpleData>
		<SimpleData name="MaxAlt">215.722500</SimpleData>
		<SimpleData name="MaxDepth">0.843750</SimpleData>
		<SimpleData name="MinAlt">215.437500</SimpleData>
		<SimpleData name="MinDepth">0.762500</SimpleData>
		<SimpleData name="PipeLen">75.003362</SimpleData>
		<SimpleData name="SRSId"></SimpleData>
		<SimpleData name="SRSName"></SimpleData>
		<SimpleData name="Type">Generic</SimpleData>
		<SimpleData name="Unit">Meters</SimpleData>
	</SchemaData></ExtendedData>
      <LineString><coordinates>-86.9837150127887,40.4746073404022,-0.7875 -86.9837099896452,40.4745093262634,-0.7875 -86.9837061388376,40.4744126595958,-0.7875 -86.9836998114628,40.4743159929282,-0.7875 -86.983691080526,40.4741283687017,-0.84375 -86.9836839726829,40.4739340070756,-0.7625</coordinates></LineString>
  </Placemark>
  <Placemark>
	<name>Feature 0072</name>
	<Style><LineStyle><color>ff0000ff</color></LineStyle><PolyStyle><fill>0</fill></PolyStyle></Style>
	<ExtendedData><SchemaData schemaUrl="#IQMaps_Pipes">
		<SimpleData name="Annotation"></SimpleData>
		<SimpleData name="AvgAlt">215.566577</SimpleData>
		<SimpleData name="AvgDepth">0.667188</SimpleData>
		<SimpleData name="Category">Pipe</SimpleData>
		<SimpleData name="Color">#7fff7f</SimpleData>
		<SimpleData name="Diameter">0.150000</SimpleData>
		<SimpleData name="IdNumber">70</SimpleData>
		<SimpleData name="MaxAlt">215.775057</SimpleData>
		<SimpleData name="MaxDepth">0.743750</SimpleData>
		<SimpleData name="MinAlt">215.386250</SimpleData>
		<SimpleData name="MinDepth">0.500000</SimpleData>
		<SimpleData name="PipeLen">59.286039</SimpleData>
		<SimpleData name="SRSId"></SimpleData>
		<SimpleData name="SRSName"></SimpleData>
		<SimpleData name="Type">Generic</SimpleData>
		<SimpleData name="Unit">Meters</SimpleData>
	</SchemaData></ExtendedData>
      <LineString><coordinates>-86.9839885466806,40.4738615812046,-0.74375 -86.9841225524136,40.4738694146903,-0.74375 -86.9843756760918,40.4738660101468,-0.68125 -86.9846881954907,40.4738686074124,-0.5</coordinates></LineString>
  </Placemark>
  <Placemark>
	<name>Feature 0073</name>
	<Style><LineStyle><color>ff0000ff</color></LineStyle><PolyStyle><fill>0</fill></PolyStyle></Style>
	<ExtendedData><SchemaData schemaUrl="#IQMaps_Pipes">
		<SimpleData name="Annotation"></SimpleData>
		<SimpleData name="AvgAlt">215.353844</SimpleData>
		<SimpleData name="AvgDepth">0.950000</SimpleData>
		<SimpleData name="Category">Pipe</SimpleData>
		<SimpleData name="Color">#7fff7f</SimpleData>
		<SimpleData name="Diameter">0.150000</SimpleData>
		<SimpleData name="IdNumber">71</SimpleData>
		<SimpleData name="MaxAlt">215.687558</SimpleData>
		<SimpleData name="MaxDepth">1.150000</SimpleData>
		<SimpleData name="MinAlt">215.167889</SimpleData>
		<SimpleData name="MinDepth">0.737500</SimpleData>
		<SimpleData name="PipeLen">171.474362</SimpleData>
		<SimpleData name="SRSId"></SimpleData>
		<SimpleData name="SRSName"></SimpleData>
		<SimpleData name="Type">Generic</SimpleData>
		<SimpleData name="Unit">Meters</SimpleData>
	</SchemaData></ExtendedData>
      <LineString><coordinates>-86.9845170210106,40.4754723403935,-0.7375 -86.9845171140031,40.4752779788137,-0.88125 -86.9845209353495,40.4749906737317,-1.15 -86.9845191573099,40.4747976595997,-1.15 -86.9845127981576,40.4747023404013,-0.76875 -86.9845058857471,40.4742792085577,-0.9375 -86.9845041142527,40.4742641130322,-0.93125 -86.9845041142527,40.474114241237,-1.00625 -86.98449973542,40.474027659592,-0.96875 -86.9845002130819,40.473932340409,-0.96875</coordinates></LineString>
  </Placemark>
  <Placemark>
	<name>Feature 0074</name>
	<Style><LineStyle><color>ff0000ff</color></LineStyle><PolyStyle><fill>0</fill></PolyStyle></Style>
	<ExtendedData><SchemaData schemaUrl="#IQMaps_Pipes">
		<SimpleData name="Annotation"></SimpleData>
		<SimpleData name="AvgAlt">214.648096</SimpleData>
		<SimpleData name="AvgDepth">0.836111</SimpleData>
		<SimpleData name="Category">Pipe</SimpleData>
		<SimpleData name="Color">#7fff7f</SimpleData>
		<SimpleData name="Diameter">0.150000</SimpleData>
		<SimpleData name="IdNumber">72</SimpleData>
		<SimpleData name="MaxAlt">214.930903</SimpleData>
		<SimpleData name="MaxDepth">0.943750</SimpleData>
		<SimpleData name="MinAlt">214.178075</SimpleData>
		<SimpleData name="MinDepth">0.687500</SimpleData>
		<SimpleData name="PipeLen">160.410620</SimpleData>
		<SimpleData name="SRSId"></SimpleData>
		<SimpleData name="SRSName"></SimpleData>
		<SimpleData name="Type">Generic</SimpleData>
		<SimpleData name="Unit">Meters</SimpleData>
	</SchemaData></ExtendedData>
      <LineString><coordinates>-86.9800963158783,40.4759520574352,-0.94375 -86.9800987831586,40.4760465642546,-0.94375 -86.9801004065534,40.476142942566,-0.7125 -86.9800977990455,40.4762370574335,-0.6875 -86.980100187171,40.4764270574325,-0.85 -86.980097594405,40.4766171610394,-0.8125 -86.9801000312202,40.4768129380111,-0.94375 -86.9800946655825,40.4770054943659,-0.6875 -86.9801020296717,40.477392838968,-0.94375</coordinates></LineString>
  </Placemark>
  <Placemark>
	<name>Feature 0074</name>
	<Style><LineStyle><color>ff0000ff</color></LineStyle><PolyStyle><fill>0</fill></PolyStyle></Style>
	<ExtendedData><SchemaData schemaUrl="#IQMaps_Pipes">
		<SimpleData name="Annotation"></SimpleData>
		<SimpleData name="AvgAlt">213.989664</SimpleData>
		<SimpleData name="AvgDepth">0.968750</SimpleData>
		<SimpleData name="Category">Pipe</SimpleData>
		<SimpleData name="Color">#7fff7f</SimpleData>
		<SimpleData name="Diameter">0.150000</SimpleData>
		<SimpleData name="IdNumber">73</SimpleData>
		<SimpleData name="MaxAlt">214.081250</SimpleData>
		<SimpleData name="MaxDepth">0.968750</SimpleData>
		<SimpleData name="MinAlt">213.851250</SimpleData>
		<SimpleData name="MinDepth">0.968750</SimpleData>
		<SimpleData name="PipeLen">53.621381</SimpleData>
		<SimpleData name="SRSId"></SimpleData>
		<SimpleData name="SRSName"></SimpleData>
		<SimpleData name="Type">Generic</SimpleData>
		<SimpleData name="Unit">Meters</SimpleData>
	</SchemaData></ExtendedData>
      <LineString><coordinates>-86.9803402237589,40.4794070574305,-0.96875 -86.9803392230775,40.479312057431,-0.96875 -86.9803341378435,40.4789253907666,-0.96875</coordinates></LineString>
  </Placemark>
  <Placemark>
	<name>Feature 0077</name>
	<Style><LineStyle><color>ff0000ff</color></LineStyle><PolyStyle><fill>0</fill></PolyStyle></Style>
	<ExtendedData><SchemaData schemaUrl="#IQMaps_Pipes">
		<SimpleData name="Annotation"></SimpleData>
		<SimpleData name="AvgAlt">215.451785</SimpleData>
		<SimpleData name="AvgDepth">0.730000</SimpleData>
		<SimpleData name="Category">Pipe</SimpleData>
		<SimpleData name="Color">#7fff7f</SimpleData>
		<SimpleData name="Diameter">0.150000</SimpleData>
		<SimpleData name="IdNumber">74</SimpleData>
		<SimpleData name="MaxAlt">215.821250</SimpleData>
		<SimpleData name="MaxDepth">0.775000</SimpleData>
		<SimpleData name="MinAlt">215.275000</SimpleData>
		<SimpleData name="MinDepth">0.718750</SimpleData>
		<SimpleData name="PipeLen">28.994729</SimpleData>
		<SimpleData name="SRSId"></SimpleData>
		<SimpleData name="SRSName"></SimpleData>
		<SimpleData name="Type">Generic</SimpleData>
		<SimpleData name="Unit">Meters</SimpleData>
	</SchemaData></ExtendedData>
      <LineString><coordinates>-86.9864532078899,40.4800542985092,-0.71875 -86.9863217921103,40.4800115635657,-0.71875 -86.9862554034572,40.4799863794881,-0.71875 -86.9861934587769,40.4799628803057,-0.71875 -86.9861415412002,40.4799467195245,-0.775</coordinates></LineString>
  </Placemark>
  <Placemark>
	<name>Feature 0078</name>
	<Style><LineStyle><color>ff0000ff</color></LineStyle><PolyStyle><fill>0</fill></PolyStyle></Style>
	<ExtendedData><SchemaData schemaUrl="#IQMaps_Pipes">
		<SimpleData name="Annotation"></SimpleData>
		<SimpleData name="AvgAlt">215.680248</SimpleData>
		<SimpleData name="AvgDepth">0.806250</SimpleData>
		<SimpleData name="Category">Pipe</SimpleData>
		<SimpleData name="Color">#7fff7f</SimpleData>
		<SimpleData name="Diameter">0.150000</SimpleData>
		<SimpleData name="IdNumber">75</SimpleData>
		<SimpleData name="MaxAlt">215.812176</SimpleData>
		<SimpleData name="MaxDepth">0.875000</SimpleData>
		<SimpleData name="MinAlt">215.587318</SimpleData>
		<SimpleData name="MinDepth">0.675000</SimpleData>
		<SimpleData name="PipeLen">21.603982</SimpleData>
		<SimpleData name="SRSId"></SimpleData>
		<SimpleData name="SRSName"></SimpleData>
		<SimpleData name="Type">Generic</SimpleData>
		<SimpleData name="Unit">Meters</SimpleData>
	</SchemaData></ExtendedData>
      <LineString><coordinates>-86.9859980916861,40.4799879425643,-0.675 -86.9859943827589,40.4800836205092,-0.875 -86.9859935306568,40.4801819538396,-0.86875</coordinates></LineString>
  </Placemark>
  <Placemark>
	<name>Feature 0077</name>
	<Style><LineStyle><color>ff0000ff</color></LineStyle><PolyStyle><fill>0</fill></PolyStyle></Style>
	<ExtendedData><SchemaData schemaUrl="#IQMaps_Pipes">
		<SimpleData name="Annotation"></SimpleData>
		<SimpleData name="AvgAlt">215.061183</SimpleData>
		<SimpleData name="AvgDepth">0.840179</SimpleData>
		<SimpleData name="Category">Pipe</SimpleData>
		<SimpleData name="Color">#7fff7f</SimpleData>
		<SimpleData name="Diameter">0.150000</SimpleData>
		<SimpleData name="IdNumber">76</SimpleData>
		<SimpleData name="MaxAlt">215.296284</SimpleData>
		<SimpleData name="MaxDepth">0.987500</SimpleData>
		<SimpleData name="MinAlt">214.828696</SimpleData>
		<SimpleData name="MinDepth">0.712500</SimpleData>
		<SimpleData name="PipeLen">263.154129</SimpleData>
		<SimpleData name="SRSId"></SimpleData>
		<SimpleData name="SRSName"></SimpleData>
		<SimpleData name="Type">Generic</SimpleData>
		<SimpleData name="Unit">Meters</SimpleData>
	</SchemaData></ExtendedData>
      <LineString><coordinates>-86.9861965412232,40.4797022867844,-0.7875 -86.985762719279,40.4796950631643,-0.775 -86.9848751254673,40.4796951093516,-0.7375 -86.9843770918514,40.4796952679048,-0.9875 -86.9836229568343,40.4796839426818,-0.7125 -86.9833378196001,40.4796784621219,-0.9625 -86.9830892353327,40.4796711769372,-0.91875</coordinates></LineString>
  </Placemark>
  <Placemark>
	<name>Feature 0079</name>
	<Style><LineStyle><color>ff0000ff</color></LineStyle><PolyStyle><fill>0</fill></PolyStyle></Style>
	<ExtendedData><SchemaData schemaUrl="#IQMaps_Pipes">
		<SimpleData name="Annotation"></SimpleData>
		<SimpleData name="AvgAlt">215.371433</SimpleData>
		<SimpleData name="AvgDepth">0.965000</SimpleData>
		<SimpleData name="Category">Pipe</SimpleData>
		<SimpleData name="Color">#7fff7f</SimpleData>
		<SimpleData name="Diameter">0.150000</SimpleData>
		<SimpleData name="IdNumber">77</SimpleData>
		<SimpleData name="MaxAlt">215.513750</SimpleData>
		<SimpleData name="MaxDepth">1.068750</SimpleData>
		<SimpleData name="MinAlt">215.161250</SimpleData>
		<SimpleData name="MinDepth">0.781250</SimpleData>
		<SimpleData name="PipeLen">98.980007</SimpleData>
		<SimpleData name="SRSId"></SimpleData>
		<SimpleData name="SRSName"></SimpleData>
		<SimpleData name="Type">Generic</SimpleData>
		<SimpleData name="Unit">Meters</SimpleData>
	</SchemaData></ExtendedData>
      <LineString><coordinates>-86.985147916336,40.4797913795256,-0.78125 -86.9852288398206,40.4798928389754,-1 -86.9853671537323,40.4800837241018,-0.95625 -86.9855115409872,40.4802745056353,-1.01875 -86.985741433603,40.4805571610362,-1.06875</coordinates></LineString>
  </Placemark>
  <Placemark>
	<name>Feature 0080</name>
	<Style><LineStyle><color>ff0000ff</color></LineStyle><PolyStyle><fill>0</fill></PolyStyle></Style>
	<ExtendedData><SchemaData schemaUrl="#IQMaps_Pipes">
		<SimpleData name="Annotation"></SimpleData>
		<SimpleData name="AvgAlt">215.396146</SimpleData>
		<SimpleData name="AvgDepth">0.961250</SimpleData>
		<SimpleData name="Category">Pipe</SimpleData>
		<SimpleData name="Color">#7fff7f</SimpleData>
		<SimpleData name="Diameter">0.150000</SimpleData>
		<SimpleData name="IdNumber">78</SimpleData>
		<SimpleData name="MaxAlt">215.610000</SimpleData>
		<SimpleData name="MaxDepth">1.087500</SimpleData>
		<SimpleData name="MinAlt">215.183321</SimpleData>
		<SimpleData name="MinDepth">0.781250</SimpleData>
		<SimpleData name="PipeLen">105.322495</SimpleData>
		<SimpleData name="SRSId"></SimpleData>
		<SimpleData name="SRSName"></SimpleData>
		<SimpleData name="Type">Generic</SimpleData>
		<SimpleData name="Unit">Meters</SimpleData>
	</SchemaData></ExtendedData>
      <LineString><coordinates>-86.9861425686672,40.4805681108386,-0.78125 -86.9859554762488,40.4803663794991,-1.0875 -86.9857893187412,40.4801779425654,-0.9 -86.9856019438612,40.4799862758976,-1.05625 -86.9854283355962,40.4797937240948,-0.98125</coordinates></LineString>
  </Placemark>
  <Placemark>
	<name>Feature 0081</name>
	<Style><LineStyle><color>ff0000ff</color></LineStyle><PolyStyle><fill>0</fill></PolyStyle></Style>
	<ExtendedData><SchemaData schemaUrl="#IQMaps_Pipes">
		<SimpleData name="Annotation"></SimpleData>
		<SimpleData name="AvgAlt">215.069385</SimpleData>
		<SimpleData name="AvgDepth">1.021875</SimpleData>
		<SimpleData name="Category">Pipe</SimpleData>
		<SimpleData name="Color">#7fff7f</SimpleData>
		<SimpleData name="Diameter">0.150000</SimpleData>
		<SimpleData name="IdNumber">79</SimpleData>
		<SimpleData name="MaxAlt">215.287303</SimpleData>
		<SimpleData name="MaxDepth">1.256250</SimpleData>
		<SimpleData name="MinAlt">214.653920</SimpleData>
		<SimpleData name="MinDepth">0.875000</SimpleData>
		<SimpleData name="PipeLen">106.396871</SimpleData>
		<SimpleData name="SRSId"></SimpleData>
		<SimpleData name="SRSName"></SimpleData>
		<SimpleData name="Type">Generic</SimpleData>
		<SimpleData name="Unit">Meters</SimpleData>
	</SchemaData></ExtendedData>
      <LineString><coordinates>-86.9826685461587,40.4797921610228,-0.89375 -86.9826651672028,40.4798904943579,-0.9125 -86.9826595998131,40.4799878389737,-0.99375 -86.9826569493048,40.4800821610279,-1.01875 -86.9826520585593,40.4801787241012,-0.875 -86.9826474882608,40.4803695056337,-1.25625 -86.982636250611,40.4804637240996,-1.13125 -86.9826285545616,40.4807471931431,-1.09375</coordinates></LineString>
  </Placemark>
  <Placemark>
	<name>Feature 0080</name>
	<Style><LineStyle><color>ff0000ff</color></LineStyle><PolyStyle><fill>0</fill></PolyStyle></Style>
	<ExtendedData><SchemaData schemaUrl="#IQMaps_Pipes">
		<SimpleData name="Annotation"></SimpleData>
		<SimpleData name="AvgAlt">214.179697</SimpleData>
		<SimpleData name="AvgDepth">0.931250</SimpleData>
		<SimpleData name="Category">Pipe</SimpleData>
		<SimpleData name="Color">#7fff7f</SimpleData>
		<SimpleData name="Diameter">0.150000</SimpleData>
		<SimpleData name="IdNumber">80</SimpleData>
		<SimpleData name="MaxAlt">214.811708</SimpleData>
		<SimpleData name="MaxDepth">0.993750</SimpleData>
		<SimpleData name="MinAlt">213.244675</SimpleData>
		<SimpleData name="MinDepth">0.862500</SimpleData>
		<SimpleData name="PipeLen">165.253335</SimpleData>
		<SimpleData name="SRSId"></SimpleData>
		<SimpleData name="SRSName"></SimpleData>
		<SimpleData name="Type">Generic</SimpleData>
		<SimpleData name="Unit">Meters</SimpleData>
	</SchemaData></ExtendedData>
      <LineString><coordinates>-86.980660319735,40.4797969538508,-0.99375 -86.9806658940044,40.4795997575306,-0.99375 -86.9806637312653,40.4795021610438,-0.99375 -86.9806615860786,40.4794060600356,-0.99375 -86.9806646835026,40.4793117707007,-0.89375 -86.9806648381584,40.4792153545309,-0.89375 -86.9806673714906,40.4791173404003,-0.89375 -86.980666598271,40.4790223404012,-0.89375 -86.9806669195493,40.4789216313225,-0.89375 -86.9806648360791,40.478826312124,-0.94375 -86.9806673441263,40.4787340070707,-0.93125 -86.9806661907321,40.478637340405,-0.93125 -86.9806692731656,40.4785421443276,-0.8625 -86.9804358610088,40.4783967371634,-0.925</coordinates></LineString>
  </Placemark>
  <Placemark>
	<name>Feature 0081</name>
	<Style><LineStyle><color>ff0000ff</color></LineStyle><PolyStyle><fill>0</fill></PolyStyle></Style>
	<ExtendedData><SchemaData schemaUrl="#IQMaps_Pipes">
		<SimpleData name="Annotation"></SimpleData>
		<SimpleData name="AvgAlt">214.182235</SimpleData>
		<SimpleData name="AvgDepth">0.952273</SimpleData>
		<SimpleData name="Category">Pipe</SimpleData>
		<SimpleData name="Color">#7fff7f</SimpleData>
		<SimpleData name="Diameter">0.150000</SimpleData>
		<SimpleData name="IdNumber">81</SimpleData>
		<SimpleData name="MaxAlt">214.383855</SimpleData>
		<SimpleData name="MaxDepth">1.206250</SimpleData>
		<SimpleData name="MinAlt">213.457262</SimpleData>
		<SimpleData name="MinDepth">0.875000</SimpleData>
		<SimpleData name="PipeLen">139.331496</SimpleData>
		<SimpleData name="SRSId"></SimpleData>
		<SimpleData name="SRSName"></SimpleData>
		<SimpleData name="Type">Generic</SimpleData>
		<SimpleData name="Unit">Meters</SimpleData>
	</SchemaData></ExtendedData>
      <LineString><coordinates>-86.9809207259286,40.4796970574288,-1.20625 -86.9809254868376,40.4796003907626,-0.96875 -86.9809283832672,40.4795029425701,-0.96875 -86.9809286785024,40.4794069948571,-0.99375 -86.9809254838311,40.4792142521639,-0.89375 -86.980927749581,40.4791166806656,-0.875 -86.9809292291697,40.4790196454632,-0.89375 -86.9809271482203,40.4789243262645,-0.89375 -86.9809278519522,40.478826312124,-0.89375 -86.9809248266546,40.4787298504072,-0.89375 -86.9809320263865,40.4784456737403,-0.99375</coordinates></LineString>
  </Placemark>
  <Placemark>
	<name>Feature 0082</name>
	<Style><LineStyle><color>ff0000ff</color></LineStyle><PolyStyle><fill>0</fill></PolyStyle></Style>
	<ExtendedData><SchemaData schemaUrl="#IQMaps_Pipes">
		<SimpleData name="Annotation"></SimpleData>
		<SimpleData name="AvgAlt">214.303264</SimpleData>
		<SimpleData name="AvgDepth">1.112500</SimpleData>
		<SimpleData name="Category">Pipe</SimpleData>
		<SimpleData name="Color">#7fff7f</SimpleData>
		<SimpleData name="Diameter">0.150000</SimpleData>
		<SimpleData name="IdNumber">82</SimpleData>
		<SimpleData name="MaxAlt">214.936045</SimpleData>
		<SimpleData name="MaxDepth">1.406250</SimpleData>
		<SimpleData name="MinAlt">212.917500</SimpleData>
		<SimpleData name="MinDepth">0.818750</SimpleData>
		<SimpleData name="PipeLen">213.817747</SimpleData>
		<SimpleData name="SRSId"></SimpleData>
		<SimpleData name="SRSName"></SimpleData>
		<SimpleData name="Type">Generic</SimpleData>
		<SimpleData name="Unit">Meters</SimpleData>
	</SchemaData></ExtendedData>
      <LineString><coordinates>-86.9805306421827,40.4758539312831,-1.40625 -86.9805329569566,40.4759504943612,-1.10625 -86.9805278108305,40.476142942566,-0.96875 -86.9805387828895,40.476236596473,-1.40625 -86.9805415320005,40.4765245056289,-1.40625 -86.9805392602003,40.4768137241014,-0.86875 -86.9805486241806,40.4770070574336,-0.81875 -86.9805447675498,40.4771045056323,-1.0125 -86.9805477428913,40.4775844020348,-0.86875 -86.9805569500073,40.4777737241,-1.2625</coordinates></LineString>
  </Placemark>
  <Placemark>
	<name>Feature 0083</name>
	<Style><LineStyle><color>ff0000ff</color></LineStyle><PolyStyle><fill>0</fill></PolyStyle></Style>
	<ExtendedData><SchemaData schemaUrl="#IQMaps_Pipes">
		<SimpleData name="Annotation"></SimpleData>
		<SimpleData name="AvgAlt">214.606284</SimpleData>
		<SimpleData name="AvgDepth">0.851563</SimpleData>
		<SimpleData name="Category">Pipe</SimpleData>
		<SimpleData name="Color">#7fff7f</SimpleData>
		<SimpleData name="Diameter">0.150000</SimpleData>
		<SimpleData name="IdNumber">83</SimpleData>
		<SimpleData name="MaxAlt">215.219472</SimpleData>
		<SimpleData name="MaxDepth">0.931250</SimpleData>
		<SimpleData name="MinAlt">214.011915</SimpleData>
		<SimpleData name="MinDepth">0.825000</SimpleData>
		<SimpleData name="PipeLen">150.265987</SimpleData>
		<SimpleData name="SRSId"></SimpleData>
		<SimpleData name="SRSName"></SimpleData>
		<SimpleData name="Type">Generic</SimpleData>
		<SimpleData name="Unit">Meters</SimpleData>
	</SchemaData></ExtendedData>
      <LineString><coordinates>-86.9815301567955,40.4777752871668,-0.825 -86.9815385125855,40.4773920574338,-0.93125 -86.9815407465276,40.4770070574336,-0.825 -86.9815361078639,40.4764254943695,-0.825</coordinates></LineString>
  </Placemark>
  <Placemark>
	<name>Feature 0087</name>
	<Style><LineStyle><color>ff0000ff</color></LineStyle><PolyStyle><fill>0</fill></PolyStyle></Style>
	<ExtendedData><SchemaData schemaUrl="#IQMaps_Pipes">
		<SimpleData name="Annotation"></SimpleData>
		<SimpleData name="AvgAlt">215.364707</SimpleData>
		<SimpleData name="AvgDepth">0.780469</SimpleData>
		<SimpleData name="Category">Pipe</SimpleData>
		<SimpleData name="Color">#7fff7f</SimpleData>
		<SimpleData name="Diameter">0.150000</SimpleData>
		<SimpleData name="IdNumber">87</SimpleData>
		<SimpleData name="MaxAlt">215.920557</SimpleData>
		<SimpleData name="MaxDepth">0.981250</SimpleData>
		<SimpleData name="MinAlt">214.430580</SimpleData>
		<SimpleData name="MinDepth">0.556250</SimpleData>
		<SimpleData name="PipeLen">118.328813</SimpleData>
		<SimpleData name="SRSId"></SimpleData>
		<SimpleData name="SRSName"></SimpleData>
		<SimpleData name="Type">Generic</SimpleData>
		<SimpleData name="Unit">Meters</SimpleData>
	</SchemaData></ExtendedData>
      <LineString><coordinates>-86.9837942273751,40.4802767020176,-0.55625 -86.9837927854292,40.480081312117,-0.73125 -86.9837889714384,40.4799859929269,-0.73125 -86.983784565086,40.4798923404074,-0.7875 -86.9837795932242,40.479790847631,-0.76875 -86.9837738816206,40.4796004641798,-0.74375 -86.9837711242236,40.4794073403974,-0.98125 -86.9837739883576,40.4792140070659,-0.94375</coordinates></LineString>
  </Placemark>
  <Placemark>
	<name>Feature 0089</name>
	<Style><LineStyle><color>ff0000ff</color></LineStyle><PolyStyle><fill>0</fill></PolyStyle></Style>
	<ExtendedData><SchemaData schemaUrl="#IQMaps_Pipes">
		<SimpleData name="Annotation"></SimpleData>
		<SimpleData name="AvgAlt">214.509158</SimpleData>
		<SimpleData name="AvgDepth">0.913750</SimpleData>
		<SimpleData name="Category">Pipe</SimpleData>
		<SimpleData name="Color">#7fff7f</SimpleData>
		<SimpleData name="Diameter">0.150000</SimpleData>
		<SimpleData name="IdNumber">89</SimpleData>
		<SimpleData name="MaxAlt">214.826250</SimpleData>
		<SimpleData name="MaxDepth">0.993750</SimpleData>
		<SimpleData name="MinAlt">214.146250</SimpleData>
		<SimpleData name="MinDepth">0.718750</SimpleData>
		<SimpleData name="PipeLen">82.962158</SimpleData>
		<SimpleData name="SRSId"></SimpleData>
		<SimpleData name="SRSName"></SimpleData>
		<SimpleData name="Type">Generic</SimpleData>
		<SimpleData name="Unit">Meters</SimpleData>
	</SchemaData></ExtendedData>
      <LineString><coordinates>-86.9832107809197,40.4796697461729,-0.94375 -86.9832125524135,40.4793276990639,-0.98125 -86.9832107809197,40.479185059502,-0.93125 -86.9832107809197,40.4790270026292,-0.71875 -86.9832118229481,40.4789245386828,-0.99375</coordinates></LineString>
  </Placemark>
  <Placemark>
	<name>Feature 0090</name>
	<Style><LineStyle><color>ff0000ff</color></LineStyle><PolyStyle><fill>0</fill></PolyStyle></Style>
	<ExtendedData><SchemaData schemaUrl="#IQMaps_Pipes">
		<SimpleData name="Annotation"></SimpleData>
		<SimpleData name="AvgAlt">215.186102</SimpleData>
		<SimpleData name="AvgDepth">0.770313</SimpleData>
		<SimpleData name="Category">Pipe</SimpleData>
		<SimpleData name="Color">#7fff7f</SimpleData>
		<SimpleData name="Diameter">0.150000</SimpleData>
		<SimpleData name="IdNumber">90</SimpleData>
		<SimpleData name="MaxAlt">215.535787</SimpleData>
		<SimpleData name="MaxDepth">0.918750</SimpleData>
		<SimpleData name="MinAlt">214.691250</SimpleData>
		<SimpleData name="MinDepth">0.731250</SimpleData>
		<SimpleData name="PipeLen">267.897746</SimpleData>
		<SimpleData name="SRSId"></SimpleData>
		<SimpleData name="SRSName"></SimpleData>
		<SimpleData name="Type">Generic</SimpleData>
		<SimpleData name="Unit">Meters</SimpleData>
	</SchemaData></ExtendedData>
      <LineString><coordinates>-86.9819411027127,40.4817136878726,-0.73125 -86.9819288669032,40.481517659596,-0.74375 -86.9819243180219,40.4814195550199,-0.79375 -86.9819133608937,40.4812259929264,-0.7875 -86.9819092240843,40.4807446454545,-0.74375 -86.9819070232075,40.4804596454617,-0.74375 -86.9819136444414,40.4799859929269,-0.80625 -86.9819119438729,40.4798923404074,-0.74375 -86.9819081046058,40.479792978775,-0.74375 -86.9819099586097,40.4795009929369,-0.74375 -86.9819128486842,40.4794073403974,-0.74375 -86.9819201757282,40.4793078772905,-0.91875</coordinates></LineString>
  </Placemark>
  <Placemark>
	<name>Feature 0091</name>
	<Style><LineStyle><color>ff0000ff</color></LineStyle><PolyStyle><fill>0</fill></PolyStyle></Style>
	<ExtendedData><SchemaData schemaUrl="#IQMaps_Pipes">
		<SimpleData name="Annotation"></SimpleData>
		<SimpleData name="AvgAlt">214.301296</SimpleData>
		<SimpleData name="AvgDepth">0.468750</SimpleData>
		<SimpleData name="Category">Pipe</SimpleData>
		<SimpleData name="Color">#7fff7f</SimpleData>
		<SimpleData name="Diameter">0.150000</SimpleData>
		<SimpleData name="IdNumber">91</SimpleData>
		<SimpleData name="MaxAlt">214.620901</SimpleData>
		<SimpleData name="MaxDepth">0.468750</SimpleData>
		<SimpleData name="MinAlt">214.041250</SimpleData>
		<SimpleData name="MinDepth">0.468750</SimpleData>
		<SimpleData name="PipeLen">42.559534</SimpleData>
		<SimpleData name="SRSId"></SimpleData>
		<SimpleData name="SRSName"></SimpleData>
		<SimpleData name="Type">Generic</SimpleData>
		<SimpleData name="Unit">Meters</SimpleData>
	</SchemaData></ExtendedData>
      <LineString><coordinates>-86.9814762738648,40.4783506159949,-0.46875 -86.9814767057027,40.4784456737403,-0.46875 -86.9814807266346,40.4785436878846,-0.46875 -86.9814902118069,40.4787327489008,-0.46875</coordinates></LineString>
  </Placemark>
</Folder>
<Folder><name>IQMaps_Points</name>
  <Placemark>
	<ExtendedData><SchemaData schemaUrl="#IQMaps_Points">
		<SimpleData name="Category">Point</SimpleData>
		<SimpleData name="Channel">11</SimpleData>
		<SimpleData name="CrossDist">5227.624629</SimpleData>
		<SimpleData name="IdNumber">1</SimpleData>
		<SimpleData name="Parent">Feature 0000</SimpleData>
		<SimpleData name="Survey">Survey_2025-04-18_16-18-21</SimpleData>
		<SimpleData name="Swath">12</SimpleData>
	</SchemaData></ExtendedData>
      <Point><coordinates>-86.9790560750587,40.4776586081405,-0.8625</coordinates></Point>
  </Placemark>
  <Placemark>
	<ExtendedData><SchemaData schemaUrl="#IQMaps_Points">
		<SimpleData name="Category">Point</SimpleData>
		<SimpleData name="Channel">11</SimpleData>
		<SimpleData name="CrossDist">4786.383768</SimpleData>
		<SimpleData name="IdNumber">2</SimpleData>
		<SimpleData name="Parent">Feature 0000</SimpleData>
		<SimpleData name="Survey">Survey_2025-04-18_16-18-21</SimpleData>
		<SimpleData name="Swath">12</SimpleData>
	</SchemaData></ExtendedData>
      <Point><coordinates>-86.9791842190589,40.477515836316,-0.90625</coordinates></Point>
  </Placemark>
  <Placemark>
	<ExtendedData><SchemaData schemaUrl="#IQMaps_Points">
		<SimpleData name="Category">Point</SimpleData>
		<SimpleData name="Channel">15</SimpleData>
		<SimpleData name="CrossDist">4612.070297</SimpleData>
		<SimpleData name="IdNumber">3</SimpleData>
		<SimpleData name="Parent">Feature 0000</SimpleData>
		<SimpleData name="Survey">Survey_2025-04-18_16-18-21</SimpleData>
		<SimpleData name="Swath">12</SimpleData>
	</SchemaData></ExtendedData>
      <Point><coordinates>-86.9793108857256,40.4773745797649,-0.975</coordinates></Point>
  </Placemark>
  <Placemark>
	<ExtendedData><SchemaData schemaUrl="#IQMaps_Points">
		<SimpleData name="Category">Point</SimpleData>
		<SimpleData name="Channel">15</SimpleData>
		<SimpleData name="CrossDist">4015.655647</SimpleData>
		<SimpleData name="IdNumber">4</SimpleData>
		<SimpleData name="Parent">Feature 0000</SimpleData>
		<SimpleData name="Survey">Survey_2025-04-18_16-18-21</SimpleData>
		<SimpleData name="Swath">12</SimpleData>
	</SchemaData></ExtendedData>
      <Point><coordinates>-86.979561090968,40.4770930544809,-1.03125</coordinates></Point>
  </Placemark>
  <Placemark>
	<ExtendedData><SchemaData schemaUrl="#IQMaps_Points">
		<SimpleData name="Category">Point</SimpleData>
		<SimpleData name="Channel">11</SimpleData>
		<SimpleData name="CrossDist">3700.958141</SimpleData>
		<SimpleData name="IdNumber">5</SimpleData>
		<SimpleData name="Parent">Feature 0000</SimpleData>
		<SimpleData name="Survey">Survey_2025-04-18_16-18-21</SimpleData>
		<SimpleData name="Swath">12</SimpleData>
	</SchemaData></ExtendedData>
      <Point><coordinates>-86.9796875523922,40.4769478952633,-0.9875</coordinates></Point>
  </Placemark>
  <Placemark>
	<ExtendedData><SchemaData schemaUrl="#IQMaps_Points">
		<SimpleData name="Category">Point</SimpleData>
		<SimpleData name="Channel">11</SimpleData>
		<SimpleData name="CrossDist">3419.122362</SimpleData>
		<SimpleData name="IdNumber">6</SimpleData>
		<SimpleData name="Parent">Feature 0000</SimpleData>
		<SimpleData name="Survey">Survey_2025-04-18_16-18-21</SimpleData>
		<SimpleData name="Swath">12</SimpleData>
	</SchemaData></ExtendedData>
      <Point><coordinates>-86.9798124476077,40.4768059203871,-0.95</coordinates></Point>
  </Placemark>
  <Placemark>
	<ExtendedData><SchemaData schemaUrl="#IQMaps_Points">
		<SimpleData name="Category">Point</SimpleData>
		<SimpleData name="Channel">14</SimpleData>
		<SimpleData name="CrossDist">3168.329251</SimpleData>
		<SimpleData name="IdNumber">7</SimpleData>
		<SimpleData name="Parent">Feature 0000</SimpleData>
		<SimpleData name="Survey">Survey_2025-04-18_16-18-21</SimpleData>
		<SimpleData name="Swath">12</SimpleData>
	</SchemaData></ExtendedData>
      <Point><coordinates>-86.9799409905097,40.4766592186246,-1.0875</coordinates></Point>
  </Placemark>
  <Placemark>
	<ExtendedData><SchemaData schemaUrl="#IQMaps_Points">
		<SimpleData name="Category">Point</SimpleData>
		<SimpleData name="Channel">13</SimpleData>
		<SimpleData name="CrossDist">3965.671021</SimpleData>
		<SimpleData name="IdNumber">1</SimpleData>
		<SimpleData name="Parent">Feature 0001</SimpleData>
		<SimpleData name="Survey">Survey_2025-04-18_16-18-21</SimpleData>
		<SimpleData name="Swath">12</SimpleData>
	</SchemaData></ExtendedData>
      <Point><coordinates>-86.9795632202139,40.476643950394,-0.9125</coordinates></Point>
  </Placemark>
  <Placemark>
	<ExtendedData><SchemaData schemaUrl="#IQMaps_Points">
		<SimpleData name="Category">Point</SimpleData>
		<SimpleData name="Channel">14</SimpleData>
		<SimpleData name="CrossDist">4284.797545</SimpleData>
		<SimpleData name="IdNumber">2</SimpleData>
		<SimpleData name="Parent">Feature 0001</SimpleData>
		<SimpleData name="Survey">Survey_2025-04-18_16-18-21</SimpleData>
		<SimpleData name="Swath">12</SimpleData>
	</SchemaData></ExtendedData>
      <Point><coordinates>-86.9794372276861,40.476776756606,-1.13125</coordinates></Point>
  </Placemark>
  <Placemark>
	<ExtendedData><SchemaData schemaUrl="#IQMaps_Points">
		<SimpleData name="Category">Point</SimpleData>
		<SimpleData name="Channel">15</SimpleData>
		<SimpleData name="CrossDist">4560.820238</SimpleData>
		<SimpleData name="IdNumber">3</SimpleData>
		<SimpleData name="Parent">Feature 0001</SimpleData>
		<SimpleData name="Survey">Survey_2025-04-18_16-18-21</SimpleData>
		<SimpleData name="Swath">12</SimpleData>
	</SchemaData></ExtendedData>
      <Point><coordinates>-86.9793099374306,40.4769135483036,-0.89375</coordinates></Point>
  </Placemark>
  <Placemark>
	<ExtendedData><SchemaData schemaUrl="#IQMaps_Points">
		<SimpleData name="Category">Point</SimpleData>
		<SimpleData name="Channel">16</SimpleData>
		<SimpleData name="CrossDist">4836.763841</SimpleData>
		<SimpleData name="IdNumber">4</SimpleData>
		<SimpleData name="Parent">Feature 0001</SimpleData>
		<SimpleData name="Survey">Survey_2025-04-18_16-18-21</SimpleData>
		<SimpleData name="Swath">12</SimpleData>
	</SchemaData></ExtendedData>
      <Point><coordinates>-86.9791877619609,40.4770629009201,-1.05</coordinates></Point>
  </Placemark>
  <Placemark>
	<ExtendedData><SchemaData schemaUrl="#IQMaps_Points">
		<SimpleData name="Category">Point</SimpleData>
		<SimpleData name="Channel">15</SimpleData>
		<SimpleData name="CrossDist">5178.114541</SimpleData>
		<SimpleData name="IdNumber">5</SimpleData>
		<SimpleData name="Parent">Feature 0001</SimpleData>
		<SimpleData name="Survey">Survey_2025-04-18_16-18-21</SimpleData>
		<SimpleData name="Swath">12</SimpleData>
	</SchemaData></ExtendedData>
      <Point><coordinates>-86.9790575523922,40.4772142052053,-1.0875</coordinates></Point>
  </Placemark>
  <Placemark>
	<ExtendedData><SchemaData schemaUrl="#IQMaps_Points">
		<SimpleData name="Category">Point</SimpleData>
		<SimpleData name="Channel">15</SimpleData>
		<SimpleData name="CrossDist">5301.612947</SimpleData>
		<SimpleData name="IdNumber">6</SimpleData>
		<SimpleData name="Parent">Feature 0001</SimpleData>
		<SimpleData name="Survey">Survey_2025-04-18_16-18-21</SimpleData>
		<SimpleData name="Swath">12</SimpleData>
	</SchemaData></ExtendedData>
      <Point><coordinates>-86.9789307809411,40.4773678594981,-0.95625</coordinates></Point>
  </Placemark>
  <Placemark>
	<ExtendedData><SchemaData schemaUrl="#IQMaps_Points">
		<SimpleData name="Category">Point</SimpleData>
		<SimpleData name="Channel">11</SimpleData>
		<SimpleData name="CrossDist">5711.573872</SimpleData>
		<SimpleData name="IdNumber">7</SimpleData>
		<SimpleData name="Parent">Feature 0001</SimpleData>
		<SimpleData name="Survey">Survey_2025-04-18_16-18-21</SimpleData>
		<SimpleData name="Swath">12</SimpleData>
	</SchemaData></ExtendedData>
      <Point><coordinates>-86.9788041142744,40.4775176495651,-1.08125</coordinates></Point>
  </Placemark>
  <Placemark>
	<ExtendedData><SchemaData schemaUrl="#IQMaps_Points">
		<SimpleData name="Category">Point</SimpleData>
		<SimpleData name="Channel">15</SimpleData>
		<SimpleData name="CrossDist">5765.394343</SimpleData>
		<SimpleData name="IdNumber">8</SimpleData>
		<SimpleData name="Parent">Feature 0001</SimpleData>
		<SimpleData name="Survey">Survey_2025-04-18_16-18-21</SimpleData>
		<SimpleData name="Swath">12</SimpleData>
	</SchemaData></ExtendedData>
      <Point><coordinates>-86.9786778934748,40.477676849426,-1.175</coordinates></Point>
  </Placemark>
  <Placemark>
	<ExtendedData><SchemaData schemaUrl="#IQMaps_Points">
		<SimpleData name="Category">Point</SimpleData>
		<SimpleData name="Channel">14</SimpleData>
		<SimpleData name="CrossDist">5355.749776</SimpleData>
		<SimpleData name="IdNumber">1</SimpleData>
		<SimpleData name="Parent">Feature 0002</SimpleData>
		<SimpleData name="Survey">Survey_2025-04-18_16-18-21</SimpleData>
		<SimpleData name="Swath">12</SimpleData>
	</SchemaData></ExtendedData>
      <Point><coordinates>-86.978934323843,40.4768815336024,-0.88125</coordinates></Point>
  </Placemark>
  <Placemark>
	<ExtendedData><SchemaData schemaUrl="#IQMaps_Points">
		<SimpleData name="Category">Point</SimpleData>
		<SimpleData name="Channel">14</SimpleData>
		<SimpleData name="CrossDist">5640.828228</SimpleData>
		<SimpleData name="IdNumber">2</SimpleData>
		<SimpleData name="Parent">Feature 0002</SimpleData>
		<SimpleData name="Survey">Survey_2025-04-18_16-18-21</SimpleData>
		<SimpleData name="Swath">12</SimpleData>
	</SchemaData></ExtendedData>
      <Point><coordinates>-86.9788023428235,40.4768825359316,-0.88125</coordinates></Point>
  </Placemark>
  <Placemark>
	<ExtendedData><SchemaData schemaUrl="#IQMaps_Points">
		<SimpleData name="Category">Point</SimpleData>
		<SimpleData name="Channel">15</SimpleData>
		<SimpleData name="CrossDist">5853.421064</SimpleData>
		<SimpleData name="IdNumber">3</SimpleData>
		<SimpleData name="Parent">Feature 0002</SimpleData>
		<SimpleData name="Survey">Survey_2025-04-18_16-18-21</SimpleData>
		<SimpleData name="Swath">12</SimpleData>
	</SchemaData></ExtendedData>
      <Point><coordinates>-86.9786782654886,40.4768862371984,-0.90625</coordinates></Point>
  </Placemark>
  <Placemark>
	<ExtendedData><SchemaData schemaUrl="#IQMaps_Points">
		<SimpleData name="Category">Point</SimpleData>
		<SimpleData name="Channel">11</SimpleData>
		<SimpleData name="CrossDist">6139.844039</SimpleData>
		<SimpleData name="IdNumber">4</SimpleData>
		<SimpleData name="Parent">Feature 0002</SimpleData>
		<SimpleData name="Survey">Survey_2025-04-18_16-18-21</SimpleData>
		<SimpleData name="Swath">12</SimpleData>
	</SchemaData></ExtendedData>
      <Point><coordinates>-86.9785524476078,40.4768859031404,-0.95625</coordinates></Point>
  </Placemark>
  <Placemark>
	<ExtendedData><SchemaData schemaUrl="#IQMaps_Points">
		<SimpleData name="Category">Point</SimpleData>
		<SimpleData name="Channel">15</SimpleData>
		<SimpleData name="CrossDist">6354.414116</SimpleData>
		<SimpleData name="IdNumber">5</SimpleData>
		<SimpleData name="Parent">Feature 0002</SimpleData>
		<SimpleData name="Survey">Survey_2025-04-18_16-18-21</SimpleData>
		<SimpleData name="Swath">12</SimpleData>
	</SchemaData></ExtendedData>
      <Point><coordinates>-86.9784257809412,40.4768874205214,-0.975</coordinates></Point>
  </Placemark>
  <Placemark>
	<ExtendedData><SchemaData schemaUrl="#IQMaps_Points">
		<SimpleData name="Category">Point</SimpleData>
		<SimpleData name="Channel">14</SimpleData>
		<SimpleData name="CrossDist">6639.413478</SimpleData>
		<SimpleData name="IdNumber">6</SimpleData>
		<SimpleData name="Parent">Feature 0002</SimpleData>
		<SimpleData name="Survey">Survey_2025-04-18_16-18-21</SimpleData>
		<SimpleData name="Swath">12</SimpleData>
	</SchemaData></ExtendedData>
      <Point><coordinates>-86.9782990094903,40.476889572819,-0.9875</coordinates></Point>
  </Placemark>
  <Placemark>
	<ExtendedData><SchemaData schemaUrl="#IQMaps_Points">
		<SimpleData name="Category">Point</SimpleData>
		<SimpleData name="Channel">15</SimpleData>
		<SimpleData name="CrossDist">211.722851</SimpleData>
		<SimpleData name="IdNumber">7</SimpleData>
		<SimpleData name="Parent">Feature 0002</SimpleData>
		<SimpleData name="Survey">Survey_2025-04-18_16-18-21</SimpleData>
		<SimpleData name="Swath">13</SimpleData>
	</SchemaData></ExtendedData>
      <Point><coordinates>-86.9781741142561,40.4768903461127,-0.78125</coordinates></Point>
  </Placemark>
  <Placemark>
	<ExtendedData><SchemaData schemaUrl="#IQMaps_Points">
		<SimpleData name="Category">Point</SimpleData>
		<SimpleData name="Channel">11</SimpleData>
		<SimpleData name="CrossDist">486.954648</SimpleData>
		<SimpleData name="IdNumber">8</SimpleData>
		<SimpleData name="Parent">Feature 0002</SimpleData>
		<SimpleData name="Survey">Survey_2025-04-18_16-18-21</SimpleData>
		<SimpleData name="Swath">13</SimpleData>
	</SchemaData></ExtendedData>
      <Point><coordinates>-86.978049114256,40.4768917853188,-0.65</coordinates></Point>
  </Placemark>
  <Placemark>
	<ExtendedData><SchemaData schemaUrl="#IQMaps_Points">
		<SimpleData name="Category">Point</SimpleData>
		<SimpleData name="Channel">14</SimpleData>
		<SimpleData name="CrossDist">701.406090</SimpleData>
		<SimpleData name="IdNumber">9</SimpleData>
		<SimpleData name="Parent">Feature 0002</SimpleData>
		<SimpleData name="Survey">Survey_2025-04-18_16-18-21</SimpleData>
		<SimpleData name="Swath">13</SimpleData>
	</SchemaData></ExtendedData>
      <Point><coordinates>-86.9779276572318,40.4768943058146,-0.40625</coordinates></Point>
  </Placemark>
  <Placemark>
	<ExtendedData><SchemaData schemaUrl="#IQMaps_Points">
		<SimpleData name="Category">Point</SimpleData>
		<SimpleData name="Channel">15</SimpleData>
		<SimpleData name="CrossDist">987.196348</SimpleData>
		<SimpleData name="IdNumber">10</SimpleData>
		<SimpleData name="Parent">Feature 0002</SimpleData>
		<SimpleData name="Survey">Survey_2025-04-18_16-18-21</SimpleData>
		<SimpleData name="Swath">13</SimpleData>
	</SchemaData></ExtendedData>
      <Point><coordinates>-86.9777999560919,40.4768956602366,-0.8</coordinates></Point>
  </Placemark>
  <Placemark>
	<ExtendedData><SchemaData schemaUrl="#IQMaps_Points">
		<SimpleData name="Category">Point</SimpleData>
		<SimpleData name="Channel">14</SimpleData>
		<SimpleData name="CrossDist">1200.777804</SimpleData>
		<SimpleData name="IdNumber">11</SimpleData>
		<SimpleData name="Parent">Feature 0002</SimpleData>
		<SimpleData name="Survey">Survey_2025-04-18_16-18-21</SimpleData>
		<SimpleData name="Swath">13</SimpleData>
	</SchemaData></ExtendedData>
      <Point><coordinates>-86.9776743238984,40.476901319171,-1.0375</coordinates></Point>
  </Placemark>
  <Placemark>
	<ExtendedData><SchemaData schemaUrl="#IQMaps_Points">
		<SimpleData name="Category">Point</SimpleData>
		<SimpleData name="Channel">14</SimpleData>
		<SimpleData name="CrossDist">1488.584847</SimpleData>
		<SimpleData name="IdNumber">12</SimpleData>
		<SimpleData name="Parent">Feature 0002</SimpleData>
		<SimpleData name="Survey">Survey_2025-04-18_16-18-21</SimpleData>
		<SimpleData name="Swath">13</SimpleData>
	</SchemaData></ExtendedData>
      <Point><coordinates>-86.9775440094348,40.4769048559484,-0.91875</coordinates></Point>
  </Placemark>
  <Placemark>
	<ExtendedData><SchemaData schemaUrl="#IQMaps_Points">
		<SimpleData name="Category">Point</SimpleData>
		<SimpleData name="Channel">14</SimpleData>
		<SimpleData name="CrossDist">1700.979960</SimpleData>
		<SimpleData name="IdNumber">13</SimpleData>
		<SimpleData name="Parent">Feature 0002</SimpleData>
		<SimpleData name="Survey">Survey_2025-04-18_16-18-21</SimpleData>
		<SimpleData name="Swath">13</SimpleData>
	</SchemaData></ExtendedData>
      <Point><coordinates>-86.9774243238985,40.4769055538575,-1.0625</coordinates></Point>
  </Placemark>
  <Placemark>
	<ExtendedData><SchemaData schemaUrl="#IQMaps_Points">
		<SimpleData name="Category">Point</SimpleData>
		<SimpleData name="Channel">11</SimpleData>
		<SimpleData name="CrossDist">3743.626978</SimpleData>
		<SimpleData name="IdNumber">1</SimpleData>
		<SimpleData name="Parent">Feature 0003</SimpleData>
		<SimpleData name="Survey">Survey_2025-04-18_16-18-21</SimpleData>
		<SimpleData name="Swath">12</SimpleData>
	</SchemaData></ExtendedData>
      <Point><coordinates>-86.9796875523922,40.4765645513635,-0.93125</coordinates></Point>
  </Placemark>
  <Placemark>
	<ExtendedData><SchemaData schemaUrl="#IQMaps_Points">
		<SimpleData name="Category">Point</SimpleData>
		<SimpleData name="Channel">11</SimpleData>
		<SimpleData name="CrossDist">3956.377994</SimpleData>
		<SimpleData name="IdNumber">2</SimpleData>
		<SimpleData name="Parent">Feature 0003</SimpleData>
		<SimpleData name="Survey">Survey_2025-04-18_16-18-21</SimpleData>
		<SimpleData name="Swath">12</SimpleData>
	</SchemaData></ExtendedData>
      <Point><coordinates>-86.9795574476078,40.47656083273,-0.90625</coordinates></Point>
  </Placemark>
  <Placemark>
	<ExtendedData><SchemaData schemaUrl="#IQMaps_Points">
		<SimpleData name="Category">Point</SimpleData>
		<SimpleData name="Channel">15</SimpleData>
		<SimpleData name="CrossDist">4309.157141</SimpleData>
		<SimpleData name="IdNumber">3</SimpleData>
		<SimpleData name="Parent">Feature 0003</SimpleData>
		<SimpleData name="Survey">Survey_2025-04-18_16-18-21</SimpleData>
		<SimpleData name="Swath">12</SimpleData>
	</SchemaData></ExtendedData>
      <Point><coordinates>-86.9794341142746,40.4765577426908,-0.9625</coordinates></Point>
  </Placemark>
  <Placemark>
	<ExtendedData><SchemaData schemaUrl="#IQMaps_Points">
		<SimpleData name="Category">Point</SimpleData>
		<SimpleData name="Channel">14</SimpleData>
		<SimpleData name="CrossDist">4520.800902</SimpleData>
		<SimpleData name="IdNumber">4</SimpleData>
		<SimpleData name="Parent">Feature 0003</SimpleData>
		<SimpleData name="Survey">Survey_2025-04-18_16-18-21</SimpleData>
		<SimpleData name="Swath">12</SimpleData>
	</SchemaData></ExtendedData>
      <Point><coordinates>-86.9793056956968,40.4765542689781,-0.94375</coordinates></Point>
  </Placemark>
  <Placemark>
	<ExtendedData><SchemaData schemaUrl="#IQMaps_Points">
		<SimpleData name="Category">Point</SimpleData>
		<SimpleData name="Channel">11</SimpleData>
		<SimpleData name="CrossDist">4893.510627</SimpleData>
		<SimpleData name="IdNumber">5</SimpleData>
		<SimpleData name="Parent">Feature 0003</SimpleData>
		<SimpleData name="Survey">Survey_2025-04-18_16-18-21</SimpleData>
		<SimpleData name="Swath">12</SimpleData>
	</SchemaData></ExtendedData>
      <Point><coordinates>-86.9791840224098,40.4765529594204,-1.025</coordinates></Point>
  </Placemark>
  <Placemark>
	<ExtendedData><SchemaData schemaUrl="#IQMaps_Points">
		<SimpleData name="Category">Point</SimpleData>
		<SimpleData name="Channel">11</SimpleData>
		<SimpleData name="CrossDist">5104.165768</SimpleData>
		<SimpleData name="IdNumber">6</SimpleData>
		<SimpleData name="Parent">Feature 0003</SimpleData>
		<SimpleData name="Survey">Survey_2025-04-18_16-18-21</SimpleData>
		<SimpleData name="Swath">12</SimpleData>
	</SchemaData></ExtendedData>
      <Point><coordinates>-86.9790557809411,40.4765502113482,-1.00625</coordinates></Point>
  </Placemark>
  <Placemark>
	<ExtendedData><SchemaData schemaUrl="#IQMaps_Points">
		<SimpleData name="Category">Point</SimpleData>
		<SimpleData name="Channel">15</SimpleData>
		<SimpleData name="CrossDist">5392.684618</SimpleData>
		<SimpleData name="IdNumber">7</SimpleData>
		<SimpleData name="Parent">Feature 0003</SimpleData>
		<SimpleData name="Survey">Survey_2025-04-18_16-18-21</SimpleData>
		<SimpleData name="Swath">12</SimpleData>
	</SchemaData></ExtendedData>
      <Point><coordinates>-86.9789307809411,40.4765501056458,-1.0625</coordinates></Point>
  </Placemark>
  <Placemark>
	<ExtendedData><SchemaData schemaUrl="#IQMaps_Points">
		<SimpleData name="Category">Point</SimpleData>
		<SimpleData name="Channel">14</SimpleData>
		<SimpleData name="CrossDist">5603.458393</SimpleData>
		<SimpleData name="IdNumber">8</SimpleData>
		<SimpleData name="Parent">Feature 0003</SimpleData>
		<SimpleData name="Survey">Survey_2025-04-18_16-18-21</SimpleData>
		<SimpleData name="Swath">12</SimpleData>
	</SchemaData></ExtendedData>
      <Point><coordinates>-86.9788023428236,40.4765473500036,-1.05</coordinates></Point>
  </Placemark>
  <Placemark>
	<ExtendedData><SchemaData schemaUrl="#IQMaps_Points">
		<SimpleData name="Category">Point</SimpleData>
		<SimpleData name="Channel">11</SimpleData>
		<SimpleData name="CrossDist">5891.028167</SimpleData>
		<SimpleData name="IdNumber">9</SimpleData>
		<SimpleData name="Parent">Feature 0003</SimpleData>
		<SimpleData name="Survey">Survey_2025-04-18_16-18-21</SimpleData>
		<SimpleData name="Swath">12</SimpleData>
	</SchemaData></ExtendedData>
      <Point><coordinates>-86.9786808857255,40.4765480899164,-0.99375</coordinates></Point>
  </Placemark>
  <Placemark>
	<ExtendedData><SchemaData schemaUrl="#IQMaps_Points">
		<SimpleData name="Category">Point</SimpleData>
		<SimpleData name="Channel">14</SimpleData>
		<SimpleData name="CrossDist">6102.078757</SimpleData>
		<SimpleData name="IdNumber">10</SimpleData>
		<SimpleData name="Parent">Feature 0003</SimpleData>
		<SimpleData name="Survey">Survey_2025-04-18_16-18-21</SimpleData>
		<SimpleData name="Swath">12</SimpleData>
	</SchemaData></ExtendedData>
      <Point><coordinates>-86.9785507134008,40.4765463888948,-1.05</coordinates></Point>
  </Placemark>
  <Placemark>
	<ExtendedData><SchemaData schemaUrl="#IQMaps_Points">
		<SimpleData name="Category">Point</SimpleData>
		<SimpleData name="Channel">11</SimpleData>
		<SimpleData name="CrossDist">6392.614391</SimpleData>
		<SimpleData name="IdNumber">11</SimpleData>
		<SimpleData name="Parent">Feature 0003</SimpleData>
		<SimpleData name="Survey">Survey_2025-04-18_16-18-21</SimpleData>
		<SimpleData name="Swath">12</SimpleData>
	</SchemaData></ExtendedData>
      <Point><coordinates>-86.9784275523922,40.4765441859445,-1.125</coordinates></Point>
  </Placemark>
  <Placemark>
	<ExtendedData><SchemaData schemaUrl="#IQMaps_Points">
		<SimpleData name="Category">Point</SimpleData>
		<SimpleData name="Channel">11</SimpleData>
		<SimpleData name="CrossDist">740.871799</SimpleData>
		<SimpleData name="IdNumber">12</SimpleData>
		<SimpleData name="Parent">Feature 0003</SimpleData>
		<SimpleData name="Survey">Survey_2025-04-18_16-18-21</SimpleData>
		<SimpleData name="Swath">13</SimpleData>
	</SchemaData></ExtendedData>
      <Point><coordinates>-86.977925885744,40.4765393901386,-1.1125</coordinates></Point>
  </Placemark>
  <Placemark>
	<ExtendedData><SchemaData schemaUrl="#IQMaps_Points">
		<SimpleData name="Category">Point</SimpleData>
		<SimpleData name="Channel">11</SimpleData>
		<SimpleData name="CrossDist">947.374736</SimpleData>
		<SimpleData name="IdNumber">13</SimpleData>
		<SimpleData name="Parent">Feature 0003</SimpleData>
		<SimpleData name="Survey">Survey_2025-04-18_16-18-21</SimpleData>
		<SimpleData name="Swath">13</SimpleData>
	</SchemaData></ExtendedData>
      <Point><coordinates>-86.9777974475893,40.4765381447195,-1.075</coordinates></Point>
  </Placemark>
  <Placemark>
	<ExtendedData><SchemaData schemaUrl="#IQMaps_Points">
		<SimpleData name="Category">Point</SimpleData>
		<SimpleData name="Channel">15</SimpleData>
		<SimpleData name="CrossDist">1241.311223</SimpleData>
		<SimpleData name="IdNumber">14</SimpleData>
		<SimpleData name="Parent">Feature 0003</SimpleData>
		<SimpleData name="Survey">Survey_2025-04-18_16-18-21</SimpleData>
		<SimpleData name="Swath">13</SimpleData>
	</SchemaData></ExtendedData>
      <Point><coordinates>-86.9776724475893,40.4765378959821,-0.975</coordinates></Point>
  </Placemark>
  <Placemark>
	<ExtendedData><SchemaData schemaUrl="#IQMaps_Points">
		<SimpleData name="Category">Point</SimpleData>
		<SimpleData name="Channel">11</SimpleData>
		<SimpleData name="CrossDist">1447.458257</SimpleData>
		<SimpleData name="IdNumber">15</SimpleData>
		<SimpleData name="Parent">Feature 0003</SimpleData>
		<SimpleData name="Survey">Survey_2025-04-18_16-18-21</SimpleData>
		<SimpleData name="Swath">13</SimpleData>
	</SchemaData></ExtendedData>
      <Point><coordinates>-86.9775457809226,40.4765345498836,-0.90625</coordinates></Point>
  </Placemark>
  <Placemark>
	<ExtendedData><SchemaData schemaUrl="#IQMaps_Points">
		<SimpleData name="Category">Point</SimpleData>
		<SimpleData name="Channel">15</SimpleData>
		<SimpleData name="CrossDist">1741.987916</SimpleData>
		<SimpleData name="IdNumber">16</SimpleData>
		<SimpleData name="Parent">Feature 0003</SimpleData>
		<SimpleData name="Survey">Survey_2025-04-18_16-18-21</SimpleData>
		<SimpleData name="Swath">13</SimpleData>
	</SchemaData></ExtendedData>
      <Point><coordinates>-86.9774207809227,40.4765368874655,-1.1</coordinates></Point>
  </Placemark>
  <Placemark>
	<ExtendedData><SchemaData schemaUrl="#IQMaps_Points">
		<SimpleData name="Category">Point</SimpleData>
		<SimpleData name="Channel">10</SimpleData>
		<SimpleData name="CrossDist">2755.560644</SimpleData>
		<SimpleData name="IdNumber">1</SimpleData>
		<SimpleData name="Parent">Feature 0005</SimpleData>
		<SimpleData name="Survey">Survey_2025-04-18_16-18-21</SimpleData>
		<SimpleData name="Swath">12</SimpleData>
	</SchemaData></ExtendedData>
      <Point><coordinates>-86.9800646669804,40.4758403836354,-0.79375</coordinates></Point>
  </Placemark>
  <Placemark>
	<ExtendedData><SchemaData schemaUrl="#IQMaps_Points">
		<SimpleData name="Category">Point</SimpleData>
		<SimpleData name="Channel">11</SimpleData>
		<SimpleData name="CrossDist">3260.033638</SimpleData>
		<SimpleData name="IdNumber">2</SimpleData>
		<SimpleData name="Parent">Feature 0005</SimpleData>
		<SimpleData name="Survey">Survey_2025-04-18_16-18-21</SimpleData>
		<SimpleData name="Swath">12</SimpleData>
	</SchemaData></ExtendedData>
      <Point><coordinates>-86.9799377909857,40.4758351618038,-0.68125</coordinates></Point>
  </Placemark>
  <Placemark>
	<ExtendedData><SchemaData schemaUrl="#IQMaps_Points">
		<SimpleData name="Category">Point</SimpleData>
		<SimpleData name="Channel">15</SimpleData>
		<SimpleData name="CrossDist">3310.690525</SimpleData>
		<SimpleData name="IdNumber">3</SimpleData>
		<SimpleData name="Parent">Feature 0005</SimpleData>
		<SimpleData name="Survey">Survey_2025-04-18_16-18-21</SimpleData>
		<SimpleData name="Swath">12</SimpleData>
	</SchemaData></ExtendedData>
      <Point><coordinates>-86.9798125523923,40.4758321212118,-0.59375</coordinates></Point>
  </Placemark>
  <Placemark>
	<ExtendedData><SchemaData schemaUrl="#IQMaps_Points">
		<SimpleData name="Category">Point</SimpleData>
		<SimpleData name="Channel">14</SimpleData>
		<SimpleData name="CrossDist">3825.603345</SimpleData>
		<SimpleData name="IdNumber">4</SimpleData>
		<SimpleData name="Parent">Feature 0005</SimpleData>
		<SimpleData name="Survey">Survey_2025-04-18_16-18-21</SimpleData>
		<SimpleData name="Swath">12</SimpleData>
	</SchemaData></ExtendedData>
      <Point><coordinates>-86.9796893238431,40.475827289473,-0.7125</coordinates></Point>
  </Placemark>
  <Placemark>
	<ExtendedData><SchemaData schemaUrl="#IQMaps_Points">
		<SimpleData name="Category">Point</SimpleData>
		<SimpleData name="Channel">15</SimpleData>
		<SimpleData name="CrossDist">3874.006179</SimpleData>
		<SimpleData name="IdNumber">5</SimpleData>
		<SimpleData name="Parent">Feature 0005</SimpleData>
		<SimpleData name="Survey">Survey_2025-04-18_16-18-21</SimpleData>
		<SimpleData name="Swath">12</SimpleData>
	</SchemaData></ExtendedData>
      <Point><coordinates>-86.9795608857255,40.4758213922126,-0.6375</coordinates></Point>
  </Placemark>
  <Placemark>
	<ExtendedData><SchemaData schemaUrl="#IQMaps_Points">
		<SimpleData name="Category">Point</SimpleData>
		<SimpleData name="Channel">15</SimpleData>
		<SimpleData name="CrossDist">4438.508176</SimpleData>
		<SimpleData name="IdNumber">6</SimpleData>
		<SimpleData name="Parent">Feature 0005</SimpleData>
		<SimpleData name="Survey">Survey_2025-04-18_16-18-21</SimpleData>
		<SimpleData name="Swath">12</SimpleData>
	</SchemaData></ExtendedData>
      <Point><coordinates>-86.979309219059,40.4758147623009,-0.7</coordinates></Point>
  </Placemark>
  <Placemark>
	<ExtendedData><SchemaData schemaUrl="#IQMaps_Points">
		<SimpleData name="Category">Point</SimpleData>
		<SimpleData name="Channel">10</SimpleData>
		<SimpleData name="CrossDist">5521.482026</SimpleData>
		<SimpleData name="IdNumber">7</SimpleData>
		<SimpleData name="Parent">Feature 0005</SimpleData>
		<SimpleData name="Survey">Survey_2025-04-18_16-18-21</SimpleData>
		<SimpleData name="Swath">12</SimpleData>
	</SchemaData></ExtendedData>
      <Point><coordinates>-86.9788075072151,40.4758105318229,-0.71875</coordinates></Point>
  </Placemark>
  <Placemark>
	<ExtendedData><SchemaData schemaUrl="#IQMaps_Points">
		<SimpleData name="Category">Point</SimpleData>
		<SimpleData name="Channel">15</SimpleData>
		<SimpleData name="CrossDist">5973.360438</SimpleData>
		<SimpleData name="IdNumber">8</SimpleData>
		<SimpleData name="Parent">Feature 0005</SimpleData>
		<SimpleData name="Survey">Survey_2025-04-18_16-18-21</SimpleData>
		<SimpleData name="Swath">12</SimpleData>
	</SchemaData></ExtendedData>
      <Point><coordinates>-86.9786775281837,40.4758092927709,-0.76875</coordinates></Point>
  </Placemark>
  <Placemark>
	<ExtendedData><SchemaData schemaUrl="#IQMaps_Points">
		<SimpleData name="Category">Point</SimpleData>
		<SimpleData name="Channel">10</SimpleData>
		<SimpleData name="CrossDist">6019.706942</SimpleData>
		<SimpleData name="IdNumber">9</SimpleData>
		<SimpleData name="Parent">Feature 0005</SimpleData>
		<SimpleData name="Survey">Survey_2025-04-18_16-18-21</SimpleData>
		<SimpleData name="Swath">12</SimpleData>
	</SchemaData></ExtendedData>
      <Point><coordinates>-86.9785545526013,40.4758072682459,-0.7125</coordinates></Point>
  </Placemark>
  <Placemark>
	<ExtendedData><SchemaData schemaUrl="#IQMaps_Points">
		<SimpleData name="Category">Point</SimpleData>
		<SimpleData name="Channel">14</SimpleData>
		<SimpleData name="CrossDist">6475.065296</SimpleData>
		<SimpleData name="IdNumber">10</SimpleData>
		<SimpleData name="Parent">Feature 0005</SimpleData>
		<SimpleData name="Survey">Survey_2025-04-18_16-18-21</SimpleData>
		<SimpleData name="Swath">12</SimpleData>
	</SchemaData></ExtendedData>
      <Point><coordinates>-86.9784309905098,40.4758044112634,-0.63125</coordinates></Point>
  </Placemark>
  <Placemark>
	<ExtendedData><SchemaData schemaUrl="#IQMaps_Points">
		<SimpleData name="Category">Point</SimpleData>
		<SimpleData name="Channel">10</SimpleData>
		<SimpleData name="CrossDist">6519.830007</SimpleData>
		<SimpleData name="IdNumber">11</SimpleData>
		<SimpleData name="Parent">Feature 0005</SimpleData>
		<SimpleData name="Survey">Survey_2025-04-18_16-18-21</SimpleData>
		<SimpleData name="Swath">12</SimpleData>
	</SchemaData></ExtendedData>
      <Point><coordinates>-86.978304095085,40.4758154052173,-0.8625</coordinates></Point>
  </Placemark>
  <Placemark>
	<ExtendedData><SchemaData schemaUrl="#IQMaps_Points">
		<SimpleData name="Category">Point</SimpleData>
		<SimpleData name="Channel">14</SimpleData>
		<SimpleData name="CrossDist">328.024103</SimpleData>
		<SimpleData name="IdNumber">12</SimpleData>
		<SimpleData name="Parent">Feature 0005</SimpleData>
		<SimpleData name="Survey">Survey_2025-04-18_16-18-21</SimpleData>
		<SimpleData name="Swath">13</SimpleData>
	</SchemaData></ExtendedData>
      <Point><coordinates>-86.9781793238985,40.4758441614697,-0.8375</coordinates></Point>
  </Placemark>
  <Placemark>
	<ExtendedData><SchemaData schemaUrl="#IQMaps_Points">
		<SimpleData name="Category">Point</SimpleData>
		<SimpleData name="Channel">11</SimpleData>
		<SimpleData name="CrossDist">380.460506</SimpleData>
		<SimpleData name="IdNumber">13</SimpleData>
		<SimpleData name="Parent">Feature 0005</SimpleData>
		<SimpleData name="Survey">Survey_2025-04-18_16-18-21</SimpleData>
		<SimpleData name="Swath">13</SimpleData>
	</SchemaData></ExtendedData>
      <Point><coordinates>-86.978049114256,40.4759341533368,-1.1375</coordinates></Point>
  </Placemark>
  <Placemark>
	<ExtendedData><SchemaData schemaUrl="#IQMaps_Points">
		<SimpleData name="Category">Point</SimpleData>
		<SimpleData name="Channel">14</SimpleData>
		<SimpleData name="CrossDist">796.709054</SimpleData>
		<SimpleData name="IdNumber">14</SimpleData>
		<SimpleData name="Parent">Feature 0005</SimpleData>
		<SimpleData name="Survey">Survey_2025-04-18_16-18-21</SimpleData>
		<SimpleData name="Swath">13</SimpleData>
	</SchemaData></ExtendedData>
      <Point><coordinates>-86.9779272436492,40.4760381406801,-1.09375</coordinates></Point>
  </Placemark>
  <Placemark>
	<ExtendedData><SchemaData schemaUrl="#IQMaps_Points">
		<SimpleData name="Category">Point</SimpleData>
		<SimpleData name="Channel">11</SimpleData>
		<SimpleData name="CrossDist">903.954547</SimpleData>
		<SimpleData name="IdNumber">15</SimpleData>
		<SimpleData name="Parent">Feature 0005</SimpleData>
		<SimpleData name="Survey">Survey_2025-04-18_16-18-21</SimpleData>
		<SimpleData name="Swath">13</SimpleData>
	</SchemaData></ExtendedData>
      <Point><coordinates>-86.9777974475893,40.4761473047599,-1.05</coordinates></Point>
  </Placemark>
  <Placemark>
	<ExtendedData><SchemaData schemaUrl="#IQMaps_Points">
		<SimpleData name="Category">Point</SimpleData>
		<SimpleData name="Channel">14</SimpleData>
		<SimpleData name="CrossDist">1272.788882</SimpleData>
		<SimpleData name="IdNumber">16</SimpleData>
		<SimpleData name="Parent">Feature 0005</SimpleData>
		<SimpleData name="Survey">Survey_2025-04-18_16-18-21</SimpleData>
		<SimpleData name="Swath">13</SimpleData>
	</SchemaData></ExtendedData>
      <Point><coordinates>-86.9776745182392,40.4762545261095,-0.95</coordinates></Point>
  </Placemark>
  <Placemark>
	<ExtendedData><SchemaData schemaUrl="#IQMaps_Points">
		<SimpleData name="Category">Point</SimpleData>
		<SimpleData name="Channel">15</SimpleData>
		<SimpleData name="CrossDist">1428.239485</SimpleData>
		<SimpleData name="IdNumber">17</SimpleData>
		<SimpleData name="Parent">Feature 0005</SimpleData>
		<SimpleData name="Survey">Survey_2025-04-18_16-18-21</SimpleData>
		<SimpleData name="Swath">13</SimpleData>
	</SchemaData></ExtendedData>
      <Point><coordinates>-86.9775475524106,40.4763621155941,-0.9625</coordinates></Point>
  </Placemark>
  <Placemark>
	<ExtendedData><SchemaData schemaUrl="#IQMaps_Points">
		<SimpleData name="Category">Point</SimpleData>
		<SimpleData name="Channel">13</SimpleData>
		<SimpleData name="CrossDist">1747.840546</SimpleData>
		<SimpleData name="IdNumber">18</SimpleData>
		<SimpleData name="Parent">Feature 0005</SimpleData>
		<SimpleData name="Survey">Survey_2025-04-18_16-18-21</SimpleData>
		<SimpleData name="Swath">13</SimpleData>
	</SchemaData></ExtendedData>
      <Point><coordinates>-86.977417237947,40.4764843602765,-0.925</coordinates></Point>
  </Placemark>
  <Placemark>
	<ExtendedData><SchemaData schemaUrl="#IQMaps_Points">
		<SimpleData name="Category">Point</SimpleData>
		<SimpleData name="Channel">14</SimpleData>
		<SimpleData name="CrossDist">5427.444495</SimpleData>
		<SimpleData name="IdNumber">1</SimpleData>
		<SimpleData name="Parent">Feature 0006</SimpleData>
		<SimpleData name="Survey">Survey_2025-04-18_16-18-21</SimpleData>
		<SimpleData name="Swath">12</SimpleData>
	</SchemaData></ExtendedData>
      <Point><coordinates>-86.978934323843,40.4762367475718,-0.9875</coordinates></Point>
  </Placemark>
  <Placemark>
	<ExtendedData><SchemaData schemaUrl="#IQMaps_Points">
		<SimpleData name="Category">Point</SimpleData>
		<SimpleData name="Channel">11</SimpleData>
		<SimpleData name="CrossDist">5568.777605</SimpleData>
		<SimpleData name="IdNumber">2</SimpleData>
		<SimpleData name="Parent">Feature 0006</SimpleData>
		<SimpleData name="Survey">Survey_2025-04-18_16-18-21</SimpleData>
		<SimpleData name="Swath">12</SimpleData>
	</SchemaData></ExtendedData>
      <Point><coordinates>-86.9788041142745,40.4762351565286,-0.88125</coordinates></Point>
  </Placemark>
  <Placemark>
	<ExtendedData><SchemaData schemaUrl="#IQMaps_Points">
		<SimpleData name="Category">Point</SimpleData>
		<SimpleData name="Channel">11</SimpleData>
		<SimpleData name="CrossDist">5926.183493</SimpleData>
		<SimpleData name="IdNumber">3</SimpleData>
		<SimpleData name="Parent">Feature 0006</SimpleData>
		<SimpleData name="Survey">Survey_2025-04-18_16-18-21</SimpleData>
		<SimpleData name="Swath">12</SimpleData>
	</SchemaData></ExtendedData>
      <Point><coordinates>-86.9786796917691,40.4762322497704,-0.9625</coordinates></Point>
  </Placemark>
  <Placemark>
	<ExtendedData><SchemaData schemaUrl="#IQMaps_Points">
		<SimpleData name="Category">Point</SimpleData>
		<SimpleData name="Channel">10</SimpleData>
		<SimpleData name="CrossDist">6066.527983</SimpleData>
		<SimpleData name="IdNumber">4</SimpleData>
		<SimpleData name="Parent">Feature 0006</SimpleData>
		<SimpleData name="Survey">Survey_2025-04-18_16-18-21</SimpleData>
		<SimpleData name="Swath">12</SimpleData>
	</SchemaData></ExtendedData>
      <Point><coordinates>-86.9785559905098,40.4762272274555,-0.8625</coordinates></Point>
  </Placemark>
  <Placemark>
	<ExtendedData><SchemaData schemaUrl="#IQMaps_Points">
		<SimpleData name="Category">Point</SimpleData>
		<SimpleData name="Channel">14</SimpleData>
		<SimpleData name="CrossDist">6428.600157</SimpleData>
		<SimpleData name="IdNumber">5</SimpleData>
		<SimpleData name="Parent">Feature 0006</SimpleData>
		<SimpleData name="Survey">Survey_2025-04-18_16-18-21</SimpleData>
		<SimpleData name="Swath">12</SimpleData>
	</SchemaData></ExtendedData>
      <Point><coordinates>-86.9784296783775,40.4762210046477,-0.76875</coordinates></Point>
  </Placemark>
  <Placemark>
	<ExtendedData><SchemaData schemaUrl="#IQMaps_Points">
		<SimpleData name="Category">Point</SimpleData>
		<SimpleData name="Channel">14</SimpleData>
		<SimpleData name="CrossDist">288.202491</SimpleData>
		<SimpleData name="IdNumber">6</SimpleData>
		<SimpleData name="Parent">Feature 0006</SimpleData>
		<SimpleData name="Survey">Survey_2025-04-18_16-18-21</SimpleData>
		<SimpleData name="Swath">13</SimpleData>
	</SchemaData></ExtendedData>
      <Point><coordinates>-86.9781793238985,40.4762025876031,-0.85625</coordinates></Point>
  </Placemark>
  <Placemark>
	<ExtendedData><SchemaData schemaUrl="#IQMaps_Points">
		<SimpleData name="Category">Point</SimpleData>
		<SimpleData name="Channel">2</SimpleData>
		<SimpleData name="CrossDist">4252.014907</SimpleData>
		<SimpleData name="IdNumber">1</SimpleData>
		<SimpleData name="Parent">Feature 0007</SimpleData>
		<SimpleData name="Survey">Survey_2025-04-18_16-18-21</SimpleData>
		<SimpleData name="Swath">12</SimpleData>
	</SchemaData></ExtendedData>
      <Point><coordinates>-86.9794334588379,40.4770733308306,-0.90625</coordinates></Point>
  </Placemark>
  <Placemark>
	<ExtendedData><SchemaData schemaUrl="#IQMaps_Points">
		<SimpleData name="Category">Point</SimpleData>
		<SimpleData name="Channel">6</SimpleData>
		<SimpleData name="CrossDist">4578.931755</SimpleData>
		<SimpleData name="IdNumber">2</SimpleData>
		<SimpleData name="Parent">Feature 0007</SimpleData>
		<SimpleData name="Survey">Survey_2025-04-18_16-18-21</SimpleData>
		<SimpleData name="Swath">12</SimpleData>
	</SchemaData></ExtendedData>
      <Point><coordinates>-86.9793105137208,40.4770751125318,-0.9875</coordinates></Point>
  </Placemark>
  <Placemark>
	<ExtendedData><SchemaData schemaUrl="#IQMaps_Points">
		<SimpleData name="Category">Point</SimpleData>
		<SimpleData name="Channel">10</SimpleData>
		<SimpleData name="CrossDist">5306.595591</SimpleData>
		<SimpleData name="IdNumber">1</SimpleData>
		<SimpleData name="Parent">Feature 0008</SimpleData>
		<SimpleData name="Survey">Survey_2025-04-18_16-18-21</SimpleData>
		<SimpleData name="Swath">12</SimpleData>
	</SchemaData></ExtendedData>
      <Point><coordinates>-86.9789290094902,40.4773235516627,-0.6</coordinates></Point>
  </Placemark>
  <Placemark>
	<ExtendedData><SchemaData schemaUrl="#IQMaps_Points">
		<SimpleData name="Category">Point</SimpleData>
		<SimpleData name="Channel">11</SimpleData>
		<SimpleData name="CrossDist">5689.586964</SimpleData>
		<SimpleData name="IdNumber">2</SimpleData>
		<SimpleData name="Parent">Feature 0008</SimpleData>
		<SimpleData name="Survey">Survey_2025-04-18_16-18-21</SimpleData>
		<SimpleData name="Swath">12</SimpleData>
	</SchemaData></ExtendedData>
      <Point><coordinates>-86.9788027580654,40.4773205160456,-0.93125</coordinates></Point>
  </Placemark>
  <Placemark>
	<ExtendedData><SchemaData schemaUrl="#IQMaps_Points">
		<SimpleData name="Category">Point</SimpleData>
		<SimpleData name="Channel">11</SimpleData>
		<SimpleData name="CrossDist">6187.930514</SimpleData>
		<SimpleData name="IdNumber">3</SimpleData>
		<SimpleData name="Parent">Feature 0008</SimpleData>
		<SimpleData name="Survey">Survey_2025-04-18_16-18-21</SimpleData>
		<SimpleData name="Swath">12</SimpleData>
	</SchemaData></ExtendedData>
      <Point><coordinates>-86.9785524476078,40.477318431357,-0.65625</coordinates></Point>
  </Placemark>
  <Placemark>
	<ExtendedData><SchemaData schemaUrl="#IQMaps_Points">
		<SimpleData name="Category">Point</SimpleData>
		<SimpleData name="Channel">11</SimpleData>
		<SimpleData name="CrossDist">533.894324</SimpleData>
		<SimpleData name="IdNumber">4</SimpleData>
		<SimpleData name="Parent">Feature 0008</SimpleData>
		<SimpleData name="Survey">Survey_2025-04-18_16-18-21</SimpleData>
		<SimpleData name="Swath">13</SimpleData>
	</SchemaData></ExtendedData>
      <Point><coordinates>-86.978049114256,40.4773138473568,-0.68125</coordinates></Point>
  </Placemark>
  <Placemark>
	<ExtendedData><SchemaData schemaUrl="#IQMaps_Points">
		<SimpleData name="Category">Point</SimpleData>
		<SimpleData name="Channel">10</SimpleData>
		<SimpleData name="CrossDist">3514.108968</SimpleData>
		<SimpleData name="IdNumber">1</SimpleData>
		<SimpleData name="Parent">Feature 0009</SimpleData>
		<SimpleData name="Survey">Survey_2025-04-18_16-18-21</SimpleData>
		<SimpleData name="Swath">13</SimpleData>
	</SchemaData></ExtendedData>
      <Point><coordinates>-86.9808226572318,40.4782600733143,-0.64375</coordinates></Point>
  </Placemark>
  <Placemark>
	<ExtendedData><SchemaData schemaUrl="#IQMaps_Points">
		<SimpleData name="Category">Point</SimpleData>
		<SimpleData name="Channel">11</SimpleData>
		<SimpleData name="CrossDist">4950.652861</SimpleData>
		<SimpleData name="IdNumber">2</SimpleData>
		<SimpleData name="Parent">Feature 0009</SimpleData>
		<SimpleData name="Survey">Survey_2025-04-18_16-18-21</SimpleData>
		<SimpleData name="Swath">13</SimpleData>
	</SchemaData></ExtendedData>
      <Point><coordinates>-86.9809458857441,40.4782599321943,-0.575</coordinates></Point>
  </Placemark>
  <Placemark>
	<ExtendedData><SchemaData schemaUrl="#IQMaps_Points">
		<SimpleData name="Category">Point</SimpleData>
		<SimpleData name="Channel">14</SimpleData>
		<SimpleData name="CrossDist">5028.635203</SimpleData>
		<SimpleData name="IdNumber">1</SimpleData>
		<SimpleData name="Parent">Feature 0010</SimpleData>
		<SimpleData name="Survey">Survey_2025-04-18_16-18-21</SimpleData>
		<SimpleData name="Swath">14</SimpleData>
	</SchemaData></ExtendedData>
      <Point><coordinates>-86.9816898733554,40.4781430864618,-0.96875</coordinates></Point>
  </Placemark>
  <Placemark>
	<ExtendedData><SchemaData schemaUrl="#IQMaps_Points">
		<SimpleData name="Category">Point</SimpleData>
		<SimpleData name="Channel">10</SimpleData>
		<SimpleData name="CrossDist">3563.500421</SimpleData>
		<SimpleData name="IdNumber">2</SimpleData>
		<SimpleData name="Parent">Feature 0010</SimpleData>
		<SimpleData name="Survey">Survey_2025-04-18_16-18-21</SimpleData>
		<SimpleData name="Swath">14</SimpleData>
	</SchemaData></ExtendedData>
      <Point><coordinates>-86.9815809905676,40.4781255199379,-0.925</coordinates></Point>
  </Placemark>
  <Placemark>
	<ExtendedData><SchemaData schemaUrl="#IQMaps_Points">
		<SimpleData name="Category">Point</SimpleData>
		<SimpleData name="Channel">11</SimpleData>
		<SimpleData name="CrossDist">1045.959919</SimpleData>
		<SimpleData name="IdNumber">3</SimpleData>
		<SimpleData name="Parent">Feature 0010</SimpleData>
		<SimpleData name="Survey">Survey_2025-04-18_16-18-21</SimpleData>
		<SimpleData name="Swath">14</SimpleData>
	</SchemaData></ExtendedData>
      <Point><coordinates>-86.9813246241497,40.4780961112772,-0.84375</coordinates></Point>
  </Placemark>
  <Placemark>
	<ExtendedData><SchemaData schemaUrl="#IQMaps_Points">
		<SimpleData name="Category">Point</SimpleData>
		<SimpleData name="Channel">15</SimpleData>
		<SimpleData name="CrossDist">7540.046262</SimpleData>
		<SimpleData name="IdNumber">4</SimpleData>
		<SimpleData name="Parent">Feature 0010</SimpleData>
		<SimpleData name="Survey">Survey_2025-04-18_16-18-21</SimpleData>
		<SimpleData name="Swath">13</SimpleData>
	</SchemaData></ExtendedData>
      <Point><coordinates>-86.9811959933409,40.4780867513044,-1.0125</coordinates></Point>
  </Placemark>
  <Placemark>
	<ExtendedData><SchemaData schemaUrl="#IQMaps_Points">
		<SimpleData name="Category">Point</SimpleData>
		<SimpleData name="Channel">10</SimpleData>
		<SimpleData name="CrossDist">6064.155295</SimpleData>
		<SimpleData name="IdNumber">5</SimpleData>
		<SimpleData name="Parent">Feature 0010</SimpleData>
		<SimpleData name="Survey">Survey_2025-04-18_16-18-21</SimpleData>
		<SimpleData name="Swath">13</SimpleData>
	</SchemaData></ExtendedData>
      <Point><coordinates>-86.9810743238984,40.4780736810527,-0.99375</coordinates></Point>
  </Placemark>
  <Placemark>
	<ExtendedData><SchemaData schemaUrl="#IQMaps_Points">
		<SimpleData name="Category">Point</SimpleData>
		<SimpleData name="Channel">14</SimpleData>
		<SimpleData name="CrossDist">4972.718858</SimpleData>
		<SimpleData name="IdNumber">6</SimpleData>
		<SimpleData name="Parent">Feature 0010</SimpleData>
		<SimpleData name="Survey">Survey_2025-04-18_16-18-21</SimpleData>
		<SimpleData name="Swath">13</SimpleData>
	</SchemaData></ExtendedData>
      <Point><coordinates>-86.9809476572319,40.4780621806357,-1.05</coordinates></Point>
  </Placemark>
  <Placemark>
	<ExtendedData><SchemaData schemaUrl="#IQMaps_Points">
		<SimpleData name="Category">Point</SimpleData>
		<SimpleData name="Channel">16</SimpleData>
		<SimpleData name="CrossDist">5030.058816</SimpleData>
		<SimpleData name="IdNumber">1</SimpleData>
		<SimpleData name="Parent">Feature 0011</SimpleData>
		<SimpleData name="Survey">Survey_2025-04-18_16-18-21</SimpleData>
		<SimpleData name="Swath">14</SimpleData>
	</SchemaData></ExtendedData>
      <Point><coordinates>-86.9816910953904,40.4781304474558,-0.96875</coordinates></Point>
  </Placemark>
  <Placemark>
	<ExtendedData><SchemaData schemaUrl="#IQMaps_Points">
		<SimpleData name="Category">Point</SimpleData>
		<SimpleData name="Channel">13</SimpleData>
		<SimpleData name="CrossDist">5029.070196</SimpleData>
		<SimpleData name="IdNumber">2</SimpleData>
		<SimpleData name="Parent">Feature 0011</SimpleData>
		<SimpleData name="Survey">Survey_2025-04-18_16-18-21</SimpleData>
		<SimpleData name="Swath">14</SimpleData>
	</SchemaData></ExtendedData>
      <Point><coordinates>-86.9816824434009,40.4781393916253,-0.96875</coordinates></Point>
  </Placemark>
  <Placemark>
	<ExtendedData><SchemaData schemaUrl="#IQMaps_Points">
		<SimpleData name="Category">Point</SimpleData>
		<SimpleData name="Channel">11</SimpleData>
		<SimpleData name="CrossDist">1698.765451</SimpleData>
		<SimpleData name="IdNumber">1</SimpleData>
		<SimpleData name="Parent">Feature 0013</SimpleData>
		<SimpleData name="Survey">Survey_2025-04-18_16-18-21</SimpleData>
		<SimpleData name="Swath">17</SimpleData>
	</SchemaData></ExtendedData>
      <Point><coordinates>-86.9829621083219,40.4785182700579,-0.81875</coordinates></Point>
  </Placemark>
  <Placemark>
	<ExtendedData><SchemaData schemaUrl="#IQMaps_Points">
		<SimpleData name="Category">Point</SimpleData>
		<SimpleData name="Channel">13</SimpleData>
		<SimpleData name="CrossDist">315.409312</SimpleData>
		<SimpleData name="IdNumber">2</SimpleData>
		<SimpleData name="Parent">Feature 0013</SimpleData>
		<SimpleData name="Survey">Survey_2025-04-18_16-18-21</SimpleData>
		<SimpleData name="Swath">17</SimpleData>
	</SchemaData></ExtendedData>
      <Point><coordinates>-86.9828410954013,40.4785140392937,-0.76875</coordinates></Point>
  </Placemark>
  <Placemark>
	<ExtendedData><SchemaData schemaUrl="#IQMaps_Points">
		<SimpleData name="Category">Point</SimpleData>
		<SimpleData name="Channel">10</SimpleData>
		<SimpleData name="CrossDist">478.887509</SimpleData>
		<SimpleData name="IdNumber">1</SimpleData>
		<SimpleData name="Parent">Feature 0014</SimpleData>
		<SimpleData name="Survey">Survey_2025-04-18_16-18-21</SimpleData>
		<SimpleData name="Swath">16</SimpleData>
	</SchemaData></ExtendedData>
      <Point><coordinates>-86.982335990574,40.476331467656,-0.54375</coordinates></Point>
  </Placemark>
  <Placemark>
	<ExtendedData><SchemaData schemaUrl="#IQMaps_Points">
		<SimpleData name="Category">Point</SimpleData>
		<SimpleData name="Channel">15</SimpleData>
		<SimpleData name="CrossDist">2955.420056</SimpleData>
		<SimpleData name="IdNumber">2</SimpleData>
		<SimpleData name="Parent">Feature 0014</SimpleData>
		<SimpleData name="Survey">Survey_2025-04-18_16-18-21</SimpleData>
		<SimpleData name="Swath">16</SimpleData>
	</SchemaData></ExtendedData>
      <Point><coordinates>-86.9825858857469,40.4763270948556,-0.6125</coordinates></Point>
  </Placemark>
  <Placemark>
	<ExtendedData><SchemaData schemaUrl="#IQMaps_Points">
		<SimpleData name="Category">Point</SimpleData>
		<SimpleData name="Channel">16</SimpleData>
		<SimpleData name="CrossDist">289.547014</SimpleData>
		<SimpleData name="IdNumber">3</SimpleData>
		<SimpleData name="Parent">Feature 0014</SimpleData>
		<SimpleData name="Survey">Survey_2025-04-23_19-07-30</SimpleData>
		<SimpleData name="Swath">0</SimpleData>
	</SchemaData></ExtendedData>
      <Point><coordinates>-86.9836139046923,40.4763254087996,-0.65625</coordinates></Point>
  </Placemark>
  <Placemark>
	<ExtendedData><SchemaData schemaUrl="#IQMaps_Points">
		<SimpleData name="Category">Point</SimpleData>
		<SimpleData name="Channel">13</SimpleData>
		<SimpleData name="CrossDist">5245.498878</SimpleData>
		<SimpleData name="IdNumber">4</SimpleData>
		<SimpleData name="Parent">Feature 0014</SimpleData>
		<SimpleData name="Survey">Survey_2025-04-23_19-07-30</SimpleData>
		<SimpleData name="Swath">5</SimpleData>
	</SchemaData></ExtendedData>
      <Point><coordinates>-86.9838827620693,40.4763239629875,-0.71875</coordinates></Point>
  </Placemark>
  <Placemark>
	<ExtendedData><SchemaData schemaUrl="#IQMaps_Points">
		<SimpleData name="Category">Point</SimpleData>
		<SimpleData name="Channel">11</SimpleData>
		<SimpleData name="CrossDist">4613.217096</SimpleData>
		<SimpleData name="IdNumber">5</SimpleData>
		<SimpleData name="Parent">Feature 0014</SimpleData>
		<SimpleData name="Survey">Survey_2025-04-23_19-07-30</SimpleData>
		<SimpleData name="Swath">5</SimpleData>
	</SchemaData></ExtendedData>
      <Point><coordinates>-86.9842558326362,40.4763285464682,-0.93125</coordinates></Point>
  </Placemark>
  <Placemark>
	<ExtendedData><SchemaData schemaUrl="#IQMaps_Points">
		<SimpleData name="Category">Point</SimpleData>
		<SimpleData name="Channel">14</SimpleData>
		<SimpleData name="CrossDist">4646.513816</SimpleData>
		<SimpleData name="IdNumber">6</SimpleData>
		<SimpleData name="Parent">Feature 0014</SimpleData>
		<SimpleData name="Survey">Survey_2025-04-23_19-07-30</SimpleData>
		<SimpleData name="Swath">2</SimpleData>
	</SchemaData></ExtendedData>
      <Point><coordinates>-86.9843755003777,40.4763236336282,-0.93125</coordinates></Point>
  </Placemark>
  <Placemark>
	<ExtendedData><SchemaData schemaUrl="#IQMaps_Points">
		<SimpleData name="Category">Point</SimpleData>
		<SimpleData name="Channel">15</SimpleData>
		<SimpleData name="CrossDist">5260.604991</SimpleData>
		<SimpleData name="IdNumber">7</SimpleData>
		<SimpleData name="Parent">Feature 0014</SimpleData>
		<SimpleData name="Survey">Survey_2025-04-23_19-07-30</SimpleData>
		<SimpleData name="Swath">2</SimpleData>
	</SchemaData></ExtendedData>
      <Point><coordinates>-86.9844975524134,40.4763225110386,-0.93125</coordinates></Point>
  </Placemark>
  <Placemark>
	<ExtendedData><SchemaData schemaUrl="#IQMaps_Points">
		<SimpleData name="Category">Point</SimpleData>
		<SimpleData name="Channel">16</SimpleData>
		<SimpleData name="CrossDist">7132.774383</SimpleData>
		<SimpleData name="IdNumber">8</SimpleData>
		<SimpleData name="Parent">Feature 0014</SimpleData>
		<SimpleData name="Survey">Survey_2025-04-23_19-07-30</SimpleData>
		<SimpleData name="Swath">2</SimpleData>
	</SchemaData></ExtendedData>
      <Point><coordinates>-86.9846310954008,40.4763230699262,-0.86875</coordinates></Point>
  </Placemark>
  <Placemark>
	<ExtendedData><SchemaData schemaUrl="#IQMaps_Points">
		<SimpleData name="Category">Point</SimpleData>
		<SimpleData name="Channel">15</SimpleData>
		<SimpleData name="CrossDist">426.292927</SimpleData>
		<SimpleData name="IdNumber">9</SimpleData>
		<SimpleData name="Parent">Feature 0014</SimpleData>
		<SimpleData name="Survey">Survey_2025-04-23_19-07-30</SimpleData>
		<SimpleData name="Swath">3</SimpleData>
	</SchemaData></ExtendedData>
      <Point><coordinates>-86.9847525524136,40.4763208023899,-0.86875</coordinates></Point>
  </Placemark>
  <Placemark>
	<ExtendedData><SchemaData schemaUrl="#IQMaps_Points">
		<SimpleData name="Category">Point</SimpleData>
		<SimpleData name="Channel">16</SimpleData>
		<SimpleData name="CrossDist">4336.561686</SimpleData>
		<SimpleData name="IdNumber">10</SimpleData>
		<SimpleData name="Parent">Feature 0014</SimpleData>
		<SimpleData name="Survey">Survey_2025-04-23_19-07-30</SimpleData>
		<SimpleData name="Swath">3</SimpleData>
	</SchemaData></ExtendedData>
      <Point><coordinates>-86.985131340499,40.4763224865929,-1.025</coordinates></Point>
  </Placemark>
  <Placemark>
	<ExtendedData><SchemaData schemaUrl="#IQMaps_Points">
		<SimpleData name="Category">Point</SimpleData>
		<SimpleData name="Channel">11</SimpleData>
		<SimpleData name="CrossDist">433.292356</SimpleData>
		<SimpleData name="IdNumber">1</SimpleData>
		<SimpleData name="Parent">Feature 0015</SimpleData>
		<SimpleData name="Survey">Survey_2025-04-18_16-18-21</SimpleData>
		<SimpleData name="Swath">16</SimpleData>
	</SchemaData></ExtendedData>
      <Point><coordinates>-86.9823341142532,40.4759221936142,-0.6875</coordinates></Point>
  </Placemark>
  <Placemark>
	<ExtendedData><SchemaData schemaUrl="#IQMaps_Points">
		<SimpleData name="Category">Point</SimpleData>
		<SimpleData name="Channel">10</SimpleData>
		<SimpleData name="CrossDist">2392.064857</SimpleData>
		<SimpleData name="IdNumber">2</SimpleData>
		<SimpleData name="Parent">Feature 0015</SimpleData>
		<SimpleData name="Survey">Survey_2025-04-18_16-18-21</SimpleData>
		<SimpleData name="Swath">16</SimpleData>
	</SchemaData></ExtendedData>
      <Point><coordinates>-86.9824579682078,40.4759205440168,-0.6875</coordinates></Point>
  </Placemark>
  <Placemark>
	<ExtendedData><SchemaData schemaUrl="#IQMaps_Points">
		<SimpleData name="Category">Point</SimpleData>
		<SimpleData name="Channel">10</SimpleData>
		<SimpleData name="CrossDist">2910.141262</SimpleData>
		<SimpleData name="IdNumber">3</SimpleData>
		<SimpleData name="Parent">Feature 0015</SimpleData>
		<SimpleData name="Survey">Survey_2025-04-18_16-18-21</SimpleData>
		<SimpleData name="Swath">16</SimpleData>
	</SchemaData></ExtendedData>
      <Point><coordinates>-86.9825893239072,40.475920165603,-0.6875</coordinates></Point>
  </Placemark>
  <Placemark>
	<ExtendedData><SchemaData schemaUrl="#IQMaps_Points">
		<SimpleData name="Category">Point</SimpleData>
		<SimpleData name="Channel">14</SimpleData>
		<SimpleData name="CrossDist">4870.930547</SimpleData>
		<SimpleData name="IdNumber">4</SimpleData>
		<SimpleData name="Parent">Feature 0015</SimpleData>
		<SimpleData name="Survey">Survey_2025-04-18_16-18-21</SimpleData>
		<SimpleData name="Swath">16</SimpleData>
	</SchemaData></ExtendedData>
      <Point><coordinates>-86.9827143239072,40.475920283076,-0.6875</coordinates></Point>
  </Placemark>
  <Placemark>
	<ExtendedData><SchemaData schemaUrl="#IQMaps_Points">
		<SimpleData name="Category">Point</SimpleData>
		<SimpleData name="Channel">15</SimpleData>
		<SimpleData name="CrossDist">27.009097</SimpleData>
		<SimpleData name="IdNumber">5</SimpleData>
		<SimpleData name="Parent">Feature 0015</SimpleData>
		<SimpleData name="Survey">Survey_2025-04-18_16-18-21</SimpleData>
		<SimpleData name="Swath">17</SimpleData>
	</SchemaData></ExtendedData>
      <Point><coordinates>-86.9828392190804,40.4759208132726,-0.6625</coordinates></Point>
  </Placemark>
  <Placemark>
	<ExtendedData><SchemaData schemaUrl="#IQMaps_Points">
		<SimpleData name="Category">Point</SimpleData>
		<SimpleData name="Channel">11</SimpleData>
		<SimpleData name="CrossDist">2508.603378</SimpleData>
		<SimpleData name="IdNumber">6</SimpleData>
		<SimpleData name="Parent">Feature 0015</SimpleData>
		<SimpleData name="Survey">Survey_2025-04-18_16-18-21</SimpleData>
		<SimpleData name="Swath">17</SimpleData>
	</SchemaData></ExtendedData>
      <Point><coordinates>-86.9830857809197,40.4759209958434,-0.61875</coordinates></Point>
  </Placemark>
  <Placemark>
	<ExtendedData><SchemaData schemaUrl="#IQMaps_Points">
		<SimpleData name="Category">Point</SimpleData>
		<SimpleData name="Channel">15</SimpleData>
		<SimpleData name="CrossDist">5215.484376</SimpleData>
		<SimpleData name="IdNumber">7</SimpleData>
		<SimpleData name="Parent">Feature 0015</SimpleData>
		<SimpleData name="Survey">Survey_2025-04-23_19-07-30</SimpleData>
		<SimpleData name="Swath">2</SimpleData>
	</SchemaData></ExtendedData>
      <Point><coordinates>-86.9844985818253,40.4759172780944,-0.90625</coordinates></Point>
  </Placemark>
  <Placemark>
	<ExtendedData><SchemaData schemaUrl="#IQMaps_Points">
		<SimpleData name="Category">Point</SimpleData>
		<SimpleData name="Channel">11</SimpleData>
		<SimpleData name="CrossDist">7177.894998</SimpleData>
		<SimpleData name="IdNumber">8</SimpleData>
		<SimpleData name="Parent">Feature 0015</SimpleData>
		<SimpleData name="Survey">Survey_2025-04-23_19-07-30</SimpleData>
		<SimpleData name="Swath">2</SimpleData>
	</SchemaData></ExtendedData>
      <Point><coordinates>-86.9846258857469,40.4759183019762,-0.83125</coordinates></Point>
  </Placemark>
  <Placemark>
	<ExtendedData><SchemaData schemaUrl="#IQMaps_Points">
		<SimpleData name="Category">Point</SimpleData>
		<SimpleData name="Channel">11</SimpleData>
		<SimpleData name="CrossDist">2345.125182</SimpleData>
		<SimpleData name="IdNumber">9</SimpleData>
		<SimpleData name="Parent">Feature 0015</SimpleData>
		<SimpleData name="Survey">Survey_2025-04-23_19-07-30</SimpleData>
		<SimpleData name="Swath">3</SimpleData>
	</SchemaData></ExtendedData>
      <Point><coordinates>-86.9848792190803,40.4759157048559,-0.75</coordinates></Point>
  </Placemark>
  <Placemark>
	<ExtendedData><SchemaData schemaUrl="#IQMaps_Points">
		<SimpleData name="Category">Point</SimpleData>
		<SimpleData name="Channel">10</SimpleData>
		<SimpleData name="CrossDist">2418.441238</SimpleData>
		<SimpleData name="IdNumber">10</SimpleData>
		<SimpleData name="Parent">Feature 0015</SimpleData>
		<SimpleData name="Survey">Survey_2025-04-23_19-07-30</SimpleData>
		<SimpleData name="Swath">3</SimpleData>
	</SchemaData></ExtendedData>
      <Point><coordinates>-86.9850053876146,40.4759152342067,-0.75</coordinates></Point>
  </Placemark>
  <Placemark>
	<ExtendedData><SchemaData schemaUrl="#IQMaps_Points">
		<SimpleData name="Category">Point</SimpleData>
		<SimpleData name="Channel">15</SimpleData>
		<SimpleData name="CrossDist">2423.898420</SimpleData>
		<SimpleData name="IdNumber">1</SimpleData>
		<SimpleData name="Parent">Feature 0016</SimpleData>
		<SimpleData name="Survey">Survey_2025-04-18_16-18-21</SimpleData>
		<SimpleData name="Swath">16</SimpleData>
	</SchemaData></ExtendedData>
      <Point><coordinates>-86.9824591142531,40.475634769504,-0.8</coordinates></Point>
  </Placemark>
  <Placemark>
	<ExtendedData><SchemaData schemaUrl="#IQMaps_Points">
		<SimpleData name="Category">Point</SimpleData>
		<SimpleData name="Channel">15</SimpleData>
		<SimpleData name="CrossDist">2878.307699</SimpleData>
		<SimpleData name="IdNumber">2</SimpleData>
		<SimpleData name="Parent">Feature 0016</SimpleData>
		<SimpleData name="Survey">Survey_2025-04-18_16-18-21</SimpleData>
		<SimpleData name="Swath">16</SimpleData>
	</SchemaData></ExtendedData>
      <Point><coordinates>-86.9825875524135,40.4756341083997,-0.8</coordinates></Point>
  </Placemark>
  <Placemark>
	<ExtendedData><SchemaData schemaUrl="#IQMaps_Points">
		<SimpleData name="Category">Point</SimpleData>
		<SimpleData name="Channel">11</SimpleData>
		<SimpleData name="CrossDist">4902.526841</SimpleData>
		<SimpleData name="IdNumber">3</SimpleData>
		<SimpleData name="Parent">Feature 0016</SimpleData>
		<SimpleData name="Survey">Survey_2025-04-18_16-18-21</SimpleData>
		<SimpleData name="Swath">16</SimpleData>
	</SchemaData></ExtendedData>
      <Point><coordinates>-86.9827125524135,40.475637031625,-0.8</coordinates></Point>
  </Placemark>
  <Placemark>
	<ExtendedData><SchemaData schemaUrl="#IQMaps_Points">
		<SimpleData name="Category">Point</SimpleData>
		<SimpleData name="Channel">14</SimpleData>
		<SimpleData name="CrossDist">4953.500086</SimpleData>
		<SimpleData name="IdNumber">1</SimpleData>
		<SimpleData name="Parent">Feature 0017</SimpleData>
		<SimpleData name="Survey">Survey_2025-04-18_16-18-21</SimpleData>
		<SimpleData name="Swath">16</SimpleData>
	</SchemaData></ExtendedData>
      <Point><coordinates>-86.9827143239072,40.4751791332703,-0.69375</coordinates></Point>
  </Placemark>
  <Placemark>
	<ExtendedData><SchemaData schemaUrl="#IQMaps_Points">
		<SimpleData name="Category">Point</SimpleData>
		<SimpleData name="Channel">15</SimpleData>
		<SimpleData name="CrossDist">2817.369164</SimpleData>
		<SimpleData name="IdNumber">2</SimpleData>
		<SimpleData name="Parent">Feature 0017</SimpleData>
		<SimpleData name="Survey">Survey_2025-04-18_16-18-21</SimpleData>
		<SimpleData name="Swath">16</SimpleData>
	</SchemaData></ExtendedData>
      <Point><coordinates>-86.9825875524135,40.4750865675515,-0.73125</coordinates></Point>
  </Placemark>
  <Placemark>
	<ExtendedData><SchemaData schemaUrl="#IQMaps_Points">
		<SimpleData name="Category">Point</SimpleData>
		<SimpleData name="Channel">11</SimpleData>
		<SimpleData name="CrossDist">2494.169527</SimpleData>
		<SimpleData name="IdNumber">3</SimpleData>
		<SimpleData name="Parent">Feature 0017</SimpleData>
		<SimpleData name="Survey">Survey_2025-04-18_16-18-21</SimpleData>
		<SimpleData name="Swath">16</SimpleData>
	</SchemaData></ExtendedData>
      <Point><coordinates>-86.9824608857469,40.4750026306715,-0.70625</coordinates></Point>
  </Placemark>
  <Placemark>
	<ExtendedData><SchemaData schemaUrl="#IQMaps_Points">
		<SimpleData name="Category">Point</SimpleData>
		<SimpleData name="Channel">14</SimpleData>
		<SimpleData name="CrossDist">317.109739</SimpleData>
		<SimpleData name="IdNumber">1</SimpleData>
		<SimpleData name="Parent">Feature 0018</SimpleData>
		<SimpleData name="Survey">Survey_2025-04-18_16-18-21</SimpleData>
		<SimpleData name="Swath">16</SimpleData>
	</SchemaData></ExtendedData>
      <Point><coordinates>-86.9823323427595,40.4748770696752,-0.875</coordinates></Point>
  </Placemark>
  <Placemark>
	<ExtendedData><SchemaData schemaUrl="#IQMaps_Points">
		<SimpleData name="Category">Point</SimpleData>
		<SimpleData name="Channel">11</SimpleData>
		<SimpleData name="CrossDist">2507.496124</SimpleData>
		<SimpleData name="IdNumber">2</SimpleData>
		<SimpleData name="Parent">Feature 0018</SimpleData>
		<SimpleData name="Survey">Survey_2025-04-18_16-18-21</SimpleData>
		<SimpleData name="Swath">16</SimpleData>
	</SchemaData></ExtendedData>
      <Point><coordinates>-86.9824608857469,40.4748827270182,-0.88125</coordinates></Point>
  </Placemark>
  <Placemark>
	<ExtendedData><SchemaData schemaUrl="#IQMaps_Points">
		<SimpleData name="Category">Point</SimpleData>
		<SimpleData name="Channel">15</SimpleData>
		<SimpleData name="CrossDist">4986.480448</SimpleData>
		<SimpleData name="IdNumber">3</SimpleData>
		<SimpleData name="Parent">Feature 0018</SimpleData>
		<SimpleData name="Survey">Survey_2025-04-18_16-18-21</SimpleData>
		<SimpleData name="Swath">16</SimpleData>
	</SchemaData></ExtendedData>
      <Point><coordinates>-86.9827107809197,40.4748825127324,-0.79375</coordinates></Point>
  </Placemark>
  <Placemark>
	<ExtendedData><SchemaData schemaUrl="#IQMaps_Points">
		<SimpleData name="Category">Point</SimpleData>
		<SimpleData name="Channel">15</SimpleData>
		<SimpleData name="CrossDist">5276.976537</SimpleData>
		<SimpleData name="IdNumber">4</SimpleData>
		<SimpleData name="Parent">Feature 0018</SimpleData>
		<SimpleData name="Survey">Survey_2025-04-18_16-18-21</SimpleData>
		<SimpleData name="Swath">16</SimpleData>
	</SchemaData></ExtendedData>
      <Point><coordinates>-86.9828375524136,40.4748888026275,-0.9</coordinates></Point>
  </Placemark>
  <Placemark>
	<ExtendedData><SchemaData schemaUrl="#IQMaps_Points">
		<SimpleData name="Category">Point</SimpleData>
		<SimpleData name="Channel">11</SimpleData>
		<SimpleData name="CrossDist">2394.398000</SimpleData>
		<SimpleData name="IdNumber">5</SimpleData>
		<SimpleData name="Parent">Feature 0018</SimpleData>
		<SimpleData name="Survey">Survey_2025-04-18_16-18-21</SimpleData>
		<SimpleData name="Swath">17</SimpleData>
	</SchemaData></ExtendedData>
      <Point><coordinates>-86.9830857809197,40.4748946164602,-0.9</coordinates></Point>
  </Placemark>
  <Placemark>
	<ExtendedData><SchemaData schemaUrl="#IQMaps_Points">
		<SimpleData name="Category">Point</SimpleData>
		<SimpleData name="Channel">15</SimpleData>
		<SimpleData name="CrossDist">1046.236732</SimpleData>
		<SimpleData name="IdNumber">6</SimpleData>
		<SimpleData name="Parent">Feature 0018</SimpleData>
		<SimpleData name="Survey">Survey_2025-04-18_23-29-00</SimpleData>
		<SimpleData name="Swath">0</SimpleData>
	</SchemaData></ExtendedData>
      <Point><coordinates>-86.9833392190802,40.4748830981945,-0.70625</coordinates></Point>
  </Placemark>
  <Placemark>
	<ExtendedData><SchemaData schemaUrl="#IQMaps_Points">
		<SimpleData name="Category">Point</SimpleData>
		<SimpleData name="Channel">11</SimpleData>
		<SimpleData name="CrossDist">2608.256270</SimpleData>
		<SimpleData name="IdNumber">1</SimpleData>
		<SimpleData name="Parent">Feature 0019</SimpleData>
		<SimpleData name="Survey">Survey_2025-04-18_16-18-21</SimpleData>
		<SimpleData name="Swath">16</SimpleData>
	</SchemaData></ExtendedData>
      <Point><coordinates>-86.9824608857469,40.4739782354967,-0.6</coordinates></Point>
  </Placemark>
  <Placemark>
	<ExtendedData><SchemaData schemaUrl="#IQMaps_Points">
		<SimpleData name="Category">Point</SimpleData>
		<SimpleData name="Channel">11</SimpleData>
		<SimpleData name="CrossDist">2718.823527</SimpleData>
		<SimpleData name="IdNumber">2</SimpleData>
		<SimpleData name="Parent">Feature 0019</SimpleData>
		<SimpleData name="Survey">Survey_2025-04-18_16-18-21</SimpleData>
		<SimpleData name="Swath">16</SimpleData>
	</SchemaData></ExtendedData>
      <Point><coordinates>-86.9825857809196,40.4742005990911,-1.125</coordinates></Point>
  </Placemark>
  <Placemark>
	<ExtendedData><SchemaData schemaUrl="#IQMaps_Points">
		<SimpleData name="Category">Point</SimpleData>
		<SimpleData name="Channel">11</SimpleData>
		<SimpleData name="CrossDist">2145.779853</SimpleData>
		<SimpleData name="IdNumber">3</SimpleData>
		<SimpleData name="Parent">Feature 0019</SimpleData>
		<SimpleData name="Survey">Survey_2025-04-18_16-18-21</SimpleData>
		<SimpleData name="Swath">17</SimpleData>
	</SchemaData></ExtendedData>
      <Point><coordinates>-86.9829625524137,40.4745001419385,-0.68125</coordinates></Point>
  </Placemark>
  <Placemark>
	<ExtendedData><SchemaData schemaUrl="#IQMaps_Points">
		<SimpleData name="Category">Point</SimpleData>
		<SimpleData name="Channel">15</SimpleData>
		<SimpleData name="CrossDist">2361.299004</SimpleData>
		<SimpleData name="IdNumber">4</SimpleData>
		<SimpleData name="Parent">Feature 0019</SimpleData>
		<SimpleData name="Survey">Survey_2025-04-18_16-18-21</SimpleData>
		<SimpleData name="Swath">17</SimpleData>
	</SchemaData></ExtendedData>
      <Point><coordinates>-86.9830875524136,40.4745969484837,-1</coordinates></Point>
  </Placemark>
  <Placemark>
	<ExtendedData><SchemaData schemaUrl="#IQMaps_Points">
		<SimpleData name="Category">Point</SimpleData>
		<SimpleData name="Channel">13</SimpleData>
		<SimpleData name="CrossDist">1041.372722</SimpleData>
		<SimpleData name="IdNumber">5</SimpleData>
		<SimpleData name="Parent">Feature 0019</SimpleData>
		<SimpleData name="Survey">Survey_2025-04-18_23-29-00</SimpleData>
		<SimpleData name="Swath">0</SimpleData>
	</SchemaData></ExtendedData>
      <Point><coordinates>-86.9833441836364,40.4748394087853,-0.7375</coordinates></Point>
  </Placemark>
  <Placemark>
	<ExtendedData><SchemaData schemaUrl="#IQMaps_Points">
		<SimpleData name="Category">Point</SimpleData>
		<SimpleData name="Channel">15</SimpleData>
		<SimpleData name="CrossDist">2641.355267</SimpleData>
		<SimpleData name="IdNumber">1</SimpleData>
		<SimpleData name="Parent">Feature 0020</SimpleData>
		<SimpleData name="Survey">Survey_2025-04-18_16-18-21</SimpleData>
		<SimpleData name="Swath">16</SimpleData>
	</SchemaData></ExtendedData>
      <Point><coordinates>-86.9824602510789,40.4736839945416,-0.85</coordinates></Point>
  </Placemark>
  <Placemark>
	<ExtendedData><SchemaData schemaUrl="#IQMaps_Points">
		<SimpleData name="Category">Point</SimpleData>
		<SimpleData name="Channel">10</SimpleData>
		<SimpleData name="CrossDist">2661.444024</SimpleData>
		<SimpleData name="IdNumber">2</SimpleData>
		<SimpleData name="Parent">Feature 0020</SimpleData>
		<SimpleData name="Survey">Survey_2025-04-18_16-18-21</SimpleData>
		<SimpleData name="Swath">16</SimpleData>
	</SchemaData></ExtendedData>
      <Point><coordinates>-86.9826004105522,40.4736877279148,-0.85</coordinates></Point>
  </Placemark>
  <Placemark>
	<ExtendedData><SchemaData schemaUrl="#IQMaps_Points">
		<SimpleData name="Category">Point</SimpleData>
		<SimpleData name="Channel">10</SimpleData>
		<SimpleData name="CrossDist">5142.642857</SimpleData>
		<SimpleData name="IdNumber">3</SimpleData>
		<SimpleData name="Parent">Feature 0020</SimpleData>
		<SimpleData name="Survey">Survey_2025-04-18_16-18-21</SimpleData>
		<SimpleData name="Swath">16</SimpleData>
	</SchemaData></ExtendedData>
      <Point><coordinates>-86.9828506685935,40.4736837310527,-0.80625</coordinates></Point>
  </Placemark>
  <Placemark>
	<ExtendedData><SchemaData schemaUrl="#IQMaps_Points">
		<SimpleData name="Category">Point</SimpleData>
		<SimpleData name="Channel">15</SimpleData>
		<SimpleData name="CrossDist">2259.036155</SimpleData>
		<SimpleData name="IdNumber">4</SimpleData>
		<SimpleData name="Parent">Feature 0020</SimpleData>
		<SimpleData name="Survey">Survey_2025-04-18_16-18-21</SimpleData>
		<SimpleData name="Swath">17</SimpleData>
	</SchemaData></ExtendedData>
      <Point><coordinates>-86.9830971959685,40.473679493258,-0.76875</coordinates></Point>
  </Placemark>
  <Placemark>
	<ExtendedData><SchemaData schemaUrl="#IQMaps_Points">
		<SimpleData name="Category">Point</SimpleData>
		<SimpleData name="Channel">11</SimpleData>
		<SimpleData name="CrossDist">911.942597</SimpleData>
		<SimpleData name="IdNumber">5</SimpleData>
		<SimpleData name="Parent">Feature 0020</SimpleData>
		<SimpleData name="Survey">Survey_2025-04-18_23-29-00</SimpleData>
		<SimpleData name="Swath">0</SimpleData>
	</SchemaData></ExtendedData>
      <Point><coordinates>-86.9833477152421,40.4736772747872,-0.90625</coordinates></Point>
  </Placemark>
  <Placemark>
	<ExtendedData><SchemaData schemaUrl="#IQMaps_Points">
		<SimpleData name="Category">Point</SimpleData>
		<SimpleData name="Channel">14</SimpleData>
		<SimpleData name="CrossDist">459.866461</SimpleData>
		<SimpleData name="IdNumber">6</SimpleData>
		<SimpleData name="Parent">Feature 0020</SimpleData>
		<SimpleData name="Survey">Survey_2025-04-18_23-29-00</SimpleData>
		<SimpleData name="Swath">1</SimpleData>
	</SchemaData></ExtendedData>
      <Point><coordinates>-86.9834821966331,40.4736733472323,-1.2125</coordinates></Point>
  </Placemark>
  <Placemark>
	<ExtendedData><SchemaData schemaUrl="#IQMaps_Points">
		<SimpleData name="Category">Point</SimpleData>
		<SimpleData name="Channel">15</SimpleData>
		<SimpleData name="CrossDist">1550.195643</SimpleData>
		<SimpleData name="IdNumber">7</SimpleData>
		<SimpleData name="Parent">Feature 0020</SimpleData>
		<SimpleData name="Survey">Survey_2025-04-23_19-07-30</SimpleData>
		<SimpleData name="Swath">1</SimpleData>
	</SchemaData></ExtendedData>
      <Point><coordinates>-86.9837439763505,40.4736714857547,-0.925</coordinates></Point>
  </Placemark>
  <Placemark>
	<ExtendedData><SchemaData schemaUrl="#IQMaps_Points">
		<SimpleData name="Category">Point</SimpleData>
		<SimpleData name="Channel">11</SimpleData>
		<SimpleData name="CrossDist">4941.280743</SimpleData>
		<SimpleData name="IdNumber">8</SimpleData>
		<SimpleData name="Parent">Feature 0020</SimpleData>
		<SimpleData name="Survey">Survey_2025-04-23_19-07-30</SimpleData>
		<SimpleData name="Swath">2</SimpleData>
	</SchemaData></ExtendedData>
      <Point><coordinates>-86.9843731557579,40.473675855134,-1.28125</coordinates></Point>
  </Placemark>
  <Placemark>
	<ExtendedData><SchemaData schemaUrl="#IQMaps_Points">
		<SimpleData name="Category">Point</SimpleData>
		<SimpleData name="Channel">14</SimpleData>
		<SimpleData name="CrossDist">106.691866</SimpleData>
		<SimpleData name="IdNumber">9</SimpleData>
		<SimpleData name="Parent">Feature 0020</SimpleData>
		<SimpleData name="Survey">Survey_2025-04-23_19-07-30</SimpleData>
		<SimpleData name="Swath">3</SimpleData>
	</SchemaData></ExtendedData>
      <Point><coordinates>-86.984627683162,40.4736717816851,-1.06875</coordinates></Point>
  </Placemark>
  <Placemark>
	<ExtendedData><SchemaData schemaUrl="#IQMaps_Points">
		<SimpleData name="Category">Point</SimpleData>
		<SimpleData name="Channel">11</SimpleData>
		<SimpleData name="CrossDist">1356.702945</SimpleData>
		<SimpleData name="IdNumber">1</SimpleData>
		<SimpleData name="Parent">Feature 0021</SimpleData>
		<SimpleData name="Survey">Survey_2025-04-18_16-18-21</SimpleData>
		<SimpleData name="Swath">12</SimpleData>
	</SchemaData></ExtendedData>
      <Point><coordinates>-86.9806925523921,40.4733660310837,-0.74375</coordinates></Point>
  </Placemark>
  <Placemark>
	<ExtendedData><SchemaData schemaUrl="#IQMaps_Points">
		<SimpleData name="Category">Point</SimpleData>
		<SimpleData name="Channel">14</SimpleData>
		<SimpleData name="CrossDist">2966.888047</SimpleData>
		<SimpleData name="IdNumber">2</SimpleData>
		<SimpleData name="Parent">Feature 0021</SimpleData>
		<SimpleData name="Survey">Survey_2025-04-18_16-18-21</SimpleData>
		<SimpleData name="Swath">13</SimpleData>
	</SchemaData></ExtendedData>
      <Point><coordinates>-86.9808190094349,40.4733440827907,-0.74375</coordinates></Point>
  </Placemark>
  <Placemark>
	<ExtendedData><SchemaData schemaUrl="#IQMaps_Points">
		<SimpleData name="Category">Point</SimpleData>
		<SimpleData name="Channel">11</SimpleData>
		<SimpleData name="CrossDist">5500.009201</SimpleData>
		<SimpleData name="IdNumber">3</SimpleData>
		<SimpleData name="Parent">Feature 0021</SimpleData>
		<SimpleData name="Survey">Survey_2025-04-18_16-18-21</SimpleData>
		<SimpleData name="Swath">13</SimpleData>
	</SchemaData></ExtendedData>
      <Point><coordinates>-86.9809472578377,40.4733242088702,-0.74375</coordinates></Point>
  </Placemark>
  <Placemark>
	<ExtendedData><SchemaData schemaUrl="#IQMaps_Points">
		<SimpleData name="Category">Point</SimpleData>
		<SimpleData name="Channel">15</SimpleData>
		<SimpleData name="CrossDist">5533.345466</SimpleData>
		<SimpleData name="IdNumber">4</SimpleData>
		<SimpleData name="Parent">Feature 0021</SimpleData>
		<SimpleData name="Survey">Survey_2025-04-18_16-18-21</SimpleData>
		<SimpleData name="Swath">13</SimpleData>
	</SchemaData></ExtendedData>
      <Point><coordinates>-86.9810777695245,40.4733037692245,-0.74375</coordinates></Point>
  </Placemark>
  <Placemark>
	<ExtendedData><SchemaData schemaUrl="#IQMaps_Points">
		<SimpleData name="Category">Point</SimpleData>
		<SimpleData name="Channel">14</SimpleData>
		<SimpleData name="CrossDist">667.951190</SimpleData>
		<SimpleData name="IdNumber">5</SimpleData>
		<SimpleData name="Parent">Feature 0021</SimpleData>
		<SimpleData name="Survey">Survey_2025-04-18_16-18-21</SimpleData>
		<SimpleData name="Swath">0</SimpleData>
	</SchemaData></ExtendedData>
      <Point><coordinates>-86.9812451455738,40.4732710475502,-1.1125</coordinates></Point>
  </Placemark>
  <Placemark>
	<ExtendedData><SchemaData schemaUrl="#IQMaps_Points">
		<SimpleData name="Category">Point</SimpleData>
		<SimpleData name="Channel">14</SimpleData>
		<SimpleData name="CrossDist">5518.278897</SimpleData>
		<SimpleData name="IdNumber">1</SimpleData>
		<SimpleData name="Parent">Feature 0022</SimpleData>
		<SimpleData name="Survey">Survey_2025-04-18_16-18-21</SimpleData>
		<SimpleData name="Swath">14</SimpleData>
	</SchemaData></ExtendedData>
      <Point><coordinates>-86.9817076572342,40.4737437237891,-0.65625</coordinates></Point>
  </Placemark>
  <Placemark>
	<ExtendedData><SchemaData schemaUrl="#IQMaps_Points">
		<SimpleData name="Category">Point</SimpleData>
		<SimpleData name="Channel">15</SimpleData>
		<SimpleData name="CrossDist">2999.156603</SimpleData>
		<SimpleData name="IdNumber">2</SimpleData>
		<SimpleData name="Parent">Feature 0022</SimpleData>
		<SimpleData name="Survey">Survey_2025-04-18_16-18-21</SimpleData>
		<SimpleData name="Swath">14</SimpleData>
	</SchemaData></ExtendedData>
      <Point><coordinates>-86.9814507809219,40.4737824702758,-0.55</coordinates></Point>
  </Placemark>
  <Placemark>
	<ExtendedData><SchemaData schemaUrl="#IQMaps_Points">
		<SimpleData name="Category">Point</SimpleData>
		<SimpleData name="Channel">11</SimpleData>
		<SimpleData name="CrossDist">567.744671</SimpleData>
		<SimpleData name="IdNumber">3</SimpleData>
		<SimpleData name="Parent">Feature 0022</SimpleData>
		<SimpleData name="Survey">Survey_2025-04-18_16-18-21</SimpleData>
		<SimpleData name="Swath">14</SimpleData>
	</SchemaData></ExtendedData>
      <Point><coordinates>-86.9813241142551,40.4737971301702,-1.0375</coordinates></Point>
  </Placemark>
  <Placemark>
	<ExtendedData><SchemaData schemaUrl="#IQMaps_Points">
		<SimpleData name="Category">Point</SimpleData>
		<SimpleData name="Channel">11</SimpleData>
		<SimpleData name="CrossDist">449.624358</SimpleData>
		<SimpleData name="IdNumber">4</SimpleData>
		<SimpleData name="Parent">Feature 0022</SimpleData>
		<SimpleData name="Survey">Survey_2025-04-18_16-18-21</SimpleData>
		<SimpleData name="Swath">14</SimpleData>
	</SchemaData></ExtendedData>
      <Point><coordinates>-86.9811975524114,40.4738099889203,-0.75</coordinates></Point>
  </Placemark>
  <Placemark>
	<ExtendedData><SchemaData schemaUrl="#IQMaps_Points">
		<SimpleData name="Category">Point</SimpleData>
		<SimpleData name="Channel">15</SimpleData>
		<SimpleData name="CrossDist">5591.001782</SimpleData>
		<SimpleData name="IdNumber">5</SimpleData>
		<SimpleData name="Parent">Feature 0022</SimpleData>
		<SimpleData name="Survey">Survey_2025-04-18_16-18-21</SimpleData>
		<SimpleData name="Swath">13</SimpleData>
	</SchemaData></ExtendedData>
      <Point><coordinates>-86.9810742190773,40.4738208630874,-0.675</coordinates></Point>
  </Placemark>
  <Placemark>
	<ExtendedData><SchemaData schemaUrl="#IQMaps_Points">
		<SimpleData name="Category">Point</SimpleData>
		<SimpleData name="Channel">16</SimpleData>
		<SimpleData name="CrossDist">5443.183325</SimpleData>
		<SimpleData name="IdNumber">6</SimpleData>
		<SimpleData name="Parent">Feature 0022</SimpleData>
		<SimpleData name="Survey">Survey_2025-04-18_16-18-21</SimpleData>
		<SimpleData name="Swath">13</SimpleData>
	</SchemaData></ExtendedData>
      <Point><coordinates>-86.9809510953863,40.4738338427954,-0.79375</coordinates></Point>
  </Placemark>
  <Placemark>
	<ExtendedData><SchemaData schemaUrl="#IQMaps_Points">
		<SimpleData name="Category">Point</SimpleData>
		<SimpleData name="Channel">11</SimpleData>
		<SimpleData name="CrossDist">3022.685758</SimpleData>
		<SimpleData name="IdNumber">7</SimpleData>
		<SimpleData name="Parent">Feature 0022</SimpleData>
		<SimpleData name="Survey">Survey_2025-04-18_16-18-21</SimpleData>
		<SimpleData name="Swath">13</SimpleData>
	</SchemaData></ExtendedData>
      <Point><coordinates>-86.9808191142561,40.4738447683161,-0.84375</coordinates></Point>
  </Placemark>
  <Placemark>
	<ExtendedData><SchemaData schemaUrl="#IQMaps_Points">
		<SimpleData name="Category">Point</SimpleData>
		<SimpleData name="Channel">15</SimpleData>
		<SimpleData name="CrossDist">1302.052033</SimpleData>
		<SimpleData name="IdNumber">8</SimpleData>
		<SimpleData name="Parent">Feature 0022</SimpleData>
		<SimpleData name="Survey">Survey_2025-04-18_16-18-21</SimpleData>
		<SimpleData name="Swath">12</SimpleData>
	</SchemaData></ExtendedData>
      <Point><coordinates>-86.9806924476078,40.4738573410877,-0.6625</coordinates></Point>
  </Placemark>
  <Placemark>
	<ExtendedData><SchemaData schemaUrl="#IQMaps_Points">
		<SimpleData name="Category">Point</SimpleData>
		<SimpleData name="Channel">10</SimpleData>
		<SimpleData name="CrossDist">913.682568</SimpleData>
		<SimpleData name="IdNumber">1</SimpleData>
		<SimpleData name="Parent">Feature 0024</SimpleData>
		<SimpleData name="Survey">Survey_2025-04-18_16-18-21</SimpleData>
		<SimpleData name="Swath">13</SimpleData>
	</SchemaData></ExtendedData>
      <Point><coordinates>-86.9778009905651,40.4762351960377,-0.95625</coordinates></Point>
  </Placemark>
  <Placemark>
	<ExtendedData><SchemaData schemaUrl="#IQMaps_Points">
		<SimpleData name="Category">Point</SimpleData>
		<SimpleData name="Channel">14</SimpleData>
		<SimpleData name="CrossDist">774.682601</SimpleData>
		<SimpleData name="IdNumber">2</SimpleData>
		<SimpleData name="Parent">Feature 0024</SimpleData>
		<SimpleData name="Survey">Survey_2025-04-18_16-18-21</SimpleData>
		<SimpleData name="Swath">13</SimpleData>
	</SchemaData></ExtendedData>
      <Point><coordinates>-86.9779261981576,40.4762362909173,-0.95</coordinates></Point>
  </Placemark>
  <Placemark>
	<ExtendedData><SchemaData schemaUrl="#IQMaps_Points">
		<SimpleData name="Category">Point</SimpleData>
		<SimpleData name="Channel">10</SimpleData>
		<SimpleData name="CrossDist">6069.731112</SimpleData>
		<SimpleData name="IdNumber">3</SimpleData>
		<SimpleData name="Parent">Feature 0024</SimpleData>
		<SimpleData name="Survey">Survey_2025-04-18_16-18-21</SimpleData>
		<SimpleData name="Swath">12</SimpleData>
	</SchemaData></ExtendedData>
      <Point><coordinates>-86.9785557039705,40.4762559150916,-0.78125</coordinates></Point>
  </Placemark>
  <Placemark>
	<ExtendedData><SchemaData schemaUrl="#IQMaps_Points">
		<SimpleData name="Category">Point</SimpleData>
		<SimpleData name="Channel">15</SimpleData>
		<SimpleData name="CrossDist">5574.037063</SimpleData>
		<SimpleData name="IdNumber">4</SimpleData>
		<SimpleData name="Parent">Feature 0024</SimpleData>
		<SimpleData name="Survey">Survey_2025-04-18_16-18-21</SimpleData>
		<SimpleData name="Swath">12</SimpleData>
	</SchemaData></ExtendedData>
      <Point><coordinates>-86.9788058857255,40.4762821504646,-0.90625</coordinates></Point>
  </Placemark>
  <Placemark>
	<ExtendedData><SchemaData schemaUrl="#IQMaps_Points">
		<SimpleData name="Category">Point</SimpleData>
		<SimpleData name="Channel">11</SimpleData>
		<SimpleData name="CrossDist">5076.761223</SimpleData>
		<SimpleData name="IdNumber">5</SimpleData>
		<SimpleData name="Parent">Feature 0024</SimpleData>
		<SimpleData name="Survey">Survey_2025-04-18_16-18-21</SimpleData>
		<SimpleData name="Swath">12</SimpleData>
	</SchemaData></ExtendedData>
      <Point><coordinates>-86.9790557809411,40.4763044986971,-1.05</coordinates></Point>
  </Placemark>
  <Placemark>
	<ExtendedData><SchemaData schemaUrl="#IQMaps_Points">
		<SimpleData name="Category">Point</SimpleData>
		<SimpleData name="Channel">11</SimpleData>
		<SimpleData name="CrossDist">4495.610865</SimpleData>
		<SimpleData name="IdNumber">6</SimpleData>
		<SimpleData name="Parent">Feature 0024</SimpleData>
		<SimpleData name="Survey">Survey_2025-04-18_16-18-21</SimpleData>
		<SimpleData name="Swath">12</SimpleData>
	</SchemaData></ExtendedData>
      <Point><coordinates>-86.9793087060152,40.4763277983373,-0.83125</coordinates></Point>
  </Placemark>
  <Placemark>
	<ExtendedData><SchemaData schemaUrl="#IQMaps_Points">
		<SimpleData name="Category">Point</SimpleData>
		<SimpleData name="Channel">14</SimpleData>
		<SimpleData name="CrossDist">4788.005105</SimpleData>
		<SimpleData name="IdNumber">1</SimpleData>
		<SimpleData name="Parent">Feature 0025</SimpleData>
		<SimpleData name="Survey">Survey_2025-04-18_16-18-21</SimpleData>
		<SimpleData name="Swath">13</SimpleData>
	</SchemaData></ExtendedData>
      <Point><coordinates>-86.9809493238983,40.4797217034566,-0.75</coordinates></Point>
  </Placemark>
  <Placemark>
	<ExtendedData><SchemaData schemaUrl="#IQMaps_Points">
		<SimpleData name="Category">Point</SimpleData>
		<SimpleData name="Channel">15</SimpleData>
		<SimpleData name="CrossDist">6242.779150</SimpleData>
		<SimpleData name="IdNumber">2</SimpleData>
		<SimpleData name="Parent">Feature 0025</SimpleData>
		<SimpleData name="Survey">Survey_2025-04-18_16-18-21</SimpleData>
		<SimpleData name="Swath">13</SimpleData>
	</SchemaData></ExtendedData>
      <Point><coordinates>-86.9810725524106,40.4796792077161,-0.83125</coordinates></Point>
  </Placemark>
  <Placemark>
	<ExtendedData><SchemaData schemaUrl="#IQMaps_Points">
		<SimpleData name="Category">Point</SimpleData>
		<SimpleData name="Channel">11</SimpleData>
		<SimpleData name="CrossDist">7367.907755</SimpleData>
		<SimpleData name="IdNumber">3</SimpleData>
		<SimpleData name="Parent">Feature 0025</SimpleData>
		<SimpleData name="Survey">Survey_2025-04-18_16-18-21</SimpleData>
		<SimpleData name="Swath">13</SimpleData>
	</SchemaData></ExtendedData>
      <Point><coordinates>-86.9811975524106,40.4796334877913,-0.8625</coordinates></Point>
  </Placemark>
  <Placemark>
	<ExtendedData><SchemaData schemaUrl="#IQMaps_Points">
		<SimpleData name="Category">Point</SimpleData>
		<SimpleData name="Channel">11</SimpleData>
		<SimpleData name="CrossDist">1211.217631</SimpleData>
		<SimpleData name="IdNumber">4</SimpleData>
		<SimpleData name="Parent">Feature 0025</SimpleData>
		<SimpleData name="Survey">Survey_2025-04-18_16-18-21</SimpleData>
		<SimpleData name="Swath">14</SimpleData>
	</SchemaData></ExtendedData>
      <Point><coordinates>-86.9813224475886,40.4795803355266,-0.8375</coordinates></Point>
  </Placemark>
  <Placemark>
	<ExtendedData><SchemaData schemaUrl="#IQMaps_Points">
		<SimpleData name="Category">Point</SimpleData>
		<SimpleData name="Channel">14</SimpleData>
		<SimpleData name="CrossDist">2359.835847</SimpleData>
		<SimpleData name="IdNumber">5</SimpleData>
		<SimpleData name="Parent">Feature 0025</SimpleData>
		<SimpleData name="Survey">Survey_2025-04-18_16-18-21</SimpleData>
		<SimpleData name="Swath">14</SimpleData>
	</SchemaData></ExtendedData>
      <Point><coordinates>-86.9814526572341,40.4795270433836,-0.725</coordinates></Point>
  </Placemark>
  <Placemark>
	<ExtendedData><SchemaData schemaUrl="#IQMaps_Points">
		<SimpleData name="Category">Point</SimpleData>
		<SimpleData name="Channel">15</SimpleData>
		<SimpleData name="CrossDist">2972.938401</SimpleData>
		<SimpleData name="IdNumber">1</SimpleData>
		<SimpleData name="Parent">Feature 0027</SimpleData>
		<SimpleData name="Survey">Survey_2025-04-18_16-18-21</SimpleData>
		<SimpleData name="Swath">9</SimpleData>
	</SchemaData></ExtendedData>
      <Point><coordinates>-86.9800658857768,40.4804282323565,-0.775</coordinates></Point>
  </Placemark>
  <Placemark>
	<ExtendedData><SchemaData schemaUrl="#IQMaps_Points">
		<SimpleData name="Category">Point</SimpleData>
		<SimpleData name="Channel">11</SimpleData>
		<SimpleData name="CrossDist">5370.381351</SimpleData>
		<SimpleData name="IdNumber">2</SimpleData>
		<SimpleData name="Parent">Feature 0027</SimpleData>
		<SimpleData name="Survey">Survey_2025-04-18_16-18-21</SimpleData>
		<SimpleData name="Swath">9</SimpleData>
	</SchemaData></ExtendedData>
      <Point><coordinates>-86.9804408857768,40.4804269932154,-0.775</coordinates></Point>
  </Placemark>
  <Placemark>
	<ExtendedData><SchemaData schemaUrl="#IQMaps_Points">
		<SimpleData name="Category">Point</SimpleData>
		<SimpleData name="Channel">15</SimpleData>
		<SimpleData name="CrossDist">5882.921484</SimpleData>
		<SimpleData name="IdNumber">3</SimpleData>
		<SimpleData name="Parent">Feature 0027</SimpleData>
		<SimpleData name="Survey">Survey_2025-04-18_16-18-21</SimpleData>
		<SimpleData name="Swath">9</SimpleData>
	</SchemaData></ExtendedData>
      <Point><coordinates>-86.9805675524434,40.4804275397619,-0.775</coordinates></Point>
  </Placemark>
  <Placemark>
	<ExtendedData><SchemaData schemaUrl="#IQMaps_Points">
		<SimpleData name="Category">Point</SimpleData>
		<SimpleData name="Channel">11</SimpleData>
		<SimpleData name="CrossDist">4709.152777</SimpleData>
		<SimpleData name="IdNumber">4</SimpleData>
		<SimpleData name="Parent">Feature 0027</SimpleData>
		<SimpleData name="Survey">Survey_2025-04-18_16-18-21</SimpleData>
		<SimpleData name="Swath">13</SimpleData>
	</SchemaData></ExtendedData>
      <Point><coordinates>-86.9809458857441,40.480430080735,-0.68125</coordinates></Point>
  </Placemark>
  <Placemark>
	<ExtendedData><SchemaData schemaUrl="#IQMaps_Points">
		<SimpleData name="Category">Point</SimpleData>
		<SimpleData name="Channel">10</SimpleData>
		<SimpleData name="CrossDist">1306.204237</SimpleData>
		<SimpleData name="IdNumber">5</SimpleData>
		<SimpleData name="Parent">Feature 0027</SimpleData>
		<SimpleData name="Survey">Survey_2025-04-18_16-18-21</SimpleData>
		<SimpleData name="Swath">14</SimpleData>
	</SchemaData></ExtendedData>
      <Point><coordinates>-86.9813276572341,40.4804335918267,-0.56875</coordinates></Point>
  </Placemark>
  <Placemark>
	<ExtendedData><SchemaData schemaUrl="#IQMaps_Points">
		<SimpleData name="Category">Point</SimpleData>
		<SimpleData name="Channel">15</SimpleData>
		<SimpleData name="CrossDist">3820.699790</SimpleData>
		<SimpleData name="IdNumber">6</SimpleData>
		<SimpleData name="Parent">Feature 0027</SimpleData>
		<SimpleData name="Survey">Survey_2025-04-18_16-18-21</SimpleData>
		<SimpleData name="Swath">14</SimpleData>
	</SchemaData></ExtendedData>
      <Point><coordinates>-86.9815792190782,40.4804372632365,-0.5625</coordinates></Point>
  </Placemark>
  <Placemark>
	<ExtendedData><SchemaData schemaUrl="#IQMaps_Points">
		<SimpleData name="Category">Point</SimpleData>
		<SimpleData name="Channel">15</SimpleData>
		<SimpleData name="CrossDist">4772.938537</SimpleData>
		<SimpleData name="IdNumber">7</SimpleData>
		<SimpleData name="Parent">Feature 0027</SimpleData>
		<SimpleData name="Survey">Survey_2025-04-18_16-18-21</SimpleData>
		<SimpleData name="Swath">14</SimpleData>
	</SchemaData></ExtendedData>
      <Point><coordinates>-86.9817026779085,40.4804398870571,-0.45625</coordinates></Point>
  </Placemark>
  <Placemark>
	<ExtendedData><SchemaData schemaUrl="#IQMaps_Points">
		<SimpleData name="Category">Point</SimpleData>
		<SimpleData name="Channel">16</SimpleData>
		<SimpleData name="CrossDist">2194.538589</SimpleData>
		<SimpleData name="IdNumber">1</SimpleData>
		<SimpleData name="Parent">Feature 0028</SimpleData>
		<SimpleData name="Survey">Survey_2025-04-18_16-18-21</SimpleData>
		<SimpleData name="Swath">0</SimpleData>
	</SchemaData></ExtendedData>
      <Point><coordinates>-86.9791289046149,40.479866411578,-0.84375</coordinates></Point>
  </Placemark>
  <Placemark>
	<ExtendedData><SchemaData schemaUrl="#IQMaps_Points">
		<SimpleData name="Category">Point</SimpleData>
		<SimpleData name="Channel">13</SimpleData>
		<SimpleData name="CrossDist">259.690691</SimpleData>
		<SimpleData name="IdNumber">2</SimpleData>
		<SimpleData name="Parent">Feature 0028</SimpleData>
		<SimpleData name="Survey">Survey_2025-04-18_16-18-21</SimpleData>
		<SimpleData name="Swath">11</SimpleData>
	</SchemaData></ExtendedData>
      <Point><coordinates>-86.9791756059102,40.4798772944814,-0.84375</coordinates></Point>
  </Placemark>
  <Placemark>
	<ExtendedData><SchemaData schemaUrl="#IQMaps_Points">
		<SimpleData name="Category">Point</SimpleData>
		<SimpleData name="Channel">14</SimpleData>
		<SimpleData name="CrossDist">1665.666455</SimpleData>
		<SimpleData name="IdNumber">3</SimpleData>
		<SimpleData name="Parent">Feature 0028</SimpleData>
		<SimpleData name="Survey">Survey_2025-04-18_16-18-21</SimpleData>
		<SimpleData name="Swath">8</SimpleData>
	</SchemaData></ExtendedData>
      <Point><coordinates>-86.9791876573374,40.4798826518102,-0.84375</coordinates></Point>
  </Placemark>
  <Placemark>
	<ExtendedData><SchemaData schemaUrl="#IQMaps_Points">
		<SimpleData name="Category">Point</SimpleData>
		<SimpleData name="Channel">13</SimpleData>
		<SimpleData name="CrossDist">1926.938938</SimpleData>
		<SimpleData name="IdNumber">4</SimpleData>
		<SimpleData name="Parent">Feature 0028</SimpleData>
		<SimpleData name="Survey">Survey_2025-04-18_16-18-21</SimpleData>
		<SimpleData name="Swath">8</SimpleData>
	</SchemaData></ExtendedData>
      <Point><coordinates>-86.9793144288959,40.4799212492493,-0.76875</coordinates></Point>
  </Placemark>
  <Placemark>
	<ExtendedData><SchemaData schemaUrl="#IQMaps_Points">
		<SimpleData name="Category">Point</SimpleData>
		<SimpleData name="Channel">15</SimpleData>
		<SimpleData name="CrossDist">1156.764444</SimpleData>
		<SimpleData name="IdNumber">5</SimpleData>
		<SimpleData name="Parent">Feature 0028</SimpleData>
		<SimpleData name="Survey">Survey_2025-04-18_16-18-21</SimpleData>
		<SimpleData name="Swath">9</SimpleData>
	</SchemaData></ExtendedData>
      <Point><coordinates>-86.9796874475565,40.4800490225447,-1</coordinates></Point>
  </Placemark>
  <Placemark>
	<ExtendedData><SchemaData schemaUrl="#IQMaps_Points">
		<SimpleData name="Category">Point</SimpleData>
		<SimpleData name="Channel">10</SimpleData>
		<SimpleData name="CrossDist">1520.299776</SimpleData>
		<SimpleData name="IdNumber">6</SimpleData>
		<SimpleData name="Parent">Feature 0028</SimpleData>
		<SimpleData name="Survey">Survey_2025-04-18_16-18-21</SimpleData>
		<SimpleData name="Swath">9</SimpleData>
	</SchemaData></ExtendedData>
      <Point><coordinates>-86.9798159906636,40.4800922252274,-0.68125</coordinates></Point>
  </Placemark>
  <Placemark>
	<ExtendedData><SchemaData schemaUrl="#IQMaps_Points">
		<SimpleData name="Category">Point</SimpleData>
		<SimpleData name="Channel">15</SimpleData>
		<SimpleData name="CrossDist">2543.995973</SimpleData>
		<SimpleData name="IdNumber">7</SimpleData>
		<SimpleData name="Parent">Feature 0028</SimpleData>
		<SimpleData name="Survey">Survey_2025-04-18_16-18-21</SimpleData>
		<SimpleData name="Swath">9</SimpleData>
	</SchemaData></ExtendedData>
      <Point><coordinates>-86.9799357808899,40.4801396271201,-0.69375</coordinates></Point>
  </Placemark>
  <Placemark>
	<ExtendedData><SchemaData schemaUrl="#IQMaps_Points">
		<SimpleData name="Category">Point</SimpleData>
		<SimpleData name="Channel">14</SimpleData>
		<SimpleData name="CrossDist">4043.376550</SimpleData>
		<SimpleData name="IdNumber">1</SimpleData>
		<SimpleData name="Parent">Feature 0029</SimpleData>
		<SimpleData name="Survey">Survey_2025-04-18_16-18-21</SimpleData>
		<SimpleData name="Swath">13</SimpleData>
	</SchemaData></ExtendedData>
      <Point><coordinates>-86.9808156761016,40.483016254967,-0.7625</coordinates></Point>
  </Placemark>
  <Placemark>
	<ExtendedData><SchemaData schemaUrl="#IQMaps_Points">
		<SimpleData name="Category">Point</SimpleData>
		<SimpleData name="Channel">15</SimpleData>
		<SimpleData name="CrossDist">378.127363</SimpleData>
		<SimpleData name="IdNumber">2</SimpleData>
		<SimpleData name="Parent">Feature 0029</SimpleData>
		<SimpleData name="Survey">Survey_2025-04-18_16-18-21</SimpleData>
		<SimpleData name="Swath">10</SimpleData>
	</SchemaData></ExtendedData>
      <Point><coordinates>-86.9806913440221,40.4829853323369,-0.8</coordinates></Point>
  </Placemark>
  <Placemark>
	<ExtendedData><SchemaData schemaUrl="#IQMaps_Points">
		<SimpleData name="Category">Point</SimpleData>
		<SimpleData name="Channel">15</SimpleData>
		<SimpleData name="CrossDist">6163.768642</SimpleData>
		<SimpleData name="IdNumber">3</SimpleData>
		<SimpleData name="Parent">Feature 0029</SimpleData>
		<SimpleData name="Survey">Survey_2025-04-18_16-18-21</SimpleData>
		<SimpleData name="Swath">9</SimpleData>
	</SchemaData></ExtendedData>
      <Point><coordinates>-86.9805679327409,40.4829511655863,-0.8</coordinates></Point>
  </Placemark>
  <Placemark>
	<ExtendedData><SchemaData schemaUrl="#IQMaps_Points">
		<SimpleData name="Category">Point</SimpleData>
		<SimpleData name="Channel">10</SimpleData>
		<SimpleData name="CrossDist">5094.951830</SimpleData>
		<SimpleData name="IdNumber">4</SimpleData>
		<SimpleData name="Parent">Feature 0029</SimpleData>
		<SimpleData name="Survey">Survey_2025-04-18_16-18-21</SimpleData>
		<SimpleData name="Swath">9</SimpleData>
	</SchemaData></ExtendedData>
      <Point><coordinates>-86.9804390444554,40.4829032539289,-0.8</coordinates></Point>
  </Placemark>
  <Placemark>
	<ExtendedData><SchemaData schemaUrl="#IQMaps_Points">
		<SimpleData name="Category">Point</SimpleData>
		<SimpleData name="Channel">14</SimpleData>
		<SimpleData name="CrossDist">3668.373227</SimpleData>
		<SimpleData name="IdNumber">5</SimpleData>
		<SimpleData name="Parent">Feature 0029</SimpleData>
		<SimpleData name="Survey">Survey_2025-04-18_16-18-21</SimpleData>
		<SimpleData name="Swath">9</SimpleData>
	</SchemaData></ExtendedData>
      <Point><coordinates>-86.9801926573302,40.4827506375859,-1.11875</coordinates></Point>
  </Placemark>
  <Placemark>
	<ExtendedData><SchemaData schemaUrl="#IQMaps_Points">
		<SimpleData name="Category">Point</SimpleData>
		<SimpleData name="Channel">15</SimpleData>
		<SimpleData name="CrossDist">658.539528</SimpleData>
		<SimpleData name="IdNumber">1</SimpleData>
		<SimpleData name="Parent">Feature 0031</SimpleData>
		<SimpleData name="Survey">Survey_2025-04-18_16-18-21</SimpleData>
		<SimpleData name="Swath">1</SimpleData>
	</SchemaData></ExtendedData>
      <Point><coordinates>-86.9864890059245,40.484698162981,-0.7375</coordinates></Point>
  </Placemark>
  <Placemark>
	<ExtendedData><SchemaData schemaUrl="#IQMaps_Points">
		<SimpleData name="Category">Point</SimpleData>
		<SimpleData name="Channel">11</SimpleData>
		<SimpleData name="CrossDist">1050.349391</SimpleData>
		<SimpleData name="IdNumber">2</SimpleData>
		<SimpleData name="Parent">Feature 0031</SimpleData>
		<SimpleData name="Survey">Survey_2025-04-18_16-18-21</SimpleData>
		<SimpleData name="Swath">2</SimpleData>
	</SchemaData></ExtendedData>
      <Point><coordinates>-86.986445354644,40.4846821487518,-0.7375</coordinates></Point>
  </Placemark>
  <Placemark>
	<ExtendedData><SchemaData schemaUrl="#IQMaps_Points">
		<SimpleData name="Category">Point</SimpleData>
		<SimpleData name="Channel">14</SimpleData>
		<SimpleData name="CrossDist">4.943100</SimpleData>
		<SimpleData name="IdNumber">3</SimpleData>
		<SimpleData name="Parent">Feature 0031</SimpleData>
		<SimpleData name="Survey">Survey_2025-04-18_16-18-21</SimpleData>
		<SimpleData name="Swath">4</SimpleData>
	</SchemaData></ExtendedData>
      <Point><coordinates>-86.9864126856077,40.4846594493804,-0.7375</coordinates></Point>
  </Placemark>
  <Placemark>
	<ExtendedData><SchemaData schemaUrl="#IQMaps_Points">
		<SimpleData name="Category">Point</SimpleData>
		<SimpleData name="Channel">15</SimpleData>
		<SimpleData name="CrossDist">1078.544832</SimpleData>
		<SimpleData name="IdNumber">4</SimpleData>
		<SimpleData name="Parent">Feature 0031</SimpleData>
		<SimpleData name="Survey">Survey_2025-04-18_16-18-21</SimpleData>
		<SimpleData name="Swath">2</SimpleData>
	</SchemaData></ExtendedData>
      <Point><coordinates>-86.9863207809061,40.4845948232149,-0.76875</coordinates></Point>
  </Placemark>
  <Placemark>
	<ExtendedData><SchemaData schemaUrl="#IQMaps_Points">
		<SimpleData name="Category">Point</SimpleData>
		<SimpleData name="Channel">11</SimpleData>
		<SimpleData name="CrossDist">268.746450</SimpleData>
		<SimpleData name="IdNumber">5</SimpleData>
		<SimpleData name="Parent">Feature 0031</SimpleData>
		<SimpleData name="Survey">Survey_2025-04-18_16-18-21</SimpleData>
		<SimpleData name="Swath">5</SimpleData>
	</SchemaData></ExtendedData>
      <Point><coordinates>-86.9862834971852,40.4845662947298,-0.85</coordinates></Point>
  </Placemark>
  <Placemark>
	<ExtendedData><SchemaData schemaUrl="#IQMaps_Points">
		<SimpleData name="Category">Point</SimpleData>
		<SimpleData name="Channel">11</SimpleData>
		<SimpleData name="CrossDist">1958.337508</SimpleData>
		<SimpleData name="IdNumber">6</SimpleData>
		<SimpleData name="Parent">Feature 0031</SimpleData>
		<SimpleData name="Survey">Survey_2025-04-18_16-18-21</SimpleData>
		<SimpleData name="Swath">3</SimpleData>
	</SchemaData></ExtendedData>
      <Point><coordinates>-86.9861941142395,40.4845046675265,-0.84375</coordinates></Point>
  </Placemark>
  <Placemark>
	<ExtendedData><SchemaData schemaUrl="#IQMaps_Points">
		<SimpleData name="Category">Point</SimpleData>
		<SimpleData name="Channel">11</SimpleData>
		<SimpleData name="CrossDist">327.668200</SimpleData>
		<SimpleData name="IdNumber">7</SimpleData>
		<SimpleData name="Parent">Feature 0031</SimpleData>
		<SimpleData name="Survey">Survey_2025-04-18_16-18-21</SimpleData>
		<SimpleData name="Swath">5</SimpleData>
	</SchemaData></ExtendedData>
      <Point><coordinates>-86.986146457296,40.4844693262642,-0.83125</coordinates></Point>
  </Placemark>
  <Placemark>
	<ExtendedData><SchemaData schemaUrl="#IQMaps_Points">
		<SimpleData name="Category">Point</SimpleData>
		<SimpleData name="Channel">11</SimpleData>
		<SimpleData name="CrossDist">2870.991911</SimpleData>
		<SimpleData name="IdNumber">8</SimpleData>
		<SimpleData name="Parent">Feature 0031</SimpleData>
		<SimpleData name="Survey">Survey_2025-04-23_19-07-30</SimpleData>
		<SimpleData name="Swath">4</SimpleData>
	</SchemaData></ExtendedData>
      <Point><coordinates>-86.986012447586,40.484374082012,-0.825</coordinates></Point>
  </Placemark>
  <Placemark>
	<ExtendedData><SchemaData schemaUrl="#IQMaps_Points">
		<SimpleData name="Category">Point</SimpleData>
		<SimpleData name="Channel">11</SimpleData>
		<SimpleData name="CrossDist">928.630502</SimpleData>
		<SimpleData name="IdNumber">9</SimpleData>
		<SimpleData name="Parent">Feature 0031</SimpleData>
		<SimpleData name="Survey">Survey_2025-04-23_19-07-30</SimpleData>
		<SimpleData name="Swath">4</SimpleData>
	</SchemaData></ExtendedData>
      <Point><coordinates>-86.985888577252,40.4842959861872,-0.8625</coordinates></Point>
  </Placemark>
  <Placemark>
	<ExtendedData><SchemaData schemaUrl="#IQMaps_Points">
		<SimpleData name="Category">Point</SimpleData>
		<SimpleData name="Channel">14</SimpleData>
		<SimpleData name="CrossDist">821.187284</SimpleData>
		<SimpleData name="IdNumber">10</SimpleData>
		<SimpleData name="Parent">Feature 0031</SimpleData>
		<SimpleData name="Survey">Survey_2025-04-23_19-07-30</SimpleData>
		<SimpleData name="Swath">4</SimpleData>
	</SchemaData></ExtendedData>
      <Point><coordinates>-86.9857590094248,40.4842289928858,-0.89375</coordinates></Point>
  </Placemark>
  <Placemark>
	<ExtendedData><SchemaData schemaUrl="#IQMaps_Points">
		<SimpleData name="Category">Point</SimpleData>
		<SimpleData name="Channel">10</SimpleData>
		<SimpleData name="CrossDist">3140.015175</SimpleData>
		<SimpleData name="IdNumber">11</SimpleData>
		<SimpleData name="Parent">Feature 0031</SimpleData>
		<SimpleData name="Survey">Survey_2025-04-23_19-07-30</SimpleData>
		<SimpleData name="Swath">6</SimpleData>
	</SchemaData></ExtendedData>
      <Point><coordinates>-86.9853449843245,40.4840129787918,-1.55625</coordinates></Point>
  </Placemark>
  <Placemark>
	<ExtendedData><SchemaData schemaUrl="#IQMaps_Points">
		<SimpleData name="Category">Point</SimpleData>
		<SimpleData name="Channel">13</SimpleData>
		<SimpleData name="CrossDist">3364.234182</SimpleData>
		<SimpleData name="IdNumber">12</SimpleData>
		<SimpleData name="Parent">Feature 0031</SimpleData>
		<SimpleData name="Survey">Survey_2025-04-23_19-07-30</SimpleData>
		<SimpleData name="Swath">6</SimpleData>
	</SchemaData></ExtendedData>
      <Point><coordinates>-86.9851827302474,40.4839217020184,-1.4875</coordinates></Point>
  </Placemark>
  <Placemark>
	<ExtendedData><SchemaData schemaUrl="#IQMaps_Points">
		<SimpleData name="Category">Point</SimpleData>
		<SimpleData name="Channel">11</SimpleData>
		<SimpleData name="CrossDist">46.544228</SimpleData>
		<SimpleData name="IdNumber">1</SimpleData>
		<SimpleData name="Parent">Feature 0032</SimpleData>
		<SimpleData name="Survey">Survey_2025-04-18_16-18-21</SimpleData>
		<SimpleData name="Swath">4</SimpleData>
	</SchemaData></ExtendedData>
      <Point><coordinates>-86.9859243678808,40.4846602826415,-0.75625</coordinates></Point>
  </Placemark>
  <Placemark>
	<ExtendedData><SchemaData schemaUrl="#IQMaps_Points">
		<SimpleData name="Category">Point</SimpleData>
		<SimpleData name="Channel">15</SimpleData>
		<SimpleData name="CrossDist">237.347880</SimpleData>
		<SimpleData name="IdNumber">2</SimpleData>
		<SimpleData name="Parent">Feature 0032</SimpleData>
		<SimpleData name="Survey">Survey_2025-04-18_16-18-21</SimpleData>
		<SimpleData name="Swath">5</SimpleData>
	</SchemaData></ExtendedData>
      <Point><coordinates>-86.9859167081824,40.4845643262652,-0.75</coordinates></Point>
  </Placemark>
  <Placemark>
	<ExtendedData><SchemaData schemaUrl="#IQMaps_Points">
		<SimpleData name="Category">Point</SimpleData>
		<SimpleData name="Channel">15</SimpleData>
		<SimpleData name="CrossDist">348.033771</SimpleData>
		<SimpleData name="IdNumber">3</SimpleData>
		<SimpleData name="Parent">Feature 0032</SimpleData>
		<SimpleData name="Survey">Survey_2025-04-18_16-18-21</SimpleData>
		<SimpleData name="Swath">5</SimpleData>
	</SchemaData></ExtendedData>
      <Point><coordinates>-86.9859083820815,40.4844704050973,-0.75</coordinates></Point>
  </Placemark>
  <Placemark>
	<ExtendedData><SchemaData schemaUrl="#IQMaps_Points">
		<SimpleData name="Category">Point</SimpleData>
		<SimpleData name="Channel">13</SimpleData>
		<SimpleData name="CrossDist">44.843801</SimpleData>
		<SimpleData name="IdNumber">4</SimpleData>
		<SimpleData name="Parent">Feature 0032</SimpleData>
		<SimpleData name="Survey">Survey_2025-04-23_19-07-30</SimpleData>
		<SimpleData name="Swath">6</SimpleData>
	</SchemaData></ExtendedData>
      <Point><coordinates>-86.9858913830254,40.4843067019991,-0.6625</coordinates></Point>
  </Placemark>
  <Placemark>
	<ExtendedData><SchemaData schemaUrl="#IQMaps_Points">
		<SimpleData name="Category">Point</SimpleData>
		<SimpleData name="Channel">14</SimpleData>
		<SimpleData name="CrossDist">2078.039613</SimpleData>
		<SimpleData name="IdNumber">1</SimpleData>
		<SimpleData name="Parent">Feature 0033</SimpleData>
		<SimpleData name="Survey">Survey_2025-04-24_08-01-42</SimpleData>
		<SimpleData name="Swath">2</SimpleData>
	</SchemaData></ExtendedData>
      <Point><coordinates>-86.9782777692481,40.481601309878,-0.99375</coordinates></Point>
  </Placemark>
  <Placemark>
	<ExtendedData><SchemaData schemaUrl="#IQMaps_Points">
		<SimpleData name="Category">Point</SimpleData>
		<SimpleData name="Channel">10</SimpleData>
		<SimpleData name="CrossDist">2644.993388</SimpleData>
		<SimpleData name="IdNumber">2</SimpleData>
		<SimpleData name="Parent">Feature 0033</SimpleData>
		<SimpleData name="Survey">Survey_2025-04-18_16-18-21</SimpleData>
		<SimpleData name="Swath">6</SimpleData>
	</SchemaData></ExtendedData>
      <Point><coordinates>-86.9780576573919,40.4816799399636,-0.80625</coordinates></Point>
  </Placemark>
  <Placemark>
	<ExtendedData><SchemaData schemaUrl="#IQMaps_Points">
		<SimpleData name="Category">Point</SimpleData>
		<SimpleData name="Channel">11</SimpleData>
		<SimpleData name="CrossDist">2561.949311</SimpleData>
		<SimpleData name="IdNumber">3</SimpleData>
		<SimpleData name="Parent">Feature 0033</SimpleData>
		<SimpleData name="Survey">Survey_2025-04-18_16-18-21</SimpleData>
		<SimpleData name="Swath">6</SimpleData>
	</SchemaData></ExtendedData>
      <Point><coordinates>-86.9779292191307,40.4817252846055,-0.99375</coordinates></Point>
  </Placemark>
  <Placemark>
	<ExtendedData><SchemaData schemaUrl="#IQMaps_Points">
		<SimpleData name="Category">Point</SimpleData>
		<SimpleData name="Channel">14</SimpleData>
		<SimpleData name="CrossDist">1905.663837</SimpleData>
		<SimpleData name="IdNumber">4</SimpleData>
		<SimpleData name="Parent">Feature 0033</SimpleData>
		<SimpleData name="Survey">Survey_2025-04-18_16-18-21</SimpleData>
		<SimpleData name="Swath">6</SimpleData>
	</SchemaData></ExtendedData>
      <Point><coordinates>-86.9778006759414,40.4817725979952,-0.99375</coordinates></Point>
  </Placemark>
  <Placemark>
	<ExtendedData><SchemaData schemaUrl="#IQMaps_Points">
		<SimpleData name="Category">Point</SimpleData>
		<SimpleData name="Channel">14</SimpleData>
		<SimpleData name="CrossDist">1782.244521</SimpleData>
		<SimpleData name="IdNumber">5</SimpleData>
		<SimpleData name="Parent">Feature 0033</SimpleData>
		<SimpleData name="Survey">Survey_2025-04-18_16-18-21</SimpleData>
		<SimpleData name="Swath">6</SimpleData>
	</SchemaData></ExtendedData>
      <Point><coordinates>-86.9776793240586,40.4818585165651,-0.99375</coordinates></Point>
  </Placemark>
  <Placemark>
	<ExtendedData><SchemaData schemaUrl="#IQMaps_Points">
		<SimpleData name="Category">Point</SimpleData>
		<SimpleData name="Channel">11</SimpleData>
		<SimpleData name="CrossDist">1164.475679</SimpleData>
		<SimpleData name="IdNumber">6</SimpleData>
		<SimpleData name="Parent">Feature 0033</SimpleData>
		<SimpleData name="Survey">Survey_2025-04-18_16-18-21</SimpleData>
		<SimpleData name="Swath">6</SimpleData>
	</SchemaData></ExtendedData>
      <Point><coordinates>-86.9775507808692,40.481986304252,-0.725</coordinates></Point>
  </Placemark>
  <Placemark>
	<ExtendedData><SchemaData schemaUrl="#IQMaps_Points">
		<SimpleData name="Category">Point</SimpleData>
		<SimpleData name="Channel">11</SimpleData>
		<SimpleData name="CrossDist">988.501326</SimpleData>
		<SimpleData name="IdNumber">7</SimpleData>
		<SimpleData name="Parent">Feature 0033</SimpleData>
		<SimpleData name="Survey">Survey_2025-04-18_16-18-21</SimpleData>
		<SimpleData name="Swath">6</SimpleData>
	</SchemaData></ExtendedData>
      <Point><coordinates>-86.9774258858499,40.4821178312068,-0.84375</coordinates></Point>
  </Placemark>
  <Placemark>
	<ExtendedData><SchemaData schemaUrl="#IQMaps_Points">
		<SimpleData name="Category">Point</SimpleData>
		<SimpleData name="Channel">13</SimpleData>
		<SimpleData name="CrossDist">720.743496</SimpleData>
		<SimpleData name="IdNumber">1</SimpleData>
		<SimpleData name="Parent">Feature 0034</SimpleData>
		<SimpleData name="Survey">Survey_2025-04-18_16-18-21</SimpleData>
		<SimpleData name="Swath">6</SimpleData>
	</SchemaData></ExtendedData>
      <Point><coordinates>-86.9774190719014,40.4845219447706,-0.83125</coordinates></Point>
  </Placemark>
  <Placemark>
	<ExtendedData><SchemaData schemaUrl="#IQMaps_Points">
		<SimpleData name="Category">Point</SimpleData>
		<SimpleData name="Channel">11</SimpleData>
		<SimpleData name="CrossDist">1485.460808</SimpleData>
		<SimpleData name="IdNumber">2</SimpleData>
		<SimpleData name="Parent">Feature 0034</SimpleData>
		<SimpleData name="Survey">Survey_2025-04-18_16-18-21</SimpleData>
		<SimpleData name="Swath">6</SimpleData>
	</SchemaData></ExtendedData>
      <Point><coordinates>-86.9776764678014,40.4845215073217,-0.675</coordinates></Point>
  </Placemark>
  <Placemark>
	<ExtendedData><SchemaData schemaUrl="#IQMaps_Points">
		<SimpleData name="Category">Point</SimpleData>
		<SimpleData name="Channel">10</SimpleData>
		<SimpleData name="CrossDist">2212.452383</SimpleData>
		<SimpleData name="IdNumber">3</SimpleData>
		<SimpleData name="Parent">Feature 0034</SimpleData>
		<SimpleData name="Survey">Survey_2025-04-18_16-18-21</SimpleData>
		<SimpleData name="Swath">6</SimpleData>
	</SchemaData></ExtendedData>
      <Point><coordinates>-86.9778043240586,40.4845273808673,-0.7375</coordinates></Point>
  </Placemark>
  <Placemark>
	<ExtendedData><SchemaData schemaUrl="#IQMaps_Points">
		<SimpleData name="Category">Point</SimpleData>
		<SimpleData name="Channel">10</SimpleData>
		<SimpleData name="CrossDist">2250.217665</SimpleData>
		<SimpleData name="IdNumber">4</SimpleData>
		<SimpleData name="Parent">Feature 0034</SimpleData>
		<SimpleData name="Survey">Survey_2025-04-18_16-18-21</SimpleData>
		<SimpleData name="Swath">6</SimpleData>
	</SchemaData></ExtendedData>
      <Point><coordinates>-86.9779259700591,40.484524744201,-0.75</coordinates></Point>
  </Placemark>
  <Placemark>
	<ExtendedData><SchemaData schemaUrl="#IQMaps_Points">
		<SimpleData name="Category">Point</SimpleData>
		<SimpleData name="Channel">15</SimpleData>
		<SimpleData name="CrossDist">2962.459030</SimpleData>
		<SimpleData name="IdNumber">5</SimpleData>
		<SimpleData name="Parent">Feature 0034</SimpleData>
		<SimpleData name="Survey">Survey_2025-04-18_16-18-21</SimpleData>
		<SimpleData name="Swath">6</SimpleData>
	</SchemaData></ExtendedData>
      <Point><coordinates>-86.9780531243595,40.4845296993246,-0.86875</coordinates></Point>
  </Placemark>
  <Placemark>
	<ExtendedData><SchemaData schemaUrl="#IQMaps_Points">
		<SimpleData name="Category">Point</SimpleData>
		<SimpleData name="Channel">14</SimpleData>
		<SimpleData name="CrossDist">3000.145223</SimpleData>
		<SimpleData name="IdNumber">6</SimpleData>
		<SimpleData name="Parent">Feature 0034</SimpleData>
		<SimpleData name="Survey">Survey_2025-04-18_16-18-21</SimpleData>
		<SimpleData name="Swath">6</SimpleData>
	</SchemaData></ExtendedData>
      <Point><coordinates>-86.9781843240585,40.4845272912182,-0.725</coordinates></Point>
  </Placemark>
  <Placemark>
	<ExtendedData><SchemaData schemaUrl="#IQMaps_Points">
		<SimpleData name="Category">Point</SimpleData>
		<SimpleData name="Channel">13</SimpleData>
		<SimpleData name="CrossDist">4314.653868</SimpleData>
		<SimpleData name="IdNumber">7</SimpleData>
		<SimpleData name="Parent">Feature 0034</SimpleData>
		<SimpleData name="Survey">Survey_2025-04-18_16-18-21</SimpleData>
		<SimpleData name="Swath">6</SimpleData>
	</SchemaData></ExtendedData>
      <Point><coordinates>-86.9785607155814,40.4845412751509,-0.68125</coordinates></Point>
  </Placemark>
  <Placemark>
	<ExtendedData><SchemaData schemaUrl="#IQMaps_Points">
		<SimpleData name="Category">Point</SimpleData>
		<SimpleData name="Channel">14</SimpleData>
		<SimpleData name="CrossDist">3669.875929</SimpleData>
		<SimpleData name="IdNumber">1</SimpleData>
		<SimpleData name="Parent">Feature 0037</SimpleData>
		<SimpleData name="Survey">Survey_2025-04-18_16-18-21</SimpleData>
		<SimpleData name="Swath">9</SimpleData>
	</SchemaData></ExtendedData>
      <Point><coordinates>-86.9801926573302,40.4827372120949,-0.625</coordinates></Point>
  </Placemark>
  <Placemark>
	<ExtendedData><SchemaData schemaUrl="#IQMaps_Points">
		<SimpleData name="Category">Point</SimpleData>
		<SimpleData name="Channel">15</SimpleData>
		<SimpleData name="CrossDist">6111.529964</SimpleData>
		<SimpleData name="IdNumber">2</SimpleData>
		<SimpleData name="Parent">Feature 0037</SimpleData>
		<SimpleData name="Survey">Survey_2025-04-18_16-18-21</SimpleData>
		<SimpleData name="Swath">9</SimpleData>
	</SchemaData></ExtendedData>
      <Point><coordinates>-86.9805675524434,40.4824821363225,-0.7625</coordinates></Point>
  </Placemark>
  <Placemark>
	<ExtendedData><SchemaData schemaUrl="#IQMaps_Points">
		<SimpleData name="Category">Point</SimpleData>
		<SimpleData name="Channel">10</SimpleData>
		<SimpleData name="CrossDist">441.794488</SimpleData>
		<SimpleData name="IdNumber">3</SimpleData>
		<SimpleData name="Parent">Feature 0037</SimpleData>
		<SimpleData name="Survey">Survey_2025-04-18_16-18-21</SimpleData>
		<SimpleData name="Swath">10</SimpleData>
	</SchemaData></ExtendedData>
      <Point><coordinates>-86.9806874986779,40.4824131090535,-0.84375</coordinates></Point>
  </Placemark>
  <Placemark>
	<ExtendedData><SchemaData schemaUrl="#IQMaps_Points">
		<SimpleData name="Category">Point</SimpleData>
		<SimpleData name="Channel">15</SimpleData>
		<SimpleData name="CrossDist">3966.857365</SimpleData>
		<SimpleData name="IdNumber">4</SimpleData>
		<SimpleData name="Parent">Feature 0037</SimpleData>
		<SimpleData name="Survey">Survey_2025-04-18_16-18-21</SimpleData>
		<SimpleData name="Swath">13</SimpleData>
	</SchemaData></ExtendedData>
      <Point><coordinates>-86.9808198377136,40.482328654231,-0.95</coordinates></Point>
  </Placemark>
  <Placemark>
	<ExtendedData><SchemaData schemaUrl="#IQMaps_Points">
		<SimpleData name="Category">Point</SimpleData>
		<SimpleData name="Channel">11</SimpleData>
		<SimpleData name="CrossDist">4506.287961</SimpleData>
		<SimpleData name="IdNumber">5</SimpleData>
		<SimpleData name="Parent">Feature 0037</SimpleData>
		<SimpleData name="Survey">Survey_2025-04-18_16-18-21</SimpleData>
		<SimpleData name="Swath">13</SimpleData>
	</SchemaData></ExtendedData>
      <Point><coordinates>-86.9809442190774,40.482255060047,-0.8</coordinates></Point>
  </Placemark>
  <Placemark>
	<ExtendedData><SchemaData schemaUrl="#IQMaps_Points">
		<SimpleData name="Category">Point</SimpleData>
		<SimpleData name="Channel">14</SimpleData>
		<SimpleData name="CrossDist">6520.699993</SimpleData>
		<SimpleData name="IdNumber">6</SimpleData>
		<SimpleData name="Parent">Feature 0037</SimpleData>
		<SimpleData name="Survey">Survey_2025-04-18_16-18-21</SimpleData>
		<SimpleData name="Swath">13</SimpleData>
	</SchemaData></ExtendedData>
      <Point><coordinates>-86.9810673427682,40.4821779000655,-0.8</coordinates></Point>
  </Placemark>
  <Placemark>
	<ExtendedData><SchemaData schemaUrl="#IQMaps_Points">
		<SimpleData name="Category">Point</SimpleData>
		<SimpleData name="Channel">11</SimpleData>
		<SimpleData name="CrossDist">1482.613583</SimpleData>
		<SimpleData name="IdNumber">7</SimpleData>
		<SimpleData name="Parent">Feature 0037</SimpleData>
		<SimpleData name="Survey">Survey_2025-04-18_16-18-21</SimpleData>
		<SimpleData name="Swath">14</SimpleData>
	</SchemaData></ExtendedData>
      <Point><coordinates>-86.9813224475886,40.4820193522545,-0.95</coordinates></Point>
  </Placemark>
  <Placemark>
	<ExtendedData><SchemaData schemaUrl="#IQMaps_Points">
		<SimpleData name="Category">Point</SimpleData>
		<SimpleData name="Channel">14</SimpleData>
		<SimpleData name="CrossDist">2087.372185</SimpleData>
		<SimpleData name="IdNumber">8</SimpleData>
		<SimpleData name="Parent">Feature 0037</SimpleData>
		<SimpleData name="Survey">Survey_2025-04-18_16-18-21</SimpleData>
		<SimpleData name="Swath">14</SimpleData>
	</SchemaData></ExtendedData>
      <Point><coordinates>-86.9814526572341,40.4819766231103,-0.90625</coordinates></Point>
  </Placemark>
  <Placemark>
	<ExtendedData><SchemaData schemaUrl="#IQMaps_Points">
		<SimpleData name="Category">Point</SimpleData>
		<SimpleData name="Channel">11</SimpleData>
		<SimpleData name="CrossDist">3989.318811</SimpleData>
		<SimpleData name="IdNumber">9</SimpleData>
		<SimpleData name="Parent">Feature 0037</SimpleData>
		<SimpleData name="Survey">Survey_2025-04-18_16-18-21</SimpleData>
		<SimpleData name="Swath">14</SimpleData>
	</SchemaData></ExtendedData>
      <Point><coordinates>-86.9815774475886,40.4819525724659,-1.00625</coordinates></Point>
  </Placemark>
  <Placemark>
	<ExtendedData><SchemaData schemaUrl="#IQMaps_Points">
		<SimpleData name="Category">Point</SimpleData>
		<SimpleData name="Channel">6</SimpleData>
		<SimpleData name="CrossDist">3385.865187</SimpleData>
		<SimpleData name="IdNumber">10</SimpleData>
		<SimpleData name="Parent">Feature 0037</SimpleData>
		<SimpleData name="Survey">Survey_2025-04-18_16-18-21</SimpleData>
		<SimpleData name="Swath">15</SimpleData>
	</SchemaData></ExtendedData>
      <Point><coordinates>-86.9820805137333,40.4818804366236,-0.9875</coordinates></Point>
  </Placemark>
  <Placemark>
	<ExtendedData><SchemaData schemaUrl="#IQMaps_Points">
		<SimpleData name="Category">Point</SimpleData>
		<SimpleData name="Channel">4</SimpleData>
		<SimpleData name="CrossDist">1092.662326</SimpleData>
		<SimpleData name="IdNumber">11</SimpleData>
		<SimpleData name="Parent">Feature 0037</SimpleData>
		<SimpleData name="Survey">Survey_2025-04-18_16-18-21</SimpleData>
		<SimpleData name="Swath">16</SimpleData>
	</SchemaData></ExtendedData>
      <Point><coordinates>-86.9823324313341,40.4818454758844,-0.78125</coordinates></Point>
  </Placemark>
  <Placemark>
	<ExtendedData><SchemaData schemaUrl="#IQMaps_Points">
		<SimpleData name="Category">Point</SimpleData>
		<SimpleData name="Channel">6</SimpleData>
		<SimpleData name="CrossDist">1734.790762</SimpleData>
		<SimpleData name="IdNumber">12</SimpleData>
		<SimpleData name="Parent">Feature 0037</SimpleData>
		<SimpleData name="Survey">Survey_2025-04-18_16-18-21</SimpleData>
		<SimpleData name="Swath">16</SimpleData>
	</SchemaData></ExtendedData>
      <Point><coordinates>-86.9824594862668,40.4818274655528,-0.78125</coordinates></Point>
  </Placemark>
  <Placemark>
	<ExtendedData><SchemaData schemaUrl="#IQMaps_Points">
		<SimpleData name="Category">Point</SimpleData>
		<SimpleData name="Channel">8</SimpleData>
		<SimpleData name="CrossDist">2389.810804</SimpleData>
		<SimpleData name="IdNumber">13</SimpleData>
		<SimpleData name="Parent">Feature 0037</SimpleData>
		<SimpleData name="Survey">Survey_2025-04-24_08-01-42</SimpleData>
		<SimpleData name="Swath">3</SimpleData>
	</SchemaData></ExtendedData>
      <Point><coordinates>-86.9826229380808,40.4818035228085,-0.78125</coordinates></Point>
  </Placemark>
  <Placemark>
	<ExtendedData><SchemaData schemaUrl="#IQMaps_Points">
		<SimpleData name="Category">Point</SimpleData>
		<SimpleData name="Channel">15</SimpleData>
		<SimpleData name="CrossDist">3415.009703</SimpleData>
		<SimpleData name="IdNumber">1</SimpleData>
		<SimpleData name="Parent">Feature 0039</SimpleData>
		<SimpleData name="Survey">Survey_2025-04-18_16-18-21</SimpleData>
		<SimpleData name="Swath">15</SimpleData>
	</SchemaData></ExtendedData>
      <Point><coordinates>-86.982081128438,40.4821433038994,-0.7375</coordinates></Point>
  </Placemark>
  <Placemark>
	<ExtendedData><SchemaData schemaUrl="#IQMaps_Points">
		<SimpleData name="Category">Point</SimpleData>
		<SimpleData name="Channel">11</SimpleData>
		<SimpleData name="CrossDist">3991.651954</SimpleData>
		<SimpleData name="IdNumber">2</SimpleData>
		<SimpleData name="Parent">Feature 0039</SimpleData>
		<SimpleData name="Survey">Survey_2025-04-18_16-18-21</SimpleData>
		<SimpleData name="Swath">15</SimpleData>
	</SchemaData></ExtendedData>
      <Point><coordinates>-86.9822084338151,40.4821170918383,-0.8625</coordinates></Point>
  </Placemark>
  <Placemark>
	<ExtendedData><SchemaData schemaUrl="#IQMaps_Points">
		<SimpleData name="Category">Point</SimpleData>
		<SimpleData name="Channel">15</SimpleData>
		<SimpleData name="CrossDist">1121.253215</SimpleData>
		<SimpleData name="IdNumber">3</SimpleData>
		<SimpleData name="Parent">Feature 0039</SimpleData>
		<SimpleData name="Survey">Survey_2025-04-18_16-18-21</SimpleData>
		<SimpleData name="Swath">16</SimpleData>
	</SchemaData></ExtendedData>
      <Point><coordinates>-86.9823347775715,40.4821042491221,-0.81875</coordinates></Point>
  </Placemark>
  <Placemark>
	<ExtendedData><SchemaData schemaUrl="#IQMaps_Points">
		<SimpleData name="Category">Point</SimpleData>
		<SimpleData name="Channel">11</SimpleData>
		<SimpleData name="CrossDist">1702.205849</SimpleData>
		<SimpleData name="IdNumber">4</SimpleData>
		<SimpleData name="Parent">Feature 0039</SimpleData>
		<SimpleData name="Survey">Survey_2025-04-18_16-18-21</SimpleData>
		<SimpleData name="Swath">16</SimpleData>
	</SchemaData></ExtendedData>
      <Point><coordinates>-86.9824625524136,40.4821189789842,-1.0375</coordinates></Point>
  </Placemark>
  <Placemark>
	<ExtendedData><SchemaData schemaUrl="#IQMaps_Points">
		<SimpleData name="Category">Point</SimpleData>
		<SimpleData name="Channel">14</SimpleData>
		<SimpleData name="CrossDist">3604.310653</SimpleData>
		<SimpleData name="IdNumber">5</SimpleData>
		<SimpleData name="Parent">Feature 0039</SimpleData>
		<SimpleData name="Survey">Survey_2025-04-18_16-18-21</SimpleData>
		<SimpleData name="Swath">16</SimpleData>
	</SchemaData></ExtendedData>
      <Point><coordinates>-86.9825840094259,40.4821583826719,-1.025</coordinates></Point>
  </Placemark>
  <Placemark>
	<ExtendedData><SchemaData schemaUrl="#IQMaps_Points">
		<SimpleData name="Category">Point</SimpleData>
		<SimpleData name="Channel">11</SimpleData>
		<SimpleData name="CrossDist">4170.631712</SimpleData>
		<SimpleData name="IdNumber">6</SimpleData>
		<SimpleData name="Parent">Feature 0039</SimpleData>
		<SimpleData name="Survey">Survey_2025-04-18_16-18-21</SimpleData>
		<SimpleData name="Swath">16</SimpleData>
	</SchemaData></ExtendedData>
      <Point><coordinates>-86.9827125524135,40.4822134561086,-1.11875</coordinates></Point>
  </Placemark>
  <Placemark>
	<ExtendedData><SchemaData schemaUrl="#IQMaps_Points">
		<SimpleData name="Category">Point</SimpleData>
		<SimpleData name="Channel">14</SimpleData>
		<SimpleData name="CrossDist">734.702810</SimpleData>
		<SimpleData name="IdNumber">7</SimpleData>
		<SimpleData name="Parent">Feature 0039</SimpleData>
		<SimpleData name="Survey">Survey_2025-04-18_16-18-21</SimpleData>
		<SimpleData name="Swath">17</SimpleData>
	</SchemaData></ExtendedData>
      <Point><coordinates>-86.9828340094261,40.4822832863608,-1.38125</coordinates></Point>
  </Placemark>
  <Placemark>
	<ExtendedData><SchemaData schemaUrl="#IQMaps_Points">
		<SimpleData name="Category">Point</SimpleData>
		<SimpleData name="Channel">14</SimpleData>
		<SimpleData name="CrossDist">205.672497</SimpleData>
		<SimpleData name="IdNumber">1</SimpleData>
		<SimpleData name="Parent">Feature 0041</SimpleData>
		<SimpleData name="Survey">Survey_2025-04-18_23-29-00</SimpleData>
		<SimpleData name="Swath">0</SimpleData>
	</SchemaData></ExtendedData>
      <Point><coordinates>-86.9832143239072,40.479824708825,-1.05625</coordinates></Point>
  </Placemark>
  <Placemark>
	<ExtendedData><SchemaData schemaUrl="#IQMaps_Points">
		<SimpleData name="Category">Point</SimpleData>
		<SimpleData name="Channel">14</SimpleData>
		<SimpleData name="CrossDist">185.702373</SimpleData>
		<SimpleData name="IdNumber">2</SimpleData>
		<SimpleData name="Parent">Feature 0041</SimpleData>
		<SimpleData name="Survey">Survey_2025-04-18_23-29-00</SimpleData>
		<SimpleData name="Swath">0</SimpleData>
	</SchemaData></ExtendedData>
      <Point><coordinates>-86.9832143239072,40.48000373388,-1.025</coordinates></Point>
  </Placemark>
  <Placemark>
	<ExtendedData><SchemaData schemaUrl="#IQMaps_Points">
		<SimpleData name="Category">Point</SimpleData>
		<SimpleData name="Channel">11</SimpleData>
		<SimpleData name="CrossDist">4273.448188</SimpleData>
		<SimpleData name="IdNumber">3</SimpleData>
		<SimpleData name="Parent">Feature 0041</SimpleData>
		<SimpleData name="Survey">Survey_2025-04-24_10-38-46</SimpleData>
		<SimpleData name="Swath">0</SimpleData>
	</SchemaData></ExtendedData>
      <Point><coordinates>-86.9832217886659,40.4800826595945,-0.96875</coordinates></Point>
  </Placemark>
  <Placemark>
	<ExtendedData><SchemaData schemaUrl="#IQMaps_Points">
		<SimpleData name="Category">Point</SimpleData>
		<SimpleData name="Channel">10</SimpleData>
		<SimpleData name="CrossDist">2994.292593</SimpleData>
		<SimpleData name="IdNumber">4</SimpleData>
		<SimpleData name="Parent">Feature 0041</SimpleData>
		<SimpleData name="Survey">Survey_2025-04-24_10-38-46</SimpleData>
		<SimpleData name="Swath">0</SimpleData>
	</SchemaData></ExtendedData>
      <Point><coordinates>-86.9832283922065,40.4802753545438,-0.96875</coordinates></Point>
  </Placemark>
  <Placemark>
	<ExtendedData><SchemaData schemaUrl="#IQMaps_Points">
		<SimpleData name="Category">Point</SimpleData>
		<SimpleData name="Channel">15</SimpleData>
		<SimpleData name="CrossDist">1715.176542</SimpleData>
		<SimpleData name="IdNumber">5</SimpleData>
		<SimpleData name="Parent">Feature 0041</SimpleData>
		<SimpleData name="Survey">Survey_2025-04-24_10-38-46</SimpleData>
		<SimpleData name="Swath">0</SimpleData>
	</SchemaData></ExtendedData>
      <Point><coordinates>-86.9832365629211,40.4804630418489,-0.96875</coordinates></Point>
  </Placemark>
  <Placemark>
	<ExtendedData><SchemaData schemaUrl="#IQMaps_Points">
		<SimpleData name="Category">Point</SimpleData>
		<SimpleData name="Channel">15</SimpleData>
		<SimpleData name="CrossDist">436.772299</SimpleData>
		<SimpleData name="IdNumber">6</SimpleData>
		<SimpleData name="Parent">Feature 0041</SimpleData>
		<SimpleData name="Survey">Survey_2025-04-24_10-38-46</SimpleData>
		<SimpleData name="Swath">0</SimpleData>
	</SchemaData></ExtendedData>
      <Point><coordinates>-86.9832390817464,40.4806523403998,-0.96875</coordinates></Point>
  </Placemark>
  <Placemark>
	<ExtendedData><SchemaData schemaUrl="#IQMaps_Points">
		<SimpleData name="Category">Point</SimpleData>
		<SimpleData name="Channel">14</SimpleData>
		<SimpleData name="CrossDist">1764.291182</SimpleData>
		<SimpleData name="IdNumber">1</SimpleData>
		<SimpleData name="Parent">Feature 0042</SimpleData>
		<SimpleData name="Survey">Survey_2025-04-23_19-07-30</SimpleData>
		<SimpleData name="Swath">5</SimpleData>
	</SchemaData></ExtendedData>
      <Point><coordinates>-86.9845059905749,40.4795048280022,-1.55</coordinates></Point>
  </Placemark>
  <Placemark>
	<ExtendedData><SchemaData schemaUrl="#IQMaps_Points">
		<SimpleData name="Category">Point</SimpleData>
		<SimpleData name="Channel">11</SimpleData>
		<SimpleData name="CrossDist">3076.703953</SimpleData>
		<SimpleData name="IdNumber">2</SimpleData>
		<SimpleData name="Parent">Feature 0042</SimpleData>
		<SimpleData name="Survey">Survey_2025-04-23_19-07-30</SimpleData>
		<SimpleData name="Swath">5</SimpleData>
	</SchemaData></ExtendedData>
      <Point><coordinates>-86.9843791142527,40.4794219012391,-1.175</coordinates></Point>
  </Placemark>
  <Placemark>
	<ExtendedData><SchemaData schemaUrl="#IQMaps_Points">
		<SimpleData name="Category">Point</SimpleData>
		<SimpleData name="Channel">15</SimpleData>
		<SimpleData name="CrossDist">1834.087751</SimpleData>
		<SimpleData name="IdNumber">3</SimpleData>
		<SimpleData name="Parent">Feature 0042</SimpleData>
		<SimpleData name="Survey">Survey_2025-04-23_19-07-30</SimpleData>
		<SimpleData name="Swath">2</SimpleData>
	</SchemaData></ExtendedData>
      <Point><coordinates>-86.9841191142531,40.4792685492619,-0.74375</coordinates></Point>
  </Placemark>
  <Placemark>
	<ExtendedData><SchemaData schemaUrl="#IQMaps_Points">
		<SimpleData name="Category">Point</SimpleData>
		<SimpleData name="Channel">15</SimpleData>
		<SimpleData name="CrossDist">607.764007</SimpleData>
		<SimpleData name="IdNumber">4</SimpleData>
		<SimpleData name="Parent">Feature 0042</SimpleData>
		<SimpleData name="Survey">Survey_2025-04-23_19-07-30</SimpleData>
		<SimpleData name="Swath">2</SimpleData>
	</SchemaData></ExtendedData>
      <Point><coordinates>-86.9839958857468,40.4791868189252,-0.84375</coordinates></Point>
  </Placemark>
  <Placemark>
	<ExtendedData><SchemaData schemaUrl="#IQMaps_Points">
		<SimpleData name="Category">Point</SimpleData>
		<SimpleData name="Channel">10</SimpleData>
		<SimpleData name="CrossDist">5555.767366</SimpleData>
		<SimpleData name="IdNumber">5</SimpleData>
		<SimpleData name="Parent">Feature 0042</SimpleData>
		<SimpleData name="Survey">Survey_2025-04-23_19-07-30</SimpleData>
		<SimpleData name="Swath">5</SimpleData>
	</SchemaData></ExtendedData>
      <Point><coordinates>-86.9838793239081,40.4791110708825,-0.84375</coordinates></Point>
  </Placemark>
  <Placemark>
	<ExtendedData><SchemaData schemaUrl="#IQMaps_Points">
		<SimpleData name="Category">Point</SimpleData>
		<SimpleData name="Channel">14</SimpleData>
		<SimpleData name="CrossDist">954.532345</SimpleData>
		<SimpleData name="IdNumber">6</SimpleData>
		<SimpleData name="Parent">Feature 0042</SimpleData>
		<SimpleData name="Survey">Survey_2025-04-23_19-07-30</SimpleData>
		<SimpleData name="Swath">1</SimpleData>
	</SchemaData></ExtendedData>
      <Point><coordinates>-86.9837476572399,40.4790267289355,-0.8</coordinates></Point>
  </Placemark>
  <Placemark>
	<ExtendedData><SchemaData schemaUrl="#IQMaps_Points">
		<SimpleData name="Category">Point</SimpleData>
		<SimpleData name="Channel">14</SimpleData>
		<SimpleData name="CrossDist">580.478096</SimpleData>
		<SimpleData name="IdNumber">7</SimpleData>
		<SimpleData name="Parent">Feature 0042</SimpleData>
		<SimpleData name="Survey">Survey_2025-04-23_19-07-30</SimpleData>
		<SimpleData name="Swath">0</SimpleData>
	</SchemaData></ExtendedData>
      <Point><coordinates>-86.9836156761488,40.4789414522657,-0.8125</coordinates></Point>
  </Placemark>
  <Placemark>
	<ExtendedData><SchemaData schemaUrl="#IQMaps_Points">
		<SimpleData name="Category">Point</SimpleData>
		<SimpleData name="Channel">10</SimpleData>
		<SimpleData name="CrossDist">2805.980262</SimpleData>
		<SimpleData name="IdNumber">8</SimpleData>
		<SimpleData name="Parent">Feature 0042</SimpleData>
		<SimpleData name="Survey">Survey_2025-04-18_16-18-21</SimpleData>
		<SimpleData name="Swath">17</SimpleData>
	</SchemaData></ExtendedData>
      <Point><coordinates>-86.9830893239073,40.47859355912,-0.73125</coordinates></Point>
  </Placemark>
  <Placemark>
	<ExtendedData><SchemaData schemaUrl="#IQMaps_Points">
		<SimpleData name="Category">Point</SimpleData>
		<SimpleData name="Channel">11</SimpleData>
		<SimpleData name="CrossDist">1700.030885</SimpleData>
		<SimpleData name="IdNumber">9</SimpleData>
		<SimpleData name="Parent">Feature 0042</SimpleData>
		<SimpleData name="Survey">Survey_2025-04-18_16-18-21</SimpleData>
		<SimpleData name="Swath">17</SimpleData>
	</SchemaData></ExtendedData>
      <Point><coordinates>-86.982961373203,40.4785067881345,-0.7125</coordinates></Point>
  </Placemark>
  <Placemark>
	<ExtendedData><SchemaData schemaUrl="#IQMaps_Points">
		<SimpleData name="Category">Point</SimpleData>
		<SimpleData name="Channel">13</SimpleData>
		<SimpleData name="CrossDist">304.850851</SimpleData>
		<SimpleData name="IdNumber">10</SimpleData>
		<SimpleData name="Parent">Feature 0042</SimpleData>
		<SimpleData name="Survey">Survey_2025-04-18_16-18-21</SimpleData>
		<SimpleData name="Swath">17</SimpleData>
	</SchemaData></ExtendedData>
      <Point><coordinates>-86.9828410954013,40.4784196049049,-0.66875</coordinates></Point>
  </Placemark>
  <Placemark>
	<ExtendedData><SchemaData schemaUrl="#IQMaps_Points">
		<SimpleData name="Category">Point</SimpleData>
		<SimpleData name="Channel">15</SimpleData>
		<SimpleData name="CrossDist">3163.939778</SimpleData>
		<SimpleData name="IdNumber">11</SimpleData>
		<SimpleData name="Parent">Feature 0042</SimpleData>
		<SimpleData name="Survey">Survey_2025-04-18_16-18-21</SimpleData>
		<SimpleData name="Swath">16</SimpleData>
	</SchemaData></ExtendedData>
      <Point><coordinates>-86.9825866713348,40.4782001112498,-0.85625</coordinates></Point>
  </Placemark>
  <Placemark>
	<ExtendedData><SchemaData schemaUrl="#IQMaps_Points">
		<SimpleData name="Category">Point</SimpleData>
		<SimpleData name="Channel">15</SimpleData>
		<SimpleData name="CrossDist">1420.093257</SimpleData>
		<SimpleData name="IdNumber">1</SimpleData>
		<SimpleData name="Parent">Feature 0043</SimpleData>
		<SimpleData name="Survey">Survey_2025-04-23_19-07-30</SimpleData>
		<SimpleData name="Swath">4</SimpleData>
	</SchemaData></ExtendedData>
      <Point><coordinates>-86.9858864446043,40.4798771709244,-0.7875</coordinates></Point>
  </Placemark>
  <Placemark>
	<ExtendedData><SchemaData schemaUrl="#IQMaps_Points">
		<SimpleData name="Category">Point</SimpleData>
		<SimpleData name="Channel">11</SimpleData>
		<SimpleData name="CrossDist">2382.534561</SimpleData>
		<SimpleData name="IdNumber">2</SimpleData>
		<SimpleData name="Parent">Feature 0043</SimpleData>
		<SimpleData name="Survey">Survey_2025-04-23_19-07-30</SimpleData>
		<SimpleData name="Swath">4</SimpleData>
	</SchemaData></ExtendedData>
      <Point><coordinates>-86.9860136077167,40.4799875019654,-0.6625</coordinates></Point>
  </Placemark>
  <Placemark>
	<ExtendedData><SchemaData schemaUrl="#IQMaps_Points">
		<SimpleData name="Category">Point</SimpleData>
		<SimpleData name="Channel">11</SimpleData>
		<SimpleData name="CrossDist">3429.680823</SimpleData>
		<SimpleData name="IdNumber">3</SimpleData>
		<SimpleData name="Parent">Feature 0043</SimpleData>
		<SimpleData name="Survey">Survey_2025-04-23_19-07-30</SimpleData>
		<SimpleData name="Swath">4</SimpleData>
	</SchemaData></ExtendedData>
      <Point><coordinates>-86.9861408857473,40.4801002078203,-0.78125</coordinates></Point>
  </Placemark>
  <Placemark>
	<ExtendedData><SchemaData schemaUrl="#IQMaps_Points">
		<SimpleData name="Category">Point</SimpleData>
		<SimpleData name="Channel">5</SimpleData>
		<SimpleData name="CrossDist">1473.953272</SimpleData>
		<SimpleData name="IdNumber">4</SimpleData>
		<SimpleData name="Parent">Feature 0043</SimpleData>
		<SimpleData name="Survey">Survey_2025-04-18_16-18-21</SimpleData>
		<SimpleData name="Swath">3</SimpleData>
	</SchemaData></ExtendedData>
      <Point><coordinates>-86.9861985961875,40.4801487146331,-0.675</coordinates></Point>
  </Placemark>
  <Placemark>
	<ExtendedData><SchemaData schemaUrl="#IQMaps_Points">
		<SimpleData name="Category">Point</SimpleData>
		<SimpleData name="Channel">4</SimpleData>
		<SimpleData name="CrossDist">3960.925646</SimpleData>
		<SimpleData name="IdNumber">5</SimpleData>
		<SimpleData name="Parent">Feature 0043</SimpleData>
		<SimpleData name="Survey">Survey_2025-04-24_10-38-46</SimpleData>
		<SimpleData name="Swath">0</SimpleData>
	</SchemaData></ExtendedData>
      <Point><coordinates>-86.9862346693302,40.4801819538396,-0.675</coordinates></Point>
  </Placemark>
  <Placemark>
	<ExtendedData><SchemaData schemaUrl="#IQMaps_Points">
		<SimpleData name="Category">Point</SimpleData>
		<SimpleData name="Channel">3</SimpleData>
		<SimpleData name="CrossDist">451.008426</SimpleData>
		<SimpleData name="IdNumber">6</SimpleData>
		<SimpleData name="Parent">Feature 0043</SimpleData>
		<SimpleData name="Survey">Survey_2025-04-18_16-18-21</SimpleData>
		<SimpleData name="Swath">3</SimpleData>
	</SchemaData></ExtendedData>
      <Point><coordinates>-86.9863221804077,40.4802780704193,-1.1125</coordinates></Point>
  </Placemark>
  <Placemark>
	<ExtendedData><SchemaData schemaUrl="#IQMaps_Points">
		<SimpleData name="Category">Point</SimpleData>
		<SimpleData name="Channel">16</SimpleData>
		<SimpleData name="CrossDist">5730.753099</SimpleData>
		<SimpleData name="IdNumber">1</SimpleData>
		<SimpleData name="Parent">Feature 0044</SimpleData>
		<SimpleData name="Survey">Survey_2025-04-23_19-07-30</SimpleData>
		<SimpleData name="Swath">5</SimpleData>
	</SchemaData></ExtendedData>
      <Point><coordinates>-86.9838730990633,40.4806828342098,-0.95</coordinates></Point>
  </Placemark>
  <Placemark>
	<ExtendedData><SchemaData schemaUrl="#IQMaps_Points">
		<SimpleData name="Category">Point</SimpleData>
		<SimpleData name="Channel">13</SimpleData>
		<SimpleData name="CrossDist">5733.007153</SimpleData>
		<SimpleData name="IdNumber">2</SimpleData>
		<SimpleData name="Parent">Feature 0044</SimpleData>
		<SimpleData name="Survey">Survey_2025-04-23_19-07-30</SimpleData>
		<SimpleData name="Swath">5</SimpleData>
	</SchemaData></ExtendedData>
      <Point><coordinates>-86.9838827620693,40.4807031459815,-0.95</coordinates></Point>
  </Placemark>
  <Placemark>
	<ExtendedData><SchemaData schemaUrl="#IQMaps_Points">
		<SimpleData name="Category">Point</SimpleData>
		<SimpleData name="Channel">11</SimpleData>
		<SimpleData name="CrossDist">800.703079</SimpleData>
		<SimpleData name="IdNumber">3</SimpleData>
		<SimpleData name="Parent">Feature 0044</SimpleData>
		<SimpleData name="Survey">Survey_2025-04-23_19-07-30</SimpleData>
		<SimpleData name="Swath">1</SimpleData>
	</SchemaData></ExtendedData>
      <Point><coordinates>-86.9837425524134,40.4804096264013,-0.875</coordinates></Point>
  </Placemark>
  <Placemark>
	<ExtendedData><SchemaData schemaUrl="#IQMaps_Points">
		<SimpleData name="Category">Point</SimpleData>
		<SimpleData name="Channel">15</SimpleData>
		<SimpleData name="CrossDist">2677.696936</SimpleData>
		<SimpleData name="IdNumber">1</SimpleData>
		<SimpleData name="Parent">Feature 0045</SimpleData>
		<SimpleData name="Survey">Survey_2025-04-23_19-07-30</SimpleData>
		<SimpleData name="Swath">4</SimpleData>
	</SchemaData></ExtendedData>
      <Point><coordinates>-86.9860138105839,40.4826387438445,-0.78125</coordinates></Point>
  </Placemark>
  <Placemark>
	<ExtendedData><SchemaData schemaUrl="#IQMaps_Points">
		<SimpleData name="Category">Point</SimpleData>
		<SimpleData name="Channel">14</SimpleData>
		<SimpleData name="CrossDist">656.720468</SimpleData>
		<SimpleData name="IdNumber">2</SimpleData>
		<SimpleData name="Parent">Feature 0045</SimpleData>
		<SimpleData name="Survey">Survey_2025-04-23_19-07-30</SimpleData>
		<SimpleData name="Swath">4</SimpleData>
	</SchemaData></ExtendedData>
      <Point><coordinates>-86.9857590094248,40.4827508947042,-0.74375</coordinates></Point>
  </Placemark>
  <Placemark>
	<ExtendedData><SchemaData schemaUrl="#IQMaps_Points">
		<SimpleData name="Category">Point</SimpleData>
		<SimpleData name="Channel">15</SimpleData>
		<SimpleData name="CrossDist">7675.487197</SimpleData>
		<SimpleData name="IdNumber">3</SimpleData>
		<SimpleData name="Parent">Feature 0045</SimpleData>
		<SimpleData name="Survey">Survey_2025-04-23_19-07-30</SimpleData>
		<SimpleData name="Swath">3</SimpleData>
	</SchemaData></ExtendedData>
      <Point><coordinates>-86.9856329371303,40.4828190164453,-0.7875</coordinates></Point>
  </Placemark>
  <Placemark>
	<ExtendedData><SchemaData schemaUrl="#IQMaps_Points">
		<SimpleData name="Category">Point</SimpleData>
		<SimpleData name="Channel">14</SimpleData>
		<SimpleData name="CrossDist">776.027124</SimpleData>
		<SimpleData name="IdNumber">1</SimpleData>
		<SimpleData name="Parent">Feature 0047</SimpleData>
		<SimpleData name="Survey">Survey_2025-04-18_23-29-00</SimpleData>
		<SimpleData name="Swath">0</SimpleData>
	</SchemaData></ExtendedData>
      <Point><coordinates>-86.9832143239073,40.4746984773084,-0.975</coordinates></Point>
  </Placemark>
  <Placemark>
	<ExtendedData><SchemaData schemaUrl="#IQMaps_Points">
		<SimpleData name="Category">Point</SimpleData>
		<SimpleData name="Channel">15</SimpleData>
		<SimpleData name="CrossDist">1025.712982</SimpleData>
		<SimpleData name="IdNumber">2</SimpleData>
		<SimpleData name="Parent">Feature 0047</SimpleData>
		<SimpleData name="Survey">Survey_2025-04-18_23-29-00</SimpleData>
		<SimpleData name="Swath">0</SimpleData>
	</SchemaData></ExtendedData>
      <Point><coordinates>-86.9833392190802,40.4746983660564,-0.85</coordinates></Point>
  </Placemark>
  <Placemark>
	<ExtendedData><SchemaData schemaUrl="#IQMaps_Points">
		<SimpleData name="Category">Point</SimpleData>
		<SimpleData name="Channel">15</SimpleData>
		<SimpleData name="CrossDist">344.830642</SimpleData>
		<SimpleData name="IdNumber">3</SimpleData>
		<SimpleData name="Parent">Feature 0047</SimpleData>
		<SimpleData name="Survey">Survey_2025-04-18_23-29-00</SimpleData>
		<SimpleData name="Swath">1</SimpleData>
	</SchemaData></ExtendedData>
      <Point><coordinates>-86.9834641142983,40.4747031308909,-0.85</coordinates></Point>
  </Placemark>
  <Placemark>
	<ExtendedData><SchemaData schemaUrl="#IQMaps_Points">
		<SimpleData name="Category">Point</SimpleData>
		<SimpleData name="Channel">10</SimpleData>
		<SimpleData name="CrossDist">109.420457</SimpleData>
		<SimpleData name="IdNumber">4</SimpleData>
		<SimpleData name="Parent">Feature 0047</SimpleData>
		<SimpleData name="Survey">Survey_2025-04-23_19-07-30</SimpleData>
		<SimpleData name="Swath">2</SimpleData>
	</SchemaData></ExtendedData>
      <Point><coordinates>-86.9839976572404,40.4747080126861,-0.85</coordinates></Point>
  </Placemark>
  <Placemark>
	<ExtendedData><SchemaData schemaUrl="#IQMaps_Points">
		<SimpleData name="Category">Point</SimpleData>
		<SimpleData name="Channel">15</SimpleData>
		<SimpleData name="CrossDist">5081.032061</SimpleData>
		<SimpleData name="IdNumber">5</SimpleData>
		<SimpleData name="Parent">Feature 0047</SimpleData>
		<SimpleData name="Survey">Survey_2025-04-23_19-07-30</SimpleData>
		<SimpleData name="Swath">2</SimpleData>
	</SchemaData></ExtendedData>
      <Point><coordinates>-86.9844992190801,40.4747083434776,-1.075</coordinates></Point>
  </Placemark>
  <Placemark>
	<ExtendedData><SchemaData schemaUrl="#IQMaps_Points">
		<SimpleData name="Category">Point</SimpleData>
		<SimpleData name="Channel">15</SimpleData>
		<SimpleData name="CrossDist">7243.539364</SimpleData>
		<SimpleData name="IdNumber">1</SimpleData>
		<SimpleData name="Parent">Feature 0048</SimpleData>
		<SimpleData name="Survey">Survey_2025-04-23_19-07-30</SimpleData>
		<SimpleData name="Swath">3</SimpleData>
	</SchemaData></ExtendedData>
      <Point><coordinates>-86.9855075524135,40.4827882015926,-0.80625</coordinates></Point>
  </Placemark>
  <Placemark>
	<ExtendedData><SchemaData schemaUrl="#IQMaps_Points">
		<SimpleData name="Category">Point</SimpleData>
		<SimpleData name="Channel">10</SimpleData>
		<SimpleData name="CrossDist">2331.996308</SimpleData>
		<SimpleData name="IdNumber">2</SimpleData>
		<SimpleData name="Parent">Feature 0048</SimpleData>
		<SimpleData name="Survey">Survey_2025-04-24_08-01-42</SimpleData>
		<SimpleData name="Swath">1</SimpleData>
	</SchemaData></ExtendedData>
      <Point><coordinates>-86.9855028192866,40.4826721291205,-0.80625</coordinates></Point>
  </Placemark>
  <Placemark>
	<ExtendedData><SchemaData schemaUrl="#IQMaps_Points">
		<SimpleData name="Category">Point</SimpleData>
		<SimpleData name="Channel">11</SimpleData>
		<SimpleData name="CrossDist">2517.026420</SimpleData>
		<SimpleData name="IdNumber">3</SimpleData>
		<SimpleData name="Parent">Feature 0048</SimpleData>
		<SimpleData name="Survey">Survey_2025-04-24_08-01-42</SimpleData>
		<SimpleData name="Swath">1</SimpleData>
	</SchemaData></ExtendedData>
      <Point><coordinates>-86.985504733818,40.4825759929302,-0.80625</coordinates></Point>
  </Placemark>
  <Placemark>
	<ExtendedData><SchemaData schemaUrl="#IQMaps_Points">
		<SimpleData name="Category">Point</SimpleData>
		<SimpleData name="Channel">14</SimpleData>
		<SimpleData name="CrossDist">3963.496057</SimpleData>
		<SimpleData name="IdNumber">4</SimpleData>
		<SimpleData name="Parent">Feature 0048</SimpleData>
		<SimpleData name="Survey">Survey_2025-04-24_08-01-42</SimpleData>
		<SimpleData name="Swath">1</SimpleData>
	</SchemaData></ExtendedData>
      <Point><coordinates>-86.9854996084684,40.4824853545454,-0.6875</coordinates></Point>
  </Placemark>
  <Placemark>
	<ExtendedData><SchemaData schemaUrl="#IQMaps_Points">
		<SimpleData name="Category">Point</SimpleData>
		<SimpleData name="Channel">11</SimpleData>
		<SimpleData name="CrossDist">4148.407535</SimpleData>
		<SimpleData name="IdNumber">5</SimpleData>
		<SimpleData name="Parent">Feature 0048</SimpleData>
		<SimpleData name="Survey">Survey_2025-04-24_08-01-42</SimpleData>
		<SimpleData name="Swath">1</SimpleData>
	</SchemaData></ExtendedData>
      <Point><coordinates>-86.9854977083001,40.482387659595,-0.6875</coordinates></Point>
  </Placemark>
  <Placemark>
	<ExtendedData><SchemaData schemaUrl="#IQMaps_Points">
		<SimpleData name="Category">Point</SimpleData>
		<SimpleData name="Channel">15</SimpleData>
		<SimpleData name="CrossDist">495.773138</SimpleData>
		<SimpleData name="IdNumber">6</SimpleData>
		<SimpleData name="Parent">Feature 0048</SimpleData>
		<SimpleData name="Survey">Survey_2025-04-24_08-01-42</SimpleData>
		<SimpleData name="Swath">2</SimpleData>
	</SchemaData></ExtendedData>
      <Point><coordinates>-86.9854957921954,40.4822893262683,-0.80625</coordinates></Point>
  </Placemark>
  <Placemark>
	<ExtendedData><SchemaData schemaUrl="#IQMaps_Points">
		<SimpleData name="Category">Point</SimpleData>
		<SimpleData name="Channel">11</SimpleData>
		<SimpleData name="CrossDist">680.210078</SimpleData>
		<SimpleData name="IdNumber">7</SimpleData>
		<SimpleData name="Parent">Feature 0048</SimpleData>
		<SimpleData name="Survey">Survey_2025-04-24_08-01-42</SimpleData>
		<SimpleData name="Swath">2</SimpleData>
	</SchemaData></ExtendedData>
      <Point><coordinates>-86.9854951552681,40.4821926596007,-0.80625</coordinates></Point>
  </Placemark>
  <Placemark>
	<ExtendedData><SchemaData schemaUrl="#IQMaps_Points">
		<SimpleData name="Category">Point</SimpleData>
		<SimpleData name="Channel">15</SimpleData>
		<SimpleData name="CrossDist">851.715869</SimpleData>
		<SimpleData name="IdNumber">8</SimpleData>
		<SimpleData name="Parent">Feature 0048</SimpleData>
		<SimpleData name="Survey">Survey_2025-04-24_08-01-42</SimpleData>
		<SimpleData name="Swath">3</SimpleData>
	</SchemaData></ExtendedData>
      <Point><coordinates>-86.9854922832961,40.4820006737325,-0.80625</coordinates></Point>
  </Placemark>
  <Placemark>
	<ExtendedData><SchemaData schemaUrl="#IQMaps_Points">
		<SimpleData name="Category">Point</SimpleData>
		<SimpleData name="Channel">14</SimpleData>
		<SimpleData name="CrossDist">1959.998390</SimpleData>
		<SimpleData name="IdNumber">9</SimpleData>
		<SimpleData name="Parent">Feature 0048</SimpleData>
		<SimpleData name="Survey">Survey_2025-04-24_08-01-42</SimpleData>
		<SimpleData name="Swath">3</SimpleData>
	</SchemaData></ExtendedData>
      <Point><coordinates>-86.9854881705901,40.4819053545334,-0.80625</coordinates></Point>
  </Placemark>
  <Placemark>
	<ExtendedData><SchemaData schemaUrl="#IQMaps_Points">
		<SimpleData name="Category">Point</SimpleData>
		<SimpleData name="Channel">14</SimpleData>
		<SimpleData name="CrossDist">2143.960792</SimpleData>
		<SimpleData name="IdNumber">10</SimpleData>
		<SimpleData name="Parent">Feature 0048</SimpleData>
		<SimpleData name="Survey">Survey_2025-04-24_08-01-42</SimpleData>
		<SimpleData name="Swath">3</SimpleData>
	</SchemaData></ExtendedData>
      <Point><coordinates>-86.9854903183964,40.4818046454635,-0.80625</coordinates></Point>
  </Placemark>
  <Placemark>
	<ExtendedData><SchemaData schemaUrl="#IQMaps_Points">
		<SimpleData name="Category">Point</SimpleData>
		<SimpleData name="Channel">10</SimpleData>
		<SimpleData name="CrossDist">3302.425662</SimpleData>
		<SimpleData name="IdNumber">11</SimpleData>
		<SimpleData name="Parent">Feature 0048</SimpleData>
		<SimpleData name="Survey">Survey_2025-04-24_08-01-42</SimpleData>
		<SimpleData name="Swath">3</SimpleData>
	</SchemaData></ExtendedData>
      <Point><coordinates>-86.9854893756026,40.4817096454608,-0.80625</coordinates></Point>
  </Placemark>
  <Placemark>
	<ExtendedData><SchemaData schemaUrl="#IQMaps_Points">
		<SimpleData name="Category">Point</SimpleData>
		<SimpleData name="Channel">15</SimpleData>
		<SimpleData name="CrossDist">3484.648093</SimpleData>
		<SimpleData name="IdNumber">12</SimpleData>
		<SimpleData name="Parent">Feature 0048</SimpleData>
		<SimpleData name="Survey">Survey_2025-04-24_08-01-42</SimpleData>
		<SimpleData name="Swath">3</SimpleData>
	</SchemaData></ExtendedData>
      <Point><coordinates>-86.9854883655184,40.4816156737363,-0.80625</coordinates></Point>
  </Placemark>
  <Placemark>
	<ExtendedData><SchemaData schemaUrl="#IQMaps_Points">
		<SimpleData name="Category">Point</SimpleData>
		<SimpleData name="Channel">11</SimpleData>
		<SimpleData name="CrossDist">4688.154489</SimpleData>
		<SimpleData name="IdNumber">13</SimpleData>
		<SimpleData name="Parent">Feature 0048</SimpleData>
		<SimpleData name="Survey">Survey_2025-04-24_08-01-42</SimpleData>
		<SimpleData name="Swath">3</SimpleData>
	</SchemaData></ExtendedData>
      <Point><coordinates>-86.9854869074539,40.4815190070706,-1.03125</coordinates></Point>
  </Placemark>
  <Placemark>
	<ExtendedData><SchemaData schemaUrl="#IQMaps_Points">
		<SimpleData name="Category">Point</SimpleData>
		<SimpleData name="Channel">14</SimpleData>
		<SimpleData name="CrossDist">4870.653733</SimpleData>
		<SimpleData name="IdNumber">14</SimpleData>
		<SimpleData name="Parent">Feature 0048</SimpleData>
		<SimpleData name="Survey">Survey_2025-04-24_08-01-42</SimpleData>
		<SimpleData name="Swath">3</SimpleData>
	</SchemaData></ExtendedData>
      <Point><coordinates>-86.9854864718182,40.481419645452,-0.76875</coordinates></Point>
  </Placemark>
  <Placemark>
	<ExtendedData><SchemaData schemaUrl="#IQMaps_Points">
		<SimpleData name="Category">Point</SimpleData>
		<SimpleData name="Channel">15</SimpleData>
		<SimpleData name="CrossDist">6095.356141</SimpleData>
		<SimpleData name="IdNumber">15</SimpleData>
		<SimpleData name="Parent">Feature 0048</SimpleData>
		<SimpleData name="Survey">Survey_2025-04-24_08-01-42</SimpleData>
		<SimpleData name="Swath">3</SimpleData>
	</SchemaData></ExtendedData>
      <Point><coordinates>-86.9854831867533,40.4813243262608,-0.8125</coordinates></Point>
  </Placemark>
  <Placemark>
	<ExtendedData><SchemaData schemaUrl="#IQMaps_Points">
		<SimpleData name="Category">Point</SimpleData>
		<SimpleData name="Channel">11</SimpleData>
		<SimpleData name="CrossDist">6278.606737</SimpleData>
		<SimpleData name="IdNumber">16</SimpleData>
		<SimpleData name="Parent">Feature 0048</SimpleData>
		<SimpleData name="Survey">Survey_2025-04-24_08-01-42</SimpleData>
		<SimpleData name="Swath">3</SimpleData>
	</SchemaData></ExtendedData>
      <Point><coordinates>-86.9854835785187,40.4812276595931,-0.8125</coordinates></Point>
  </Placemark>
  <Placemark>
	<ExtendedData><SchemaData schemaUrl="#IQMaps_Points">
		<SimpleData name="Category">Point</SimpleData>
		<SimpleData name="Channel">14</SimpleData>
		<SimpleData name="CrossDist">7558.711407</SimpleData>
		<SimpleData name="IdNumber">17</SimpleData>
		<SimpleData name="Parent">Feature 0048</SimpleData>
		<SimpleData name="Survey">Survey_2025-04-24_08-01-42</SimpleData>
		<SimpleData name="Swath">3</SimpleData>
	</SchemaData></ExtendedData>
      <Point><coordinates>-86.9854812656844,40.4810329787737,-0.6625</coordinates></Point>
  </Placemark>
  <Placemark>
	<ExtendedData><SchemaData schemaUrl="#IQMaps_Points">
		<SimpleData name="Category">Point</SimpleData>
		<SimpleData name="Channel">15</SimpleData>
		<SimpleData name="CrossDist">109.301823</SimpleData>
		<SimpleData name="IdNumber">18</SimpleData>
		<SimpleData name="Parent">Feature 0048</SimpleData>
		<SimpleData name="Survey">Survey_2025-04-24_08-01-42</SimpleData>
		<SimpleData name="Swath">4</SimpleData>
	</SchemaData></ExtendedData>
      <Point><coordinates>-86.98547879241,40.4809393262645,-0.6625</coordinates></Point>
  </Placemark>
  <Placemark>
	<ExtendedData><SchemaData schemaUrl="#IQMaps_Points">
		<SimpleData name="Category">Point</SimpleData>
		<SimpleData name="Channel">16</SimpleData>
		<SimpleData name="CrossDist">1389.525127</SimpleData>
		<SimpleData name="IdNumber">19</SimpleData>
		<SimpleData name="Parent">Feature 0048</SimpleData>
		<SimpleData name="Survey">Survey_2025-04-24_08-01-42</SimpleData>
		<SimpleData name="Swath">4</SimpleData>
	</SchemaData></ExtendedData>
      <Point><coordinates>-86.9854765623558,40.4807517020201,-0.6375</coordinates></Point>
  </Placemark>
  <Placemark>
	<ExtendedData><SchemaData schemaUrl="#IQMaps_Points">
		<SimpleData name="Category">Point</SimpleData>
		<SimpleData name="Channel">11</SimpleData>
		<SimpleData name="CrossDist">1347.251738</SimpleData>
		<SimpleData name="IdNumber">1</SimpleData>
		<SimpleData name="Parent">Feature 0049</SimpleData>
		<SimpleData name="Survey">Survey_2025-04-24_08-01-42</SimpleData>
		<SimpleData name="Swath">4</SimpleData>
	</SchemaData></ExtendedData>
      <Point><coordinates>-86.984981078042,40.4807490070707,-0.6375</coordinates></Point>
  </Placemark>
  <Placemark>
	<ExtendedData><SchemaData schemaUrl="#IQMaps_Points">
		<SimpleData name="Category">Point</SimpleData>
		<SimpleData name="Channel">10</SimpleData>
		<SimpleData name="CrossDist">335.814428</SimpleData>
		<SimpleData name="IdNumber">2</SimpleData>
		<SimpleData name="Parent">Feature 0049</SimpleData>
		<SimpleData name="Survey">Survey_2025-04-24_08-01-42</SimpleData>
		<SimpleData name="Swath">4</SimpleData>
	</SchemaData></ExtendedData>
      <Point><coordinates>-86.9849791145705,40.4808453545425,-0.725</coordinates></Point>
  </Placemark>
  <Placemark>
	<ExtendedData><SchemaData schemaUrl="#IQMaps_Points">
		<SimpleData name="Category">Point</SimpleData>
		<SimpleData name="Channel">14</SimpleData>
		<SimpleData name="CrossDist">66.712075</SimpleData>
		<SimpleData name="IdNumber">3</SimpleData>
		<SimpleData name="Parent">Feature 0049</SimpleData>
		<SimpleData name="Survey">Survey_2025-04-24_08-01-42</SimpleData>
		<SimpleData name="Swath">4</SimpleData>
	</SchemaData></ExtendedData>
      <Point><coordinates>-86.984980712604,40.4809420212062,-0.825</coordinates></Point>
  </Placemark>
  <Placemark>
	<ExtendedData><SchemaData schemaUrl="#IQMaps_Points">
		<SimpleData name="Category">Point</SimpleData>
		<SimpleData name="Channel">15</SimpleData>
		<SimpleData name="CrossDist">7601.063886</SimpleData>
		<SimpleData name="IdNumber">4</SimpleData>
		<SimpleData name="Parent">Feature 0049</SimpleData>
		<SimpleData name="Survey">Survey_2025-04-24_08-01-42</SimpleData>
		<SimpleData name="Swath">3</SimpleData>
	</SchemaData></ExtendedData>
      <Point><coordinates>-86.9849829815084,40.4810356737421,-0.825</coordinates></Point>
  </Placemark>
  <Placemark>
	<ExtendedData><SchemaData schemaUrl="#IQMaps_Points">
		<SimpleData name="Category">Point</SimpleData>
		<SimpleData name="Channel">15</SimpleData>
		<SimpleData name="CrossDist">7333.464235</SimpleData>
		<SimpleData name="IdNumber">5</SimpleData>
		<SimpleData name="Parent">Feature 0049</SimpleData>
		<SimpleData name="Survey">Survey_2025-04-24_08-01-42</SimpleData>
		<SimpleData name="Swath">3</SimpleData>
	</SchemaData></ExtendedData>
      <Point><coordinates>-86.984982453393,40.4811309929255,-0.975</coordinates></Point>
  </Placemark>
  <Placemark>
	<ExtendedData><SchemaData schemaUrl="#IQMaps_Points">
		<SimpleData name="Category">Point</SimpleData>
		<SimpleData name="Channel">15</SimpleData>
		<SimpleData name="CrossDist">6321.156940</SimpleData>
		<SimpleData name="IdNumber">6</SimpleData>
		<SimpleData name="Parent">Feature 0049</SimpleData>
		<SimpleData name="Survey">Survey_2025-04-24_08-01-42</SimpleData>
		<SimpleData name="Swath">3</SimpleData>
	</SchemaData></ExtendedData>
      <Point><coordinates>-86.9849852203996,40.4812290070735,-0.975</coordinates></Point>
  </Placemark>
  <Placemark>
	<ExtendedData><SchemaData schemaUrl="#IQMaps_Points">
		<SimpleData name="Category">Point</SimpleData>
		<SimpleData name="Channel">11</SimpleData>
		<SimpleData name="CrossDist">6052.845483</SimpleData>
		<SimpleData name="IdNumber">7</SimpleData>
		<SimpleData name="Parent">Feature 0049</SimpleData>
		<SimpleData name="Survey">Survey_2025-04-24_08-01-42</SimpleData>
		<SimpleData name="Swath">3</SimpleData>
	</SchemaData></ExtendedData>
      <Point><coordinates>-86.9849854128658,40.4813256737392,-0.975</coordinates></Point>
  </Placemark>
  <Placemark>
	<ExtendedData><SchemaData schemaUrl="#IQMaps_Points">
		<SimpleData name="Category">Point</SimpleData>
		<SimpleData name="Channel">11</SimpleData>
		<SimpleData name="CrossDist">4645.564741</SimpleData>
		<SimpleData name="IdNumber">8</SimpleData>
		<SimpleData name="Parent">Feature 0049</SimpleData>
		<SimpleData name="Survey">Survey_2025-04-24_08-01-42</SimpleData>
		<SimpleData name="Swath">3</SimpleData>
	</SchemaData></ExtendedData>
      <Point><coordinates>-86.9849886561255,40.4815204286392,-0.96875</coordinates></Point>
  </Placemark>
  <Placemark>
	<ExtendedData><SchemaData schemaUrl="#IQMaps_Points">
		<SimpleData name="Category">Point</SimpleData>
		<SimpleData name="Channel">11</SimpleData>
		<SimpleData name="CrossDist">3259.835914</SimpleData>
		<SimpleData name="IdNumber">9</SimpleData>
		<SimpleData name="Parent">Feature 0049</SimpleData>
		<SimpleData name="Survey">Survey_2025-04-24_08-01-42</SimpleData>
		<SimpleData name="Swath">3</SimpleData>
	</SchemaData></ExtendedData>
      <Point><coordinates>-86.9849892480931,40.4817125268502,-0.925</coordinates></Point>
  </Placemark>
  <Placemark>
	<ExtendedData><SchemaData schemaUrl="#IQMaps_Points">
		<SimpleData name="Category">Point</SimpleData>
		<SimpleData name="Channel">14</SimpleData>
		<SimpleData name="CrossDist">1917.764545</SimpleData>
		<SimpleData name="IdNumber">10</SimpleData>
		<SimpleData name="Parent">Feature 0049</SimpleData>
		<SimpleData name="Survey">Survey_2025-04-24_08-01-42</SimpleData>
		<SimpleData name="Swath">3</SimpleData>
	</SchemaData></ExtendedData>
      <Point><coordinates>-86.9849931518709,40.4819053545334,-0.95625</coordinates></Point>
  </Placemark>
  <Placemark>
	<ExtendedData><SchemaData schemaUrl="#IQMaps_Points">
		<SimpleData name="Category">Point</SimpleData>
		<SimpleData name="Channel">10</SimpleData>
		<SimpleData name="CrossDist">722.839371</SimpleData>
		<SimpleData name="IdNumber">11</SimpleData>
		<SimpleData name="Parent">Feature 0049</SimpleData>
		<SimpleData name="Survey">Survey_2025-04-24_08-01-42</SimpleData>
		<SimpleData name="Swath">2</SimpleData>
	</SchemaData></ExtendedData>
      <Point><coordinates>-86.9849974258144,40.4821953545309,-0.925</coordinates></Point>
  </Placemark>
  <Placemark>
	<ExtendedData><SchemaData schemaUrl="#IQMaps_Points">
		<SimpleData name="Category">Point</SimpleData>
		<SimpleData name="Channel">11</SimpleData>
		<SimpleData name="CrossDist">4191.155462</SimpleData>
		<SimpleData name="IdNumber">12</SimpleData>
		<SimpleData name="Parent">Feature 0049</SimpleData>
		<SimpleData name="Survey">Survey_2025-04-24_08-01-42</SimpleData>
		<SimpleData name="Swath">1</SimpleData>
	</SchemaData></ExtendedData>
      <Point><coordinates>-86.9849989183187,40.482387659595,-0.8875</coordinates></Point>
  </Placemark>
  <Placemark>
	<ExtendedData><SchemaData schemaUrl="#IQMaps_Points">
		<SimpleData name="Category">Point</SimpleData>
		<SimpleData name="Channel">10</SimpleData>
		<SimpleData name="CrossDist">3920.708586</SimpleData>
		<SimpleData name="IdNumber">13</SimpleData>
		<SimpleData name="Parent">Feature 0049</SimpleData>
		<SimpleData name="Survey">Survey_2025-04-24_08-01-42</SimpleData>
		<SimpleData name="Swath">1</SimpleData>
	</SchemaData></ExtendedData>
      <Point><coordinates>-86.9849993762427,40.4824813121213,-0.8625</coordinates></Point>
  </Placemark>
  <Placemark>
	<ExtendedData><SchemaData schemaUrl="#IQMaps_Points">
		<SimpleData name="Category">Point</SimpleData>
		<SimpleData name="Channel">15</SimpleData>
		<SimpleData name="CrossDist">2560.011616</SimpleData>
		<SimpleData name="IdNumber">14</SimpleData>
		<SimpleData name="Parent">Feature 0049</SimpleData>
		<SimpleData name="Survey">Survey_2025-04-24_08-01-42</SimpleData>
		<SimpleData name="Swath">1</SimpleData>
	</SchemaData></ExtendedData>
      <Point><coordinates>-86.9850016578376,40.4825773404031,-0.775</coordinates></Point>
  </Placemark>
  <Placemark>
	<ExtendedData><SchemaData schemaUrl="#IQMaps_Points">
		<SimpleData name="Category">Point</SimpleData>
		<SimpleData name="Channel">11</SimpleData>
		<SimpleData name="CrossDist">965.288530</SimpleData>
		<SimpleData name="IdNumber">1</SimpleData>
		<SimpleData name="Parent">Feature 0050</SimpleData>
		<SimpleData name="Survey">Survey_2025-04-24_08-01-42</SimpleData>
		<SimpleData name="Swath">1</SimpleData>
	</SchemaData></ExtendedData>
      <Point><coordinates>-86.9845504348613,40.4827693262655,-0.54375</coordinates></Point>
  </Placemark>
  <Placemark>
	<ExtendedData><SchemaData schemaUrl="#IQMaps_Points">
		<SimpleData name="Category">Point</SimpleData>
		<SimpleData name="Channel">10</SimpleData>
		<SimpleData name="CrossDist">2250.454934</SimpleData>
		<SimpleData name="IdNumber">2</SimpleData>
		<SimpleData name="Parent">Feature 0050</SimpleData>
		<SimpleData name="Survey">Survey_2025-04-24_08-01-42</SimpleData>
		<SimpleData name="Swath">1</SimpleData>
	</SchemaData></ExtendedData>
      <Point><coordinates>-86.9845543318231,40.482671312127,-0.78125</coordinates></Point>
  </Placemark>
  <Placemark>
	<ExtendedData><SchemaData schemaUrl="#IQMaps_Points">
		<SimpleData name="Category">Point</SimpleData>
		<SimpleData name="Channel">14</SimpleData>
		<SimpleData name="CrossDist">2598.290981</SimpleData>
		<SimpleData name="IdNumber">3</SimpleData>
		<SimpleData name="Parent">Feature 0050</SimpleData>
		<SimpleData name="Survey">Survey_2025-04-24_08-01-42</SimpleData>
		<SimpleData name="Swath">1</SimpleData>
	</SchemaData></ExtendedData>
      <Point><coordinates>-86.984555032809,40.4825746454574,-0.7</coordinates></Point>
  </Placemark>
  <Placemark>
	<ExtendedData><SchemaData schemaUrl="#IQMaps_Points">
		<SimpleData name="Category">Point</SimpleData>
		<SimpleData name="Channel">14</SimpleData>
		<SimpleData name="CrossDist">4229.434827</SimpleData>
		<SimpleData name="IdNumber">4</SimpleData>
		<SimpleData name="Parent">Feature 0050</SimpleData>
		<SimpleData name="Survey">Survey_2025-04-24_08-01-42</SimpleData>
		<SimpleData name="Swath">1</SimpleData>
	</SchemaData></ExtendedData>
      <Point><coordinates>-86.9845519276063,40.4823846454517,-0.7875</coordinates></Point>
  </Placemark>
  <Placemark>
	<ExtendedData><SchemaData schemaUrl="#IQMaps_Points">
		<SimpleData name="Category">Point</SimpleData>
		<SimpleData name="Channel">11</SimpleData>
		<SimpleData name="CrossDist">585.895734</SimpleData>
		<SimpleData name="IdNumber">5</SimpleData>
		<SimpleData name="Parent">Feature 0050</SimpleData>
		<SimpleData name="Survey">Survey_2025-04-24_08-01-42</SimpleData>
		<SimpleData name="Swath">3</SimpleData>
	</SchemaData></ExtendedData>
      <Point><coordinates>-86.9845439887506,40.4820973403981,-0.85</coordinates></Point>
  </Placemark>
  <Placemark>
	<ExtendedData><SchemaData schemaUrl="#IQMaps_Points">
		<SimpleData name="Category">Point</SimpleData>
		<SimpleData name="Channel">15</SimpleData>
		<SimpleData name="CrossDist">2225.185808</SimpleData>
		<SimpleData name="IdNumber">6</SimpleData>
		<SimpleData name="Parent">Feature 0050</SimpleData>
		<SimpleData name="Survey">Survey_2025-04-24_08-01-42</SimpleData>
		<SimpleData name="Swath">3</SimpleData>
	</SchemaData></ExtendedData>
      <Point><coordinates>-86.984541908386,40.481807340401,-0.825</coordinates></Point>
  </Placemark>
  <Placemark>
	<ExtendedData><SchemaData schemaUrl="#IQMaps_Points">
		<SimpleData name="Category">Point</SimpleData>
		<SimpleData name="Channel">15</SimpleData>
		<SimpleData name="CrossDist">3221.675184</SimpleData>
		<SimpleData name="IdNumber">7</SimpleData>
		<SimpleData name="Parent">Feature 0050</SimpleData>
		<SimpleData name="Survey">Survey_2025-04-24_08-01-42</SimpleData>
		<SimpleData name="Swath">3</SimpleData>
	</SchemaData></ExtendedData>
      <Point><coordinates>-86.9845420676489,40.4817109929314,-0.80625</coordinates></Point>
  </Placemark>
  <Placemark>
	<ExtendedData><SchemaData schemaUrl="#IQMaps_Points">
		<SimpleData name="Category">Point</SimpleData>
		<SimpleData name="Channel">11</SimpleData>
		<SimpleData name="CrossDist">4606.731749</SimpleData>
		<SimpleData name="IdNumber">8</SimpleData>
		<SimpleData name="Parent">Feature 0050</SimpleData>
		<SimpleData name="Survey">Survey_2025-04-24_08-01-42</SimpleData>
		<SimpleData name="Swath">3</SimpleData>
	</SchemaData></ExtendedData>
      <Point><coordinates>-86.9845359563713,40.4815190070706,-0.95</coordinates></Point>
  </Placemark>
  <Placemark>
	<ExtendedData><SchemaData schemaUrl="#IQMaps_Points">
		<SimpleData name="Category">Point</SimpleData>
		<SimpleData name="Channel">11</SimpleData>
		<SimpleData name="CrossDist">7295.659408</SimpleData>
		<SimpleData name="IdNumber">9</SimpleData>
		<SimpleData name="Parent">Feature 0050</SimpleData>
		<SimpleData name="Survey">Survey_2025-04-24_08-01-42</SimpleData>
		<SimpleData name="Swath">3</SimpleData>
	</SchemaData></ExtendedData>
      <Point><coordinates>-86.9845411605338,40.4811323404079,-0.925</coordinates></Point>
  </Placemark>
  <Placemark>
	<ExtendedData><SchemaData schemaUrl="#IQMaps_Points">
		<SimpleData name="Category">Point</SimpleData>
		<SimpleData name="Channel">11</SimpleData>
		<SimpleData name="CrossDist">28.867703</SimpleData>
		<SimpleData name="IdNumber">10</SimpleData>
		<SimpleData name="Parent">Feature 0050</SimpleData>
		<SimpleData name="Survey">Survey_2025-04-24_08-01-42</SimpleData>
		<SimpleData name="Swath">4</SimpleData>
	</SchemaData></ExtendedData>
      <Point><coordinates>-86.9845378531269,40.4809390070688,-0.825</coordinates></Point>
  </Placemark>
  <Placemark>
	<ExtendedData><SchemaData schemaUrl="#IQMaps_Points">
		<SimpleData name="Category">Point</SimpleData>
		<SimpleData name="Channel">11</SimpleData>
		<SimpleData name="CrossDist">1309.091007</SimpleData>
		<SimpleData name="IdNumber">11</SimpleData>
		<SimpleData name="Parent">Feature 0050</SimpleData>
		<SimpleData name="Survey">Survey_2025-04-24_08-01-42</SimpleData>
		<SimpleData name="Swath">4</SimpleData>
	</SchemaData></ExtendedData>
      <Point><coordinates>-86.9845328592219,40.4807490070707,-0.6</coordinates></Point>
  </Placemark>
  <Placemark>
	<ExtendedData><SchemaData schemaUrl="#IQMaps_Points">
		<SimpleData name="Category">Point</SimpleData>
		<SimpleData name="Channel">11</SimpleData>
		<SimpleData name="CrossDist">1284.573232</SimpleData>
		<SimpleData name="IdNumber">1</SimpleData>
		<SimpleData name="Parent">Feature 0051</SimpleData>
		<SimpleData name="Survey">Survey_2025-04-24_08-01-42</SimpleData>
		<SimpleData name="Swath">4</SimpleData>
	</SchemaData></ExtendedData>
      <Point><coordinates>-86.9842464641923,40.4807490070707,-0.6</coordinates></Point>
  </Placemark>
  <Placemark>
	<ExtendedData><SchemaData schemaUrl="#IQMaps_Points">
		<SimpleData name="Category">Point</SimpleData>
		<SimpleData name="Channel">15</SimpleData>
		<SimpleData name="CrossDist">398.572023</SimpleData>
		<SimpleData name="IdNumber">2</SimpleData>
		<SimpleData name="Parent">Feature 0051</SimpleData>
		<SimpleData name="Survey">Survey_2025-04-24_08-01-42</SimpleData>
		<SimpleData name="Swath">4</SimpleData>
	</SchemaData></ExtendedData>
      <Point><coordinates>-86.9842433678429,40.4808423404032,-0.6</coordinates></Point>
  </Placemark>
  <Placemark>
	<ExtendedData><SchemaData schemaUrl="#IQMaps_Points">
		<SimpleData name="Category">Point</SimpleData>
		<SimpleData name="Channel">11</SimpleData>
		<SimpleData name="CrossDist">6385.338148</SimpleData>
		<SimpleData name="IdNumber">3</SimpleData>
		<SimpleData name="Parent">Feature 0051</SimpleData>
		<SimpleData name="Survey">Survey_2025-04-24_08-01-42</SimpleData>
		<SimpleData name="Swath">3</SimpleData>
	</SchemaData></ExtendedData>
      <Point><coordinates>-86.9842335008512,40.4812276595931,-0.93125</coordinates></Point>
  </Placemark>
  <Placemark>
	<ExtendedData><SchemaData schemaUrl="#IQMaps_Points">
		<SimpleData name="Category">Point</SimpleData>
		<SimpleData name="Channel">15</SimpleData>
		<SimpleData name="CrossDist">1852.990165</SimpleData>
		<SimpleData name="IdNumber">4</SimpleData>
		<SimpleData name="Parent">Feature 0051</SimpleData>
		<SimpleData name="Survey">Survey_2025-04-24_08-01-42</SimpleData>
		<SimpleData name="Swath">3</SimpleData>
	</SchemaData></ExtendedData>
      <Point><coordinates>-86.9842381422676,40.4819026595999,-0.70625</coordinates></Point>
  </Placemark>
  <Placemark>
	<ExtendedData><SchemaData schemaUrl="#IQMaps_Points">
		<SimpleData name="Category">Point</SimpleData>
		<SimpleData name="Channel">11</SimpleData>
		<SimpleData name="CrossDist">992.653530</SimpleData>
		<SimpleData name="IdNumber">5</SimpleData>
		<SimpleData name="Parent">Feature 0051</SimpleData>
		<SimpleData name="Survey">Survey_2025-04-24_08-01-42</SimpleData>
		<SimpleData name="Swath">1</SimpleData>
	</SchemaData></ExtendedData>
      <Point><coordinates>-86.9842313938113,40.4827676864502,-0.9875</coordinates></Point>
  </Placemark>
  <Placemark>
	<ExtendedData><SchemaData schemaUrl="#IQMaps_Points">
		<SimpleData name="Category">Point</SimpleData>
		<SimpleData name="Channel">15</SimpleData>
		<SimpleData name="CrossDist">5131.451679</SimpleData>
		<SimpleData name="IdNumber">6</SimpleData>
		<SimpleData name="Parent">Feature 0051</SimpleData>
		<SimpleData name="Survey">Survey_2025-04-24_08-01-42</SimpleData>
		<SimpleData name="Swath">0</SimpleData>
	</SchemaData></ExtendedData>
      <Point><coordinates>-86.9842913965762,40.4829623404054,-0.9125</coordinates></Point>
  </Placemark>
  <Placemark>
	<ExtendedData><SchemaData schemaUrl="#IQMaps_Points">
		<SimpleData name="Category">Point</SimpleData>
		<SimpleData name="Channel">14</SimpleData>
		<SimpleData name="CrossDist">3003.783344</SimpleData>
		<SimpleData name="IdNumber">1</SimpleData>
		<SimpleData name="Parent">Feature 0052</SimpleData>
		<SimpleData name="Survey">Survey_2025-04-24_08-01-42</SimpleData>
		<SimpleData name="Swath">1</SimpleData>
	</SchemaData></ExtendedData>
      <Point><coordinates>-86.9798154631418,40.4825746454574,-0.825</coordinates></Point>
  </Placemark>
  <Placemark>
	<ExtendedData><SchemaData schemaUrl="#IQMaps_Points">
		<SimpleData name="Category">Point</SimpleData>
		<SimpleData name="Channel">15</SimpleData>
		<SimpleData name="CrossDist">1373.193126</SimpleData>
		<SimpleData name="IdNumber">2</SimpleData>
		<SimpleData name="Parent">Feature 0052</SimpleData>
		<SimpleData name="Survey">Survey_2025-04-24_08-01-42</SimpleData>
		<SimpleData name="Swath">1</SimpleData>
	</SchemaData></ExtendedData>
      <Point><coordinates>-86.97978680959,40.4827673404012,-0.7</coordinates></Point>
  </Placemark>
  <Placemark>
	<ExtendedData><SchemaData schemaUrl="#IQMaps_Points">
		<SimpleData name="Category">Point</SimpleData>
		<SimpleData name="Channel">11</SimpleData>
		<SimpleData name="CrossDist">209.033805</SimpleData>
		<SimpleData name="IdNumber">3</SimpleData>
		<SimpleData name="Parent">Feature 0052</SimpleData>
		<SimpleData name="Survey">Survey_2025-04-24_08-01-42</SimpleData>
		<SimpleData name="Swath">1</SimpleData>
	</SchemaData></ExtendedData>
      <Point><coordinates>-86.9797803613034,40.4828623404002,-0.7</coordinates></Point>
  </Placemark>
  <Placemark>
	<ExtendedData><SchemaData schemaUrl="#IQMaps_Points">
		<SimpleData name="Category">Point</SimpleData>
		<SimpleData name="Channel">15</SimpleData>
		<SimpleData name="CrossDist">5517.527546</SimpleData>
		<SimpleData name="IdNumber">4</SimpleData>
		<SimpleData name="Parent">Feature 0052</SimpleData>
		<SimpleData name="Survey">Survey_2025-04-24_08-01-42</SimpleData>
		<SimpleData name="Swath">0</SimpleData>
	</SchemaData></ExtendedData>
      <Point><coordinates>-86.9797770489745,40.4829606737389,-0.925</coordinates></Point>
  </Placemark>
  <Placemark>
	<ExtendedData><SchemaData schemaUrl="#IQMaps_Points">
		<SimpleData name="Category">Point</SimpleData>
		<SimpleData name="Channel">11</SimpleData>
		<SimpleData name="CrossDist">4352.537784</SimpleData>
		<SimpleData name="IdNumber">5</SimpleData>
		<SimpleData name="Parent">Feature 0052</SimpleData>
		<SimpleData name="Survey">Survey_2025-04-24_08-01-42</SimpleData>
		<SimpleData name="Swath">0</SimpleData>
	</SchemaData></ExtendedData>
      <Point><coordinates>-86.9797697800356,40.4830573404046,-1.06875</coordinates></Point>
  </Placemark>
  <Placemark>
	<ExtendedData><SchemaData schemaUrl="#IQMaps_Points">
		<SimpleData name="Category">Point</SimpleData>
		<SimpleData name="Channel">10</SimpleData>
		<SimpleData name="CrossDist">3887.570044</SimpleData>
		<SimpleData name="IdNumber">6</SimpleData>
		<SimpleData name="Parent">Feature 0052</SimpleData>
		<SimpleData name="Survey">Survey_2025-04-24_08-01-42</SimpleData>
		<SimpleData name="Swath">0</SimpleData>
	</SchemaData></ExtendedData>
      <Point><coordinates>-86.9797678459772,40.4831536878773,-1.06875</coordinates></Point>
  </Placemark>
  <Placemark>
	<ExtendedData><SchemaData schemaUrl="#IQMaps_Points">
		<SimpleData name="Category">Point</SimpleData>
		<SimpleData name="Channel">11</SimpleData>
		<SimpleData name="CrossDist">2711.389105</SimpleData>
		<SimpleData name="IdNumber">7</SimpleData>
		<SimpleData name="Parent">Feature 0052</SimpleData>
		<SimpleData name="Survey">Survey_2025-04-24_08-01-42</SimpleData>
		<SimpleData name="Swath">0</SimpleData>
	</SchemaData></ExtendedData>
      <Point><coordinates>-86.9797604988036,40.4832490070693,-1.13125</coordinates></Point>
  </Placemark>
  <Placemark>
	<ExtendedData><SchemaData schemaUrl="#IQMaps_Points">
		<SimpleData name="Category">Point</SimpleData>
		<SimpleData name="Channel">11</SimpleData>
		<SimpleData name="CrossDist">579.173118</SimpleData>
		<SimpleData name="IdNumber">8</SimpleData>
		<SimpleData name="Parent">Feature 0052</SimpleData>
		<SimpleData name="Survey">Survey_2025-04-24_08-01-42</SimpleData>
		<SimpleData name="Swath">0</SimpleData>
	</SchemaData></ExtendedData>
      <Point><coordinates>-86.9797494664795,40.4835343262669,-0.51875</coordinates></Point>
  </Placemark>
  <Placemark>
	<ExtendedData><SchemaData schemaUrl="#IQMaps_Points">
		<SimpleData name="Category">Point</SimpleData>
		<SimpleData name="Channel">11</SimpleData>
		<SimpleData name="CrossDist">5915.110950</SimpleData>
		<SimpleData name="IdNumber">9</SimpleData>
		<SimpleData name="Parent">Feature 0052</SimpleData>
		<SimpleData name="Survey">Survey_2025-04-23_19-07-30</SimpleData>
		<SimpleData name="Swath">6</SimpleData>
	</SchemaData></ExtendedData>
      <Point><coordinates>-86.9797431040725,40.4836306737399,-0.71875</coordinates></Point>
  </Placemark>
  <Placemark>
	<ExtendedData><SchemaData schemaUrl="#IQMaps_Points">
		<SimpleData name="Category">Point</SimpleData>
		<SimpleData name="Channel">10</SimpleData>
		<SimpleData name="CrossDist">5455.798116</SimpleData>
		<SimpleData name="IdNumber">10</SimpleData>
		<SimpleData name="Parent">Feature 0052</SimpleData>
		<SimpleData name="Survey">Survey_2025-04-23_19-07-30</SimpleData>
		<SimpleData name="Swath">6</SimpleData>
	</SchemaData></ExtendedData>
      <Point><coordinates>-86.9797410730984,40.4837286878834,-0.71875</coordinates></Point>
  </Placemark>
  <Placemark>
	<ExtendedData><SchemaData schemaUrl="#IQMaps_Points">
		<SimpleData name="Category">Point</SimpleData>
		<SimpleData name="Channel">11</SimpleData>
		<SimpleData name="CrossDist">3828.964653</SimpleData>
		<SimpleData name="IdNumber">11</SimpleData>
		<SimpleData name="Parent">Feature 0052</SimpleData>
		<SimpleData name="Survey">Survey_2025-04-23_19-07-30</SimpleData>
		<SimpleData name="Swath">6</SimpleData>
	</SchemaData></ExtendedData>
      <Point><coordinates>-86.9797408689728,40.4839176595963,-0.9625</coordinates></Point>
  </Placemark>
  <Placemark>
	<ExtendedData><SchemaData schemaUrl="#IQMaps_Points">
		<SimpleData name="Category">Point</SimpleData>
		<SimpleData name="Channel">15</SimpleData>
		<SimpleData name="CrossDist">8065.359365</SimpleData>
		<SimpleData name="IdNumber">1</SimpleData>
		<SimpleData name="Parent">Feature 0053</SimpleData>
		<SimpleData name="Survey">Survey_2025-04-24_08-01-42</SimpleData>
		<SimpleData name="Swath">3</SimpleData>
	</SchemaData></ExtendedData>
      <Point><coordinates>-86.9795375940923,40.4810356737421,-1.1625</coordinates></Point>
  </Placemark>
  <Placemark>
	<ExtendedData><SchemaData schemaUrl="#IQMaps_Points">
		<SimpleData name="Category">Point</SimpleData>
		<SimpleData name="Channel">14</SimpleData>
		<SimpleData name="CrossDist">8145.951664</SimpleData>
		<SimpleData name="IdNumber">2</SimpleData>
		<SimpleData name="Parent">Feature 0053</SimpleData>
		<SimpleData name="Survey">Survey_2025-04-24_08-01-42</SimpleData>
		<SimpleData name="Swath">3</SimpleData>
	</SchemaData></ExtendedData>
      <Point><coordinates>-86.9795291355501,40.4809403545625,-0.83125</coordinates></Point>
  </Placemark>
  <Placemark>
	<ExtendedData><SchemaData schemaUrl="#IQMaps_Points">
		<SimpleData name="Category">Point</SimpleData>
		<SimpleData name="Channel">14</SimpleData>
		<SimpleData name="CrossDist">802.561684</SimpleData>
		<SimpleData name="IdNumber">3</SimpleData>
		<SimpleData name="Parent">Feature 0053</SimpleData>
		<SimpleData name="Survey">Survey_2025-04-24_08-01-42</SimpleData>
		<SimpleData name="Swath">4</SimpleData>
	</SchemaData></ExtendedData>
      <Point><coordinates>-86.979513573487,40.4808406738592,-0.94375</coordinates></Point>
  </Placemark>
  <Placemark>
	<ExtendedData><SchemaData schemaUrl="#IQMaps_Points">
		<SimpleData name="Category">Point</SimpleData>
		<SimpleData name="Channel">15</SimpleData>
		<SimpleData name="CrossDist">879.397228</SimpleData>
		<SimpleData name="IdNumber">4</SimpleData>
		<SimpleData name="Parent">Feature 0053</SimpleData>
		<SimpleData name="Survey">Survey_2025-04-24_08-01-42</SimpleData>
		<SimpleData name="Swath">4</SimpleData>
	</SchemaData></ExtendedData>
      <Point><coordinates>-86.9795086481772,40.480746288306,-0.85</coordinates></Point>
  </Placemark>
  <Placemark>
	<ExtendedData><SchemaData schemaUrl="#IQMaps_Points">
		<SimpleData name="Category">Point</SimpleData>
		<SimpleData name="Channel">6</SimpleData>
		<SimpleData name="CrossDist">756.610628</SimpleData>
		<SimpleData name="IdNumber">5</SimpleData>
		<SimpleData name="Parent">Feature 0053</SimpleData>
		<SimpleData name="Survey">Survey_2025-04-24_10-38-46</SimpleData>
		<SimpleData name="Swath">0</SimpleData>
	</SchemaData></ExtendedData>
      <Point><coordinates>-86.9794939020983,40.4806520574319,-0.83125</coordinates></Point>
  </Placemark>
  <Placemark>
	<ExtendedData><SchemaData schemaUrl="#IQMaps_Points">
		<SimpleData name="Category">Point</SimpleData>
		<SimpleData name="Channel">5</SimpleData>
		<SimpleData name="CrossDist">829.412602</SimpleData>
		<SimpleData name="IdNumber">6</SimpleData>
		<SimpleData name="Parent">Feature 0053</SimpleData>
		<SimpleData name="Survey">Survey_2025-04-24_10-38-46</SimpleData>
		<SimpleData name="Swath">0</SimpleData>
	</SchemaData></ExtendedData>
      <Point><coordinates>-86.9794903265855,40.4805539313066,-0.96875</coordinates></Point>
  </Placemark>
  <Placemark>
	<ExtendedData><SchemaData schemaUrl="#IQMaps_Points">
		<SimpleData name="Category">Point</SimpleData>
		<SimpleData name="Channel">6</SimpleData>
		<SimpleData name="CrossDist">2035.291686</SimpleData>
		<SimpleData name="IdNumber">7</SimpleData>
		<SimpleData name="Parent">Feature 0053</SimpleData>
		<SimpleData name="Survey">Survey_2025-04-24_10-38-46</SimpleData>
		<SimpleData name="Swath">0</SimpleData>
	</SchemaData></ExtendedData>
      <Point><coordinates>-86.9794874733285,40.4804637240996,-0.9375</coordinates></Point>
  </Placemark>
  <Placemark>
	<ExtendedData><SchemaData schemaUrl="#IQMaps_Points">
		<SimpleData name="Category">Point</SimpleData>
		<SimpleData name="Channel">9</SimpleData>
		<SimpleData name="CrossDist">2107.263219</SimpleData>
		<SimpleData name="IdNumber">8</SimpleData>
		<SimpleData name="Parent">Feature 0053</SimpleData>
		<SimpleData name="Survey">Survey_2025-04-24_10-38-46</SimpleData>
		<SimpleData name="Swath">0</SimpleData>
	</SchemaData></ExtendedData>
      <Point><coordinates>-86.9794827730473,40.4803663794991,-0.925</coordinates></Point>
  </Placemark>
  <Placemark>
	<ExtendedData><SchemaData schemaUrl="#IQMaps_Points">
		<SimpleData name="Category">Point</SimpleData>
		<SimpleData name="Channel">12</SimpleData>
		<SimpleData name="CrossDist">3313.577295</SimpleData>
		<SimpleData name="IdNumber">9</SimpleData>
		<SimpleData name="Parent">Feature 0053</SimpleData>
		<SimpleData name="Survey">Survey_2025-04-24_10-38-46</SimpleData>
		<SimpleData name="Swath">0</SimpleData>
	</SchemaData></ExtendedData>
      <Point><coordinates>-86.9794839266082,40.4802698164268,-0.96875</coordinates></Point>
  </Placemark>
  <Placemark>
	<ExtendedData><SchemaData schemaUrl="#IQMaps_Points">
		<SimpleData name="Category">Point</SimpleData>
		<SimpleData name="Channel">1</SimpleData>
		<SimpleData name="CrossDist">3384.876567</SimpleData>
		<SimpleData name="IdNumber">10</SimpleData>
		<SimpleData name="Parent">Feature 0053</SimpleData>
		<SimpleData name="Survey">Survey_2025-04-24_10-38-46</SimpleData>
		<SimpleData name="Swath">0</SimpleData>
	</SchemaData></ExtendedData>
      <Point><coordinates>-86.9794771646981,40.4801731497551,-0.96875</coordinates></Point>
  </Placemark>
  <Placemark>
	<ExtendedData><SchemaData schemaUrl="#IQMaps_Points">
		<SimpleData name="Category">Point</SimpleData>
		<SimpleData name="Channel">15</SimpleData>
		<SimpleData name="CrossDist">850.015442</SimpleData>
		<SimpleData name="IdNumber">1</SimpleData>
		<SimpleData name="Parent">Feature 0054</SimpleData>
		<SimpleData name="Survey">Survey_2025-04-24_08-01-42</SimpleData>
		<SimpleData name="Swath">4</SimpleData>
	</SchemaData></ExtendedData>
      <Point><coordinates>-86.9791666832884,40.4807362396851,-1.00625</coordinates></Point>
  </Placemark>
  <Placemark>
	<ExtendedData><SchemaData schemaUrl="#IQMaps_Points">
		<SimpleData name="Category">Point</SimpleData>
		<SimpleData name="Channel">15</SimpleData>
		<SimpleData name="CrossDist">831.468932</SimpleData>
		<SimpleData name="IdNumber">2</SimpleData>
		<SimpleData name="Parent">Feature 0054</SimpleData>
		<SimpleData name="Survey">Survey_2025-04-24_08-01-42</SimpleData>
		<SimpleData name="Swath">4</SimpleData>
	</SchemaData></ExtendedData>
      <Point><coordinates>-86.9791765604851,40.4808407558402,-1.00625</coordinates></Point>
  </Placemark>
  <Placemark>
	<ExtendedData><SchemaData schemaUrl="#IQMaps_Points">
		<SimpleData name="Category">Point</SimpleData>
		<SimpleData name="Channel">15</SimpleData>
		<SimpleData name="CrossDist">8115.897617</SimpleData>
		<SimpleData name="IdNumber">3</SimpleData>
		<SimpleData name="Parent">Feature 0054</SimpleData>
		<SimpleData name="Survey">Survey_2025-04-24_08-01-42</SimpleData>
		<SimpleData name="Swath">3</SimpleData>
	</SchemaData></ExtendedData>
      <Point><coordinates>-86.9791792128403,40.4809276595901,-1.00625</coordinates></Point>
  </Placemark>
  <Placemark>
	<ExtendedData><SchemaData schemaUrl="#IQMaps_Points">
		<SimpleData name="Category">Point</SimpleData>
		<SimpleData name="Channel">15</SimpleData>
		<SimpleData name="CrossDist">8095.808859</SimpleData>
		<SimpleData name="IdNumber">4</SimpleData>
		<SimpleData name="Parent">Feature 0054</SimpleData>
		<SimpleData name="Survey">Survey_2025-04-24_08-01-42</SimpleData>
		<SimpleData name="Swath">3</SimpleData>
	</SchemaData></ExtendedData>
      <Point><coordinates>-86.9791812884733,40.4810337737624,-1.00625</coordinates></Point>
  </Placemark>
  <Placemark>
	<ExtendedData><SchemaData schemaUrl="#IQMaps_Points">
		<SimpleData name="Category">Point</SimpleData>
		<SimpleData name="Channel">15</SimpleData>
		<SimpleData name="CrossDist">6837.018836</SimpleData>
		<SimpleData name="IdNumber">5</SimpleData>
		<SimpleData name="Parent">Feature 0054</SimpleData>
		<SimpleData name="Survey">Survey_2025-04-24_08-01-42</SimpleData>
		<SimpleData name="Swath">3</SimpleData>
	</SchemaData></ExtendedData>
      <Point><coordinates>-86.9791752081615,40.481121016088,-1.00625</coordinates></Point>
  </Placemark>
  <Placemark>
	<ExtendedData><SchemaData schemaUrl="#IQMaps_Points">
		<SimpleData name="Category">Point</SimpleData>
		<SimpleData name="Channel">15</SimpleData>
		<SimpleData name="CrossDist">6816.811444</SimpleData>
		<SimpleData name="IdNumber">6</SimpleData>
		<SimpleData name="Parent">Feature 0054</SimpleData>
		<SimpleData name="Survey">Survey_2025-04-24_08-01-42</SimpleData>
		<SimpleData name="Swath">3</SimpleData>
	</SchemaData></ExtendedData>
      <Point><coordinates>-86.979179016252,40.4812265843433,-1.00625</coordinates></Point>
  </Placemark>
  <Placemark>
	<ExtendedData><SchemaData schemaUrl="#IQMaps_Points">
		<SimpleData name="Category">Point</SimpleData>
		<SimpleData name="Channel">13</SimpleData>
		<SimpleData name="CrossDist">2473.368963</SimpleData>
		<SimpleData name="IdNumber">1</SimpleData>
		<SimpleData name="Parent">Feature 0055</SimpleData>
		<SimpleData name="Survey">Survey_2025-04-24_08-01-42</SimpleData>
		<SimpleData name="Swath">1</SimpleData>
	</SchemaData></ExtendedData>
      <Point><coordinates>-86.9860140247844,40.4825783686821,-0.625</coordinates></Point>
  </Placemark>
  <Placemark>
	<ExtendedData><SchemaData schemaUrl="#IQMaps_Points">
		<SimpleData name="Category">Point</SimpleData>
		<SimpleData name="Channel">15</SimpleData>
		<SimpleData name="CrossDist">4007.232604</SimpleData>
		<SimpleData name="IdNumber">2</SimpleData>
		<SimpleData name="Parent">Feature 0055</SimpleData>
		<SimpleData name="Survey">Survey_2025-04-24_08-01-42</SimpleData>
		<SimpleData name="Swath">1</SimpleData>
	</SchemaData></ExtendedData>
      <Point><coordinates>-86.9860113249313,40.482482659596,-0.625</coordinates></Point>
  </Placemark>
  <Placemark>
	<ExtendedData><SchemaData schemaUrl="#IQMaps_Points">
		<SimpleData name="Category">Point</SimpleData>
		<SimpleData name="Channel">14</SimpleData>
		<SimpleData name="CrossDist">4104.868712</SimpleData>
		<SimpleData name="IdNumber">3</SimpleData>
		<SimpleData name="Parent">Feature 0055</SimpleData>
		<SimpleData name="Survey">Survey_2025-04-24_08-01-42</SimpleData>
		<SimpleData name="Swath">1</SimpleData>
	</SchemaData></ExtendedData>
      <Point><coordinates>-86.9860070003604,40.4823846454517,-0.85625</coordinates></Point>
  </Placemark>
  <Placemark>
	<ExtendedData><SchemaData schemaUrl="#IQMaps_Points">
		<SimpleData name="Category">Point</SimpleData>
		<SimpleData name="Channel">15</SimpleData>
		<SimpleData name="CrossDist">636.750344</SimpleData>
		<SimpleData name="IdNumber">4</SimpleData>
		<SimpleData name="Parent">Feature 0055</SimpleData>
		<SimpleData name="Survey">Survey_2025-04-24_08-01-42</SimpleData>
		<SimpleData name="Swath">2</SimpleData>
	</SchemaData></ExtendedData>
      <Point><coordinates>-86.9860044508688,40.4821940070659,-0.76875</coordinates></Point>
  </Placemark>
  <Placemark>
	<ExtendedData><SchemaData schemaUrl="#IQMaps_Points">
		<SimpleData name="Category">Point</SimpleData>
		<SimpleData name="Channel">15</SimpleData>
		<SimpleData name="CrossDist">808.374770</SimpleData>
		<SimpleData name="IdNumber">5</SimpleData>
		<SimpleData name="Parent">Feature 0055</SimpleData>
		<SimpleData name="Survey">Survey_2025-04-24_08-01-42</SimpleData>
		<SimpleData name="Swath">3</SimpleData>
	</SchemaData></ExtendedData>
      <Point><coordinates>-86.9860015843119,40.4820006737325,-0.86875</coordinates></Point>
  </Placemark>
  <Placemark>
	<ExtendedData><SchemaData schemaUrl="#IQMaps_Points">
		<SimpleData name="Category">Point</SimpleData>
		<SimpleData name="Channel">10</SimpleData>
		<SimpleData name="CrossDist">2100.224245</SimpleData>
		<SimpleData name="IdNumber">6</SimpleData>
		<SimpleData name="Parent">Feature 0055</SimpleData>
		<SimpleData name="Survey">Survey_2025-04-24_08-01-42</SimpleData>
		<SimpleData name="Swath">3</SimpleData>
	</SchemaData></ExtendedData>
      <Point><coordinates>-86.9860012820243,40.4818086878696,-0.85</coordinates></Point>
  </Placemark>
  <Placemark>
	<ExtendedData><SchemaData schemaUrl="#IQMaps_Points">
		<SimpleData name="Category">Point</SimpleData>
		<SimpleData name="Channel">15</SimpleData>
		<SimpleData name="CrossDist">3346.083119</SimpleData>
		<SimpleData name="IdNumber">7</SimpleData>
		<SimpleData name="Parent">Feature 0055</SimpleData>
		<SimpleData name="Survey">Survey_2025-04-24_08-01-42</SimpleData>
		<SimpleData name="Swath">3</SimpleData>
	</SchemaData></ExtendedData>
      <Point><coordinates>-86.9860003845416,40.4817109929314,-0.83125</coordinates></Point>
  </Placemark>
  <Placemark>
	<ExtendedData><SchemaData schemaUrl="#IQMaps_Points">
		<SimpleData name="Category">Point</SimpleData>
		<SimpleData name="Channel">11</SimpleData>
		<SimpleData name="CrossDist">3440.872001</SimpleData>
		<SimpleData name="IdNumber">8</SimpleData>
		<SimpleData name="Parent">Feature 0055</SimpleData>
		<SimpleData name="Survey">Survey_2025-04-24_08-01-42</SimpleData>
		<SimpleData name="Swath">3</SimpleData>
	</SchemaData></ExtendedData>
      <Point><coordinates>-86.9860004609173,40.4816143262636,-0.83125</coordinates></Point>
  </Placemark>
  <Placemark>
	<ExtendedData><SchemaData schemaUrl="#IQMaps_Points">
		<SimpleData name="Category">Point</SimpleData>
		<SimpleData name="Channel">15</SimpleData>
		<SimpleData name="CrossDist">4731.772401</SimpleData>
		<SimpleData name="IdNumber">9</SimpleData>
		<SimpleData name="Parent">Feature 0055</SimpleData>
		<SimpleData name="Survey">Survey_2025-04-24_08-01-42</SimpleData>
		<SimpleData name="Swath">3</SimpleData>
	</SchemaData></ExtendedData>
      <Point><coordinates>-86.9859975421919,40.481517659596,-0.83125</coordinates></Point>
  </Placemark>
  <Placemark>
	<ExtendedData><SchemaData schemaUrl="#IQMaps_Points">
		<SimpleData name="Category">Point</SimpleData>
		<SimpleData name="Channel">14</SimpleData>
		<SimpleData name="CrossDist">153.710632</SimpleData>
		<SimpleData name="IdNumber">10</SimpleData>
		<SimpleData name="Parent">Feature 0055</SimpleData>
		<SimpleData name="Survey">Survey_2025-04-24_08-01-42</SimpleData>
		<SimpleData name="Swath">4</SimpleData>
	</SchemaData></ExtendedData>
      <Point><coordinates>-86.9859986447441,40.4809420212062,-0.825</coordinates></Point>
  </Placemark>
  <Placemark>
	<ExtendedData><SchemaData schemaUrl="#IQMaps_Points">
		<SimpleData name="Category">Point</SimpleData>
		<SimpleData name="Channel">15</SimpleData>
		<SimpleData name="CrossDist">248.499513</SimpleData>
		<SimpleData name="IdNumber">11</SimpleData>
		<SimpleData name="Parent">Feature 0055</SimpleData>
		<SimpleData name="Survey">Survey_2025-04-24_08-01-42</SimpleData>
		<SimpleData name="Swath">4</SimpleData>
	</SchemaData></ExtendedData>
      <Point><coordinates>-86.9859996536553,40.4808434507161,-0.7</coordinates></Point>
  </Placemark>
  <Placemark>
	<ExtendedData><SchemaData schemaUrl="#IQMaps_Points">
		<SimpleData name="Category">Point</SimpleData>
		<SimpleData name="Channel">10</SimpleData>
		<SimpleData name="CrossDist">2095.637048</SimpleData>
		<SimpleData name="IdNumber">1</SimpleData>
		<SimpleData name="Parent">Feature 0056</SimpleData>
		<SimpleData name="Survey">Survey_2025-04-24_08-01-42</SimpleData>
		<SimpleData name="Swath">3</SimpleData>
	</SchemaData></ExtendedData>
      <Point><coordinates>-86.9860547107744,40.4818070260183,-0.86875</coordinates></Point>
  </Placemark>
  <Placemark>
	<ExtendedData><SchemaData schemaUrl="#IQMaps_Points">
		<SimpleData name="Category">Point</SimpleData>
		<SimpleData name="Channel">10</SimpleData>
		<SimpleData name="CrossDist">3359.449261</SimpleData>
		<SimpleData name="IdNumber">2</SimpleData>
		<SimpleData name="Parent">Feature 0056</SimpleData>
		<SimpleData name="Survey">Survey_2025-04-24_08-01-42</SimpleData>
		<SimpleData name="Swath">3</SimpleData>
	</SchemaData></ExtendedData>
      <Point><coordinates>-86.9861560799946,40.4817096454608,-0.78125</coordinates></Point>
  </Placemark>
  <Placemark>
	<ExtendedData><SchemaData schemaUrl="#IQMaps_Points">
		<SimpleData name="Category">Point</SimpleData>
		<SimpleData name="Channel">15</SimpleData>
		<SimpleData name="CrossDist">3422.246401</SimpleData>
		<SimpleData name="IdNumber">3</SimpleData>
		<SimpleData name="Parent">Feature 0056</SimpleData>
		<SimpleData name="Survey">Survey_2025-04-24_08-01-42</SimpleData>
		<SimpleData name="Swath">3</SimpleData>
	</SchemaData></ExtendedData>
      <Point><coordinates>-86.9862186057872,40.4816156737363,-0.7875</coordinates></Point>
  </Placemark>
  <Placemark>
	<ExtendedData><SchemaData schemaUrl="#IQMaps_Points">
		<SimpleData name="Category">Point</SimpleData>
		<SimpleData name="Channel">15</SimpleData>
		<SimpleData name="CrossDist">4751.742525</SimpleData>
		<SimpleData name="IdNumber">4</SimpleData>
		<SimpleData name="Parent">Feature 0056</SimpleData>
		<SimpleData name="Survey">Survey_2025-04-24_08-01-42</SimpleData>
		<SimpleData name="Swath">3</SimpleData>
	</SchemaData></ExtendedData>
      <Point><coordinates>-86.9862309332643,40.481517659596,-0.84375</coordinates></Point>
  </Placemark>
  <Placemark>
	<ExtendedData><SchemaData schemaUrl="#IQMaps_Points">
		<SimpleData name="Category">Point</SimpleData>
		<SimpleData name="Channel">11</SimpleData>
		<SimpleData name="CrossDist">4806.274802</SimpleData>
		<SimpleData name="IdNumber">5</SimpleData>
		<SimpleData name="Parent">Feature 0056</SimpleData>
		<SimpleData name="Survey">Survey_2025-04-24_08-01-42</SimpleData>
		<SimpleData name="Swath">3</SimpleData>
	</SchemaData></ExtendedData>
      <Point><coordinates>-86.9862412976626,40.4814209929284,-0.93125</coordinates></Point>
  </Placemark>
  <Placemark>
	<ExtendedData><SchemaData schemaUrl="#IQMaps_Points">
		<SimpleData name="Category">Point</SimpleData>
		<SimpleData name="Channel">14</SimpleData>
		<SimpleData name="CrossDist">1334.597402</SimpleData>
		<SimpleData name="IdNumber">1</SimpleData>
		<SimpleData name="Parent">Feature 0057</SimpleData>
		<SimpleData name="Survey">Survey_2025-04-24_10-38-46</SimpleData>
		<SimpleData name="Swath">0</SimpleData>
	</SchemaData></ExtendedData>
      <Point><coordinates>-86.9854152257449,40.4805603545352,-0.825</coordinates></Point>
  </Placemark>
  <Placemark>
	<ExtendedData><SchemaData schemaUrl="#IQMaps_Points">
		<SimpleData name="Category">Point</SimpleData>
		<SimpleData name="Channel">14</SimpleData>
		<SimpleData name="CrossDist">1537.264494</SimpleData>
		<SimpleData name="IdNumber">2</SimpleData>
		<SimpleData name="Parent">Feature 0057</SimpleData>
		<SimpleData name="Survey">Survey_2025-04-24_10-38-46</SimpleData>
		<SimpleData name="Swath">0</SimpleData>
	</SchemaData></ExtendedData>
      <Point><coordinates>-86.9853257622757,40.4804596454617,-1.21875</coordinates></Point>
  </Placemark>
  <Placemark>
	<ExtendedData><SchemaData schemaUrl="#IQMaps_Points">
		<SimpleData name="Category">Point</SimpleData>
		<SimpleData name="Channel">2</SimpleData>
		<SimpleData name="CrossDist">2597.737354</SimpleData>
		<SimpleData name="IdNumber">3</SimpleData>
		<SimpleData name="Parent">Feature 0057</SimpleData>
		<SimpleData name="Survey">Survey_2025-04-24_10-38-46</SimpleData>
		<SimpleData name="Swath">0</SimpleData>
	</SchemaData></ExtendedData>
      <Point><coordinates>-86.9852357298788,40.4803671610329,-1.05</coordinates></Point>
  </Placemark>
  <Placemark>
	<ExtendedData><SchemaData schemaUrl="#IQMaps_Points">
		<SimpleData name="Category">Point</SimpleData>
		<SimpleData name="Channel">6</SimpleData>
		<SimpleData name="CrossDist">2831.526202</SimpleData>
		<SimpleData name="IdNumber">4</SimpleData>
		<SimpleData name="Parent">Feature 0057</SimpleData>
		<SimpleData name="Survey">Survey_2025-04-24_10-38-46</SimpleData>
		<SimpleData name="Swath">0</SimpleData>
	</SchemaData></ExtendedData>
      <Point><coordinates>-86.9851397318704,40.4802733138207,-1.05</coordinates></Point>
  </Placemark>
  <Placemark>
	<ExtendedData><SchemaData schemaUrl="#IQMaps_Points">
		<SimpleData name="Category">Point</SimpleData>
		<SimpleData name="Channel">2</SimpleData>
		<SimpleData name="CrossDist">3860.560947</SimpleData>
		<SimpleData name="IdNumber">5</SimpleData>
		<SimpleData name="Parent">Feature 0057</SimpleData>
		<SimpleData name="Survey">Survey_2025-04-24_10-38-46</SimpleData>
		<SimpleData name="Swath">0</SimpleData>
	</SchemaData></ExtendedData>
      <Point><coordinates>-86.9850548526338,40.4801788276963,-0.9625</coordinates></Point>
  </Placemark>
  <Placemark>
	<ExtendedData><SchemaData schemaUrl="#IQMaps_Points">
		<SimpleData name="Category">Point</SimpleData>
		<SimpleData name="Channel">3</SimpleData>
		<SimpleData name="CrossDist">5135.880697</SimpleData>
		<SimpleData name="IdNumber">6</SimpleData>
		<SimpleData name="Parent">Feature 0057</SimpleData>
		<SimpleData name="Survey">Survey_2025-04-24_10-38-46</SimpleData>
		<SimpleData name="Swath">0</SimpleData>
	</SchemaData></ExtendedData>
      <Point><coordinates>-86.9848884655487,40.4799870574357,-0.81875</coordinates></Point>
  </Placemark>
  <Placemark>
	<ExtendedData><SchemaData schemaUrl="#IQMaps_Points">
		<SimpleData name="Category">Point</SimpleData>
		<SimpleData name="Channel">4</SimpleData>
		<SimpleData name="CrossDist">818.498238</SimpleData>
		<SimpleData name="IdNumber">7</SimpleData>
		<SimpleData name="Parent">Feature 0057</SimpleData>
		<SimpleData name="Survey">Survey_2025-04-23_19-07-30</SimpleData>
		<SimpleData name="Swath">3</SimpleData>
	</SchemaData></ExtendedData>
      <Point><coordinates>-86.9847507646674,40.4798435895566,-0.9375</coordinates></Point>
  </Placemark>
  <Placemark>
	<ExtendedData><SchemaData schemaUrl="#IQMaps_Points">
		<SimpleData name="Category">Point</SimpleData>
		<SimpleData name="Channel">3</SimpleData>
		<SimpleData name="CrossDist">152.049750</SimpleData>
		<SimpleData name="IdNumber">8</SimpleData>
		<SimpleData name="Parent">Feature 0057</SimpleData>
		<SimpleData name="Survey">Survey_2025-04-24_10-38-46</SimpleData>
		<SimpleData name="Swath">1</SimpleData>
	</SchemaData></ExtendedData>
      <Point><coordinates>-86.9846984475959,40.4797920574281,-0.95625</coordinates></Point>
  </Placemark>
  <Placemark>
	<ExtendedData><SchemaData schemaUrl="#IQMaps_Points">
		<SimpleData name="Category">Point</SimpleData>
		<SimpleData name="Channel">15</SimpleData>
		<SimpleData name="CrossDist">8041.474306</SimpleData>
		<SimpleData name="IdNumber">1</SimpleData>
		<SimpleData name="Parent">Feature 0060</SimpleData>
		<SimpleData name="Survey">Survey_2025-04-24_12-56-20</SimpleData>
		<SimpleData name="Swath">6</SimpleData>
	</SchemaData></ExtendedData>
      <Point><coordinates>-86.9843131316017,40.4739325290283,-0.625</coordinates></Point>
  </Placemark>
  <Placemark>
	<ExtendedData><SchemaData schemaUrl="#IQMaps_Points">
		<SimpleData name="Category">Point</SimpleData>
		<SimpleData name="Channel">11</SimpleData>
		<SimpleData name="CrossDist">7129.333986</SimpleData>
		<SimpleData name="IdNumber">2</SimpleData>
		<SimpleData name="Parent">Feature 0060</SimpleData>
		<SimpleData name="Survey">Survey_2025-04-24_12-56-20</SimpleData>
		<SimpleData name="Swath">6</SimpleData>
	</SchemaData></ExtendedData>
      <Point><coordinates>-86.984314000695,40.4742211781105,-0.625</coordinates></Point>
  </Placemark>
  <Placemark>
	<ExtendedData><SchemaData schemaUrl="#IQMaps_Points">
		<SimpleData name="Category">Point</SimpleData>
		<SimpleData name="Channel">11</SimpleData>
		<SimpleData name="CrossDist">5556.993255</SimpleData>
		<SimpleData name="IdNumber">3</SimpleData>
		<SimpleData name="Parent">Feature 0060</SimpleData>
		<SimpleData name="Survey">Survey_2025-04-24_12-56-20</SimpleData>
		<SimpleData name="Swath">6</SimpleData>
	</SchemaData></ExtendedData>
      <Point><coordinates>-86.9843092693,40.4746071661107,-0.625</coordinates></Point>
  </Placemark>
  <Placemark>
	<ExtendedData><SchemaData schemaUrl="#IQMaps_Points">
		<SimpleData name="Category">Point</SimpleData>
		<SimpleData name="Channel">16</SimpleData>
		<SimpleData name="CrossDist">4841.271948</SimpleData>
		<SimpleData name="IdNumber">1</SimpleData>
		<SimpleData name="Parent">Feature 0061</SimpleData>
		<SimpleData name="Survey">Survey_2025-04-23_19-07-30</SimpleData>
		<SimpleData name="Swath">5</SimpleData>
	</SchemaData></ExtendedData>
      <Point><coordinates>-86.984259428736,40.4742802853729,-0.69375</coordinates></Point>
  </Placemark>
  <Placemark>
	<ExtendedData><SchemaData schemaUrl="#IQMaps_Points">
		<SimpleData name="Category">Point</SimpleData>
		<SimpleData name="Channel">15</SimpleData>
		<SimpleData name="CrossDist">2388.782639</SimpleData>
		<SimpleData name="IdNumber">2</SimpleData>
		<SimpleData name="Parent">Feature 0061</SimpleData>
		<SimpleData name="Survey">Survey_2025-04-23_19-07-30</SimpleData>
		<SimpleData name="Swath">2</SimpleData>
	</SchemaData></ExtendedData>
      <Point><coordinates>-86.9841207809198,40.4742819457658,-0.5875</coordinates></Point>
  </Placemark>
  <Placemark>
	<ExtendedData><SchemaData schemaUrl="#IQMaps_Points">
		<SimpleData name="Category">Point</SimpleData>
		<SimpleData name="Channel">14</SimpleData>
		<SimpleData name="CrossDist">202.825271</SimpleData>
		<SimpleData name="IdNumber">1</SimpleData>
		<SimpleData name="Parent">Feature 0064</SimpleData>
		<SimpleData name="Survey">Survey_2025-04-18_16-18-21</SimpleData>
		<SimpleData name="Swath">15</SimpleData>
	</SchemaData></ExtendedData>
      <Point><coordinates>-86.9818284260174,40.475505207396,-0.79375</coordinates></Point>
  </Placemark>
  <Placemark>
	<ExtendedData><SchemaData schemaUrl="#IQMaps_Points">
		<SimpleData name="Category">Point</SimpleData>
		<SimpleData name="Channel">15</SimpleData>
		<SimpleData name="CrossDist">2033.116722</SimpleData>
		<SimpleData name="IdNumber">2</SimpleData>
		<SimpleData name="Parent">Feature 0064</SimpleData>
		<SimpleData name="Survey">Survey_2025-04-18_16-18-21</SimpleData>
		<SimpleData name="Swath">17</SimpleData>
	</SchemaData></ExtendedData>
      <Point><coordinates>-86.9829607809198,40.475513288501,-0.88125</coordinates></Point>
  </Placemark>
  <Placemark>
	<ExtendedData><SchemaData schemaUrl="#IQMaps_Points">
		<SimpleData name="Category">Point</SimpleData>
		<SimpleData name="Channel">11</SimpleData>
		<SimpleData name="CrossDist">2463.324584</SimpleData>
		<SimpleData name="IdNumber">3</SimpleData>
		<SimpleData name="Parent">Feature 0064</SimpleData>
		<SimpleData name="Survey">Survey_2025-04-18_16-18-21</SimpleData>
		<SimpleData name="Swath">17</SimpleData>
	</SchemaData></ExtendedData>
      <Point><coordinates>-86.9830857809197,40.4755140755015,-0.79375</coordinates></Point>
  </Placemark>
  <Placemark>
	<ExtendedData><SchemaData schemaUrl="#IQMaps_Points">
		<SimpleData name="Category">Point</SimpleData>
		<SimpleData name="Channel">14</SimpleData>
		<SimpleData name="CrossDist">685.074088</SimpleData>
		<SimpleData name="IdNumber">4</SimpleData>
		<SimpleData name="Parent">Feature 0064</SimpleData>
		<SimpleData name="Survey">Survey_2025-04-18_23-29-00</SimpleData>
		<SimpleData name="Swath">0</SimpleData>
	</SchemaData></ExtendedData>
      <Point><coordinates>-86.9832143239073,40.4755162284205,-0.79375</coordinates></Point>
  </Placemark>
  <Placemark>
	<ExtendedData><SchemaData schemaUrl="#IQMaps_Points">
		<SimpleData name="Category">Point</SimpleData>
		<SimpleData name="Channel">14</SimpleData>
		<SimpleData name="CrossDist">254.233509</SimpleData>
		<SimpleData name="IdNumber">5</SimpleData>
		<SimpleData name="Parent">Feature 0064</SimpleData>
		<SimpleData name="Survey">Survey_2025-04-18_23-29-00</SimpleData>
		<SimpleData name="Swath">1</SimpleData>
	</SchemaData></ExtendedData>
      <Point><coordinates>-86.9834676571046,40.4755172804666,-0.79375</coordinates></Point>
  </Placemark>
  <Placemark>
	<ExtendedData><SchemaData schemaUrl="#IQMaps_Points">
		<SimpleData name="Category">Point</SimpleData>
		<SimpleData name="Channel">15</SimpleData>
		<SimpleData name="CrossDist">2686.634061</SimpleData>
		<SimpleData name="IdNumber">6</SimpleData>
		<SimpleData name="Parent">Feature 0064</SimpleData>
		<SimpleData name="Survey">Survey_2025-04-23_19-07-30</SimpleData>
		<SimpleData name="Swath">2</SimpleData>
	</SchemaData></ExtendedData>
      <Point><coordinates>-86.9842492190802,40.4755320800263,-0.8375</coordinates></Point>
  </Placemark>
  <Placemark>
	<ExtendedData><SchemaData schemaUrl="#IQMaps_Points">
		<SimpleData name="Category">Point</SimpleData>
		<SimpleData name="Channel">11</SimpleData>
		<SimpleData name="CrossDist">1423.335930</SimpleData>
		<SimpleData name="IdNumber">1</SimpleData>
		<SimpleData name="Parent">Feature 0065</SimpleData>
		<SimpleData name="Survey">Survey_2025-04-24_12-56-20</SimpleData>
		<SimpleData name="Swath">6</SimpleData>
	</SchemaData></ExtendedData>
      <Point><coordinates>-86.9816819555773,40.4755690070592,-0.83125</coordinates></Point>
  </Placemark>
  <Placemark>
	<ExtendedData><SchemaData schemaUrl="#IQMaps_Points">
		<SimpleData name="Category">Point</SimpleData>
		<SimpleData name="Channel">11</SimpleData>
		<SimpleData name="CrossDist">2199.560778</SimpleData>
		<SimpleData name="IdNumber">2</SimpleData>
		<SimpleData name="Parent">Feature 0065</SimpleData>
		<SimpleData name="Survey">Survey_2025-04-24_12-56-20</SimpleData>
		<SimpleData name="Swath">6</SimpleData>
	</SchemaData></ExtendedData>
      <Point><coordinates>-86.9816796232379,40.4753773403945,-0.85</coordinates></Point>
  </Placemark>
  <Placemark>
	<ExtendedData><SchemaData schemaUrl="#IQMaps_Points">
		<SimpleData name="Category">Point</SimpleData>
		<SimpleData name="Channel">2</SimpleData>
		<SimpleData name="CrossDist">2980.372824</SimpleData>
		<SimpleData name="IdNumber">3</SimpleData>
		<SimpleData name="Parent">Feature 0065</SimpleData>
		<SimpleData name="Survey">Survey_2025-04-24_12-56-20</SimpleData>
		<SimpleData name="Swath">6</SimpleData>
	</SchemaData></ExtendedData>
      <Point><coordinates>-86.9816743652998,40.4751815624668,-0.83125</coordinates></Point>
  </Placemark>
  <Placemark>
	<ExtendedData><SchemaData schemaUrl="#IQMaps_Points">
		<SimpleData name="Category">Point</SimpleData>
		<SimpleData name="Channel">3</SimpleData>
		<SimpleData name="CrossDist">4338.736650</SimpleData>
		<SimpleData name="IdNumber">4</SimpleData>
		<SimpleData name="Parent">Feature 0065</SimpleData>
		<SimpleData name="Survey">Survey_2025-04-24_12-56-20</SimpleData>
		<SimpleData name="Swath">6</SimpleData>
	</SchemaData></ExtendedData>
      <Point><coordinates>-86.9816522073209,40.4748944016013,-1.01875</coordinates></Point>
  </Placemark>
  <Placemark>
	<ExtendedData><SchemaData schemaUrl="#IQMaps_Points">
		<SimpleData name="Category">Point</SimpleData>
		<SimpleData name="Channel">6</SimpleData>
		<SimpleData name="CrossDist">4545.753670</SimpleData>
		<SimpleData name="IdNumber">5</SimpleData>
		<SimpleData name="Parent">Feature 0065</SimpleData>
		<SimpleData name="Survey">Survey_2025-04-24_12-56-20</SimpleData>
		<SimpleData name="Swath">6</SimpleData>
	</SchemaData></ExtendedData>
      <Point><coordinates>-86.9816533758623,40.4747979425678,-0.975</coordinates></Point>
  </Placemark>
  <Placemark>
	<ExtendedData><SchemaData schemaUrl="#IQMaps_Points">
		<SimpleData name="Category">Point</SimpleData>
		<SimpleData name="Channel">6</SimpleData>
		<SimpleData name="CrossDist">5908.704692</SimpleData>
		<SimpleData name="IdNumber">6</SimpleData>
		<SimpleData name="Parent">Feature 0065</SimpleData>
		<SimpleData name="Survey">Survey_2025-04-24_12-56-20</SimpleData>
		<SimpleData name="Swath">6</SimpleData>
	</SchemaData></ExtendedData>
      <Point><coordinates>-86.9816490342941,40.4745087241005,-0.7625</coordinates></Point>
  </Placemark>
  <Placemark>
	<ExtendedData><SchemaData schemaUrl="#IQMaps_Points">
		<SimpleData name="Category">Point</SimpleData>
		<SimpleData name="Channel">7</SimpleData>
		<SimpleData name="CrossDist">6694.301658</SimpleData>
		<SimpleData name="IdNumber">7</SimpleData>
		<SimpleData name="Parent">Feature 0065</SimpleData>
		<SimpleData name="Survey">Survey_2025-04-24_12-56-20</SimpleData>
		<SimpleData name="Swath">6</SimpleData>
	</SchemaData></ExtendedData>
      <Point><coordinates>-86.9816428970377,40.4743154943619,-0.8</coordinates></Point>
  </Placemark>
  <Placemark>
	<ExtendedData><SchemaData schemaUrl="#IQMaps_Points">
		<SimpleData name="Category">Point</SimpleData>
		<SimpleData name="Channel">6</SimpleData>
		<SimpleData name="CrossDist">6901.793215</SimpleData>
		<SimpleData name="IdNumber">8</SimpleData>
		<SimpleData name="Parent">Feature 0065</SimpleData>
		<SimpleData name="Survey">Survey_2025-04-24_12-56-20</SimpleData>
		<SimpleData name="Swath">6</SimpleData>
	</SchemaData></ExtendedData>
      <Point><coordinates>-86.981647177716,40.4742196092311,-1.01875</coordinates></Point>
  </Placemark>
  <Placemark>
	<ExtendedData><SchemaData schemaUrl="#IQMaps_Points">
		<SimpleData name="Category">Point</SimpleData>
		<SimpleData name="Channel">3</SimpleData>
		<SimpleData name="CrossDist">7481.599050</SimpleData>
		<SimpleData name="IdNumber">9</SimpleData>
		<SimpleData name="Parent">Feature 0065</SimpleData>
		<SimpleData name="Survey">Survey_2025-04-24_12-56-20</SimpleData>
		<SimpleData name="Swath">6</SimpleData>
	</SchemaData></ExtendedData>
      <Point><coordinates>-86.981645553902,40.4741246092306,-0.9625</coordinates></Point>
  </Placemark>
  <Placemark>
	<ExtendedData><SchemaData schemaUrl="#IQMaps_Points">
		<SimpleData name="Category">Point</SimpleData>
		<SimpleData name="Channel">2</SimpleData>
		<SimpleData name="CrossDist">7689.486055</SimpleData>
		<SimpleData name="IdNumber">10</SimpleData>
		<SimpleData name="Parent">Feature 0065</SimpleData>
		<SimpleData name="Survey">Survey_2025-04-24_12-56-20</SimpleData>
		<SimpleData name="Swath">6</SimpleData>
	</SchemaData></ExtendedData>
      <Point><coordinates>-86.9816449803998,40.4740271610235,-1.33125</coordinates></Point>
  </Placemark>
  <Placemark>
	<ExtendedData><SchemaData schemaUrl="#IQMaps_Points">
		<SimpleData name="Category">Point</SimpleData>
		<SimpleData name="Channel">15</SimpleData>
		<SimpleData name="CrossDist">2144.791233</SimpleData>
		<SimpleData name="IdNumber">1</SimpleData>
		<SimpleData name="Parent">Feature 0066</SimpleData>
		<SimpleData name="Survey">Survey_2025-04-24_12-56-20</SimpleData>
		<SimpleData name="Swath">6</SimpleData>
	</SchemaData></ExtendedData>
      <Point><coordinates>-86.981037714038,40.4753759929388,-0.48125</coordinates></Point>
  </Placemark>
  <Placemark>
	<ExtendedData><SchemaData schemaUrl="#IQMaps_Points">
		<SimpleData name="Category">Point</SimpleData>
		<SimpleData name="Channel">15</SimpleData>
		<SimpleData name="CrossDist">1368.408205</SimpleData>
		<SimpleData name="IdNumber">2</SimpleData>
		<SimpleData name="Parent">Feature 0066</SimpleData>
		<SimpleData name="Survey">Survey_2025-04-24_12-56-20</SimpleData>
		<SimpleData name="Swath">6</SimpleData>
	</SchemaData></ExtendedData>
      <Point><coordinates>-86.9810381441648,40.4755692704853,-0.8375</coordinates></Point>
  </Placemark>
  <Placemark>
	<ExtendedData><SchemaData schemaUrl="#IQMaps_Points">
		<SimpleData name="Category">Point</SimpleData>
		<SimpleData name="Channel">11</SimpleData>
		<SimpleData name="CrossDist">319.284703</SimpleData>
		<SimpleData name="IdNumber">3</SimpleData>
		<SimpleData name="Parent">Feature 0066</SimpleData>
		<SimpleData name="Survey">Survey_2025-04-24_12-56-20</SimpleData>
		<SimpleData name="Swath">6</SimpleData>
	</SchemaData></ExtendedData>
      <Point><coordinates>-86.9810412568047,40.475760673724,-0.61875</coordinates></Point>
  </Placemark>
  <Placemark>
	<ExtendedData><SchemaData schemaUrl="#IQMaps_Points">
		<SimpleData name="Category">Point</SimpleData>
		<SimpleData name="Channel">6</SimpleData>
		<SimpleData name="CrossDist">2457.906947</SimpleData>
		<SimpleData name="IdNumber">4</SimpleData>
		<SimpleData name="Parent">Feature 0066</SimpleData>
		<SimpleData name="Survey">Survey_2025-04-24_12-56-20</SimpleData>
		<SimpleData name="Swath">5</SimpleData>
	</SchemaData></ExtendedData>
      <Point><coordinates>-86.9810395096331,40.4763312759003,-0.85</coordinates></Point>
  </Placemark>
  <Placemark>
	<ExtendedData><SchemaData schemaUrl="#IQMaps_Points">
		<SimpleData name="Category">Point</SimpleData>
		<SimpleData name="Channel">3</SimpleData>
		<SimpleData name="CrossDist">1751.439123</SimpleData>
		<SimpleData name="IdNumber">5</SimpleData>
		<SimpleData name="Parent">Feature 0066</SimpleData>
		<SimpleData name="Survey">Survey_2025-04-24_12-56-20</SimpleData>
		<SimpleData name="Swath">5</SimpleData>
	</SchemaData></ExtendedData>
      <Point><coordinates>-86.9810328557271,40.47661822541,-0.65</coordinates></Point>
  </Placemark>
  <Placemark>
	<ExtendedData><SchemaData schemaUrl="#IQMaps_Points">
		<SimpleData name="Category">Point</SimpleData>
		<SimpleData name="Channel">3</SimpleData>
		<SimpleData name="CrossDist">1790.153480</SimpleData>
		<SimpleData name="IdNumber">6</SimpleData>
		<SimpleData name="Parent">Feature 0066</SimpleData>
		<SimpleData name="Survey">Survey_2025-04-24_12-56-20</SimpleData>
		<SimpleData name="Swath">1</SimpleData>
	</SchemaData></ExtendedData>
      <Point><coordinates>-86.9810396707715,40.4774853907675,-0.9125</coordinates></Point>
  </Placemark>
  <Placemark>
	<ExtendedData><SchemaData schemaUrl="#IQMaps_Points">
		<SimpleData name="Category">Point</SimpleData>
		<SimpleData name="Channel">7</SimpleData>
		<SimpleData name="CrossDist">372.749270</SimpleData>
		<SimpleData name="IdNumber">7</SimpleData>
		<SimpleData name="Parent">Feature 0066</SimpleData>
		<SimpleData name="Survey">Survey_2025-04-24_10-38-46</SimpleData>
		<SimpleData name="Swath">3</SimpleData>
	</SchemaData></ExtendedData>
      <Point><coordinates>-86.9810289100955,40.4777721610332,-0.93125</coordinates></Point>
  </Placemark>
  <Placemark>
	<ExtendedData><SchemaData schemaUrl="#IQMaps_Points">
		<SimpleData name="Category">Point</SimpleData>
		<SimpleData name="Channel">2</SimpleData>
		<SimpleData name="CrossDist">1942.440499</SimpleData>
		<SimpleData name="IdNumber">1</SimpleData>
		<SimpleData name="Parent">Feature 0056</SimpleData>
		<SimpleData name="Survey">Survey_2025-04-24_08-01-42</SimpleData>
		<SimpleData name="Swath">0</SimpleData>
	</SchemaData></ExtendedData>
      <Point><coordinates>-86.9833259352545,40.4833476133947,-0.925</coordinates></Point>
  </Placemark>
  <Placemark>
	<ExtendedData><SchemaData schemaUrl="#IQMaps_Points">
		<SimpleData name="Category">Point</SimpleData>
		<SimpleData name="Channel">7</SimpleData>
		<SimpleData name="CrossDist">3017.228576</SimpleData>
		<SimpleData name="IdNumber">2</SimpleData>
		<SimpleData name="Parent">Feature 0056</SimpleData>
		<SimpleData name="Survey">Survey_2025-04-24_08-01-42</SimpleData>
		<SimpleData name="Swath">0</SimpleData>
	</SchemaData></ExtendedData>
      <Point><coordinates>-86.9833310258981,40.4832511723004,-0.925</coordinates></Point>
  </Placemark>
  <Placemark>
	<ExtendedData><SchemaData schemaUrl="#IQMaps_Points">
		<SimpleData name="Category">Point</SimpleData>
		<SimpleData name="Channel">4</SimpleData>
		<SimpleData name="CrossDist">1965.653296</SimpleData>
		<SimpleData name="IdNumber">3</SimpleData>
		<SimpleData name="Parent">Feature 0056</SimpleData>
		<SimpleData name="Survey">Survey_2025-04-18_23-29-00</SimpleData>
		<SimpleData name="Swath">0</SimpleData>
	</SchemaData></ExtendedData>
      <Point><coordinates>-86.9833357646673,40.4831412112284,-0.925</coordinates></Point>
  </Placemark>
  <Placemark>
	<ExtendedData><SchemaData schemaUrl="#IQMaps_Points">
		<SimpleData name="Category">Point</SimpleData>
		<SimpleData name="Channel">2</SimpleData>
		<SimpleData name="CrossDist">4657.546815</SimpleData>
		<SimpleData name="IdNumber">4</SimpleData>
		<SimpleData name="Parent">Feature 0056</SimpleData>
		<SimpleData name="Survey">Survey_2025-04-24_08-01-42</SimpleData>
		<SimpleData name="Swath">0</SimpleData>
	</SchemaData></ExtendedData>
      <Point><coordinates>-86.9833423314837,40.4830571610295,-0.85</coordinates></Point>
  </Placemark>
  <Placemark>
	<ExtendedData><SchemaData schemaUrl="#IQMaps_Points">
		<SimpleData name="Category">Point</SimpleData>
		<SimpleData name="Channel">8</SimpleData>
		<SimpleData name="CrossDist">5211.885799</SimpleData>
		<SimpleData name="IdNumber">5</SimpleData>
		<SimpleData name="Parent">Feature 0056</SimpleData>
		<SimpleData name="Survey">Survey_2025-04-24_08-01-42</SimpleData>
		<SimpleData name="Swath">0</SimpleData>
	</SchemaData></ExtendedData>
      <Point><coordinates>-86.9833540457187,40.482958648121,-0.875</coordinates></Point>
  </Placemark>
  <Placemark>
	<ExtendedData><SchemaData schemaUrl="#IQMaps_Points">
		<SimpleData name="Category">Point</SimpleData>
		<SimpleData name="Channel">2</SimpleData>
		<SimpleData name="CrossDist">517.562322</SimpleData>
		<SimpleData name="IdNumber">6</SimpleData>
		<SimpleData name="Parent">Feature 0056</SimpleData>
		<SimpleData name="Survey">Survey_2025-04-24_08-01-42</SimpleData>
		<SimpleData name="Swath">1</SimpleData>
	</SchemaData></ExtendedData>
      <Point><coordinates>-86.9833854267387,40.4828638277037,-0.9375</coordinates></Point>
  </Placemark>
  <Placemark>
	<ExtendedData><SchemaData schemaUrl="#IQMaps_Points">
		<SimpleData name="Category">Point</SimpleData>
		<SimpleData name="Channel">3</SimpleData>
		<SimpleData name="CrossDist">1063.082816</SimpleData>
		<SimpleData name="IdNumber">7</SimpleData>
		<SimpleData name="Parent">Feature 0056</SimpleData>
		<SimpleData name="Survey">Survey_2025-04-24_08-01-42</SimpleData>
		<SimpleData name="Swath">1</SimpleData>
	</SchemaData></ExtendedData>
      <Point><coordinates>-86.9834116318109,40.4827681713255,-1.3375</coordinates></Point>
  </Placemark>
  <Placemark>
	<ExtendedData><SchemaData schemaUrl="#IQMaps_Points">
		<SimpleData name="Category">Point</SimpleData>
		<SimpleData name="Channel">3</SimpleData>
		<SimpleData name="CrossDist">2152.700192</SimpleData>
		<SimpleData name="IdNumber">8</SimpleData>
		<SimpleData name="Parent">Feature 0056</SimpleData>
		<SimpleData name="Survey">Survey_2025-04-24_08-01-42</SimpleData>
		<SimpleData name="Swath">1</SimpleData>
	</SchemaData></ExtendedData>
      <Point><coordinates>-86.983414121183,40.4826737240999,-1.3375</coordinates></Point>
  </Placemark>
  <Placemark>
	<ExtendedData><SchemaData schemaUrl="#IQMaps_Points">
		<SimpleData name="Category">Point</SimpleData>
		<SimpleData name="Channel">9</SimpleData>
		<SimpleData name="CrossDist">2695.847999</SimpleData>
		<SimpleData name="IdNumber">9</SimpleData>
		<SimpleData name="Parent">Feature 0056</SimpleData>
		<SimpleData name="Survey">Survey_2025-04-24_08-01-42</SimpleData>
		<SimpleData name="Swath">1</SimpleData>
	</SchemaData></ExtendedData>
      <Point><coordinates>-86.9834162291613,40.4825786205023,-1.075</coordinates></Point>
  </Placemark>
  <Placemark>
	<ExtendedData><SchemaData schemaUrl="#IQMaps_Points">
		<SimpleData name="Category">Point</SimpleData>
		<SimpleData name="Channel">4</SimpleData>
		<SimpleData name="CrossDist">3786.335360</SimpleData>
		<SimpleData name="IdNumber">10</SimpleData>
		<SimpleData name="Parent">Feature 0056</SimpleData>
		<SimpleData name="Survey">Survey_2025-04-24_08-01-42</SimpleData>
		<SimpleData name="Swath">1</SimpleData>
	</SchemaData></ExtendedData>
      <Point><coordinates>-86.983425947463,40.4824852871717,-1</coordinates></Point>
  </Placemark>
  <Placemark>
	<ExtendedData><SchemaData schemaUrl="#IQMaps_Points">
		<SimpleData name="Category">Point</SimpleData>
		<SimpleData name="Channel">4</SimpleData>
		<SimpleData name="CrossDist">4324.975060</SimpleData>
		<SimpleData name="IdNumber">11</SimpleData>
		<SimpleData name="Parent">Feature 0056</SimpleData>
		<SimpleData name="Survey">Survey_2025-04-24_08-01-42</SimpleData>
		<SimpleData name="Swath">1</SimpleData>
	</SchemaData></ExtendedData>
      <Point><coordinates>-86.9834356379185,40.4823847128255,-1</coordinates></Point>
  </Placemark>
  <Placemark>
	<ExtendedData><SchemaData schemaUrl="#IQMaps_Points">
		<SimpleData name="Category">Point</SimpleData>
		<SimpleData name="Channel">6</SimpleData>
		<SimpleData name="CrossDist">320.115143</SimpleData>
		<SimpleData name="IdNumber">12</SimpleData>
		<SimpleData name="Parent">Feature 0056</SimpleData>
		<SimpleData name="Survey">Survey_2025-04-24_08-01-42</SimpleData>
		<SimpleData name="Swath">2</SimpleData>
	</SchemaData></ExtendedData>
      <Point><coordinates>-86.9834440189398,40.4822896092356,-1</coordinates></Point>
  </Placemark>
  <Placemark>
	<ExtendedData><SchemaData schemaUrl="#IQMaps_Points">
		<SimpleData name="Category">Point</SimpleData>
		<SimpleData name="Channel">6</SimpleData>
		<SimpleData name="CrossDist">856.065796</SimpleData>
		<SimpleData name="IdNumber">13</SimpleData>
		<SimpleData name="Parent">Feature 0056</SimpleData>
		<SimpleData name="Survey">Survey_2025-04-24_08-01-42</SimpleData>
		<SimpleData name="Swath">2</SimpleData>
	</SchemaData></ExtendedData>
      <Point><coordinates>-86.9834441052199,40.4821937240982,-1</coordinates></Point>
  </Placemark>
  <Placemark>
	<ExtendedData><SchemaData schemaUrl="#IQMaps_Points">
		<SimpleData name="Category">Point</SimpleData>
		<SimpleData name="Channel">6</SimpleData>
		<SimpleData name="CrossDist">492.214106</SimpleData>
		<SimpleData name="IdNumber">14</SimpleData>
		<SimpleData name="Parent">Feature 0056</SimpleData>
		<SimpleData name="Survey">Survey_2025-04-24_08-01-42</SimpleData>
		<SimpleData name="Swath">3</SimpleData>
	</SchemaData></ExtendedData>
      <Point><coordinates>-86.9834436087601,40.4820962759024,-1.075</coordinates></Point>
  </Placemark>
  <Placemark>
	<ExtendedData><SchemaData schemaUrl="#IQMaps_Points">
		<SimpleData name="Category">Point</SimpleData>
		<SimpleData name="Channel">9</SimpleData>
		<SimpleData name="CrossDist">1026.424788</SimpleData>
		<SimpleData name="IdNumber">15</SimpleData>
		<SimpleData name="Parent">Feature 0056</SimpleData>
		<SimpleData name="Survey">Survey_2025-04-24_08-01-42</SimpleData>
		<SimpleData name="Swath">3</SimpleData>
	</SchemaData></ExtendedData>
      <Point><coordinates>-86.9834500248611,40.482001953824,-1.11875</coordinates></Point>
  </Placemark>
  <Placemark>
	<ExtendedData><SchemaData schemaUrl="#IQMaps_Points">
		<SimpleData name="Category">Point</SimpleData>
		<SimpleData name="Channel">3</SimpleData>
		<SimpleData name="CrossDist">4653.196887</SimpleData>
		<SimpleData name="IdNumber">1</SimpleData>
		<SimpleData name="Parent">Feature 0057</SimpleData>
		<SimpleData name="Survey">Survey_2025-04-24_08-01-42</SimpleData>
		<SimpleData name="Swath">0</SimpleData>
	</SchemaData></ExtendedData>
      <Point><coordinates>-86.9832912744814,40.4830587241012,-1.09375</coordinates></Point>
  </Placemark>
  <Placemark>
	<ExtendedData><SchemaData schemaUrl="#IQMaps_Points">
		<SimpleData name="Category">Point</SimpleData>
		<SimpleData name="Channel">6</SimpleData>
		<SimpleData name="CrossDist">3692.416464</SimpleData>
		<SimpleData name="IdNumber">2</SimpleData>
		<SimpleData name="Parent">Feature 0057</SimpleData>
		<SimpleData name="Survey">Survey_2025-04-18_16-18-21</SimpleData>
		<SimpleData name="Swath">17</SimpleData>
	</SchemaData></ExtendedData>
      <Point><coordinates>-86.9832105900576,40.4829095169905,-1.0125</coordinates></Point>
  </Placemark>
  <Placemark>
	<ExtendedData><SchemaData schemaUrl="#IQMaps_Points">
		<SimpleData name="Category">Point</SimpleData>
		<SimpleData name="Channel">6</SimpleData>
		<SimpleData name="CrossDist">2133.085972</SimpleData>
		<SimpleData name="IdNumber">3</SimpleData>
		<SimpleData name="Parent">Feature 0057</SimpleData>
		<SimpleData name="Survey">Survey_2025-04-24_08-01-42</SimpleData>
		<SimpleData name="Swath">1</SimpleData>
	</SchemaData></ExtendedData>
      <Point><coordinates>-86.9831851924451,40.4826729425668,-1.275</coordinates></Point>
  </Placemark>
  <Placemark>
	<ExtendedData><SchemaData schemaUrl="#IQMaps_Points">
		<SimpleData name="Category">Point</SimpleData>
		<SimpleData name="Channel">3</SimpleData>
		<SimpleData name="CrossDist">1048.213972</SimpleData>
		<SimpleData name="IdNumber">4</SimpleData>
		<SimpleData name="Parent">Feature 0057</SimpleData>
		<SimpleData name="Survey">Survey_2025-04-24_08-01-42</SimpleData>
		<SimpleData name="Swath">3</SimpleData>
	</SchemaData></ExtendedData>
      <Point><coordinates>-86.9831949047009,40.4819996092352,-1.13125</coordinates></Point>
  </Placemark>
  <Placemark>
	<ExtendedData><SchemaData schemaUrl="#IQMaps_Points">
		<SimpleData name="Category">Point</SimpleData>
		<SimpleData name="Channel">7</SimpleData>
		<SimpleData name="CrossDist">1072.534023</SimpleData>
		<SimpleData name="IdNumber">1</SimpleData>
		<SimpleData name="Parent">Feature 0058</SimpleData>
		<SimpleData name="Survey">Survey_2025-04-24_08-01-42</SimpleData>
		<SimpleData name="Swath">3</SimpleData>
	</SchemaData></ExtendedData>
      <Point><coordinates>-86.9829102548409,40.4819988277057,-0.85625</coordinates></Point>
  </Placemark>
  <Placemark>
	<ExtendedData><SchemaData schemaUrl="#IQMaps_Points">
		<SimpleData name="Category">Point</SimpleData>
		<SimpleData name="Channel">4</SimpleData>
		<SimpleData name="CrossDist">446.856222</SimpleData>
		<SimpleData name="IdNumber">2</SimpleData>
		<SimpleData name="Parent">Feature 0058</SimpleData>
		<SimpleData name="Survey">Survey_2025-04-24_08-01-42</SimpleData>
		<SimpleData name="Swath">3</SimpleData>
	</SchemaData></ExtendedData>
      <Point><coordinates>-86.9829136596492,40.4820983289535,-0.94375</coordinates></Point>
  </Placemark>
  <Placemark>
	<ExtendedData><SchemaData schemaUrl="#IQMaps_Points">
		<SimpleData name="Category">Point</SimpleData>
		<SimpleData name="Channel">1</SimpleData>
		<SimpleData name="CrossDist">901.305046</SimpleData>
		<SimpleData name="IdNumber">3</SimpleData>
		<SimpleData name="Parent">Feature 0058</SimpleData>
		<SimpleData name="Survey">Survey_2025-04-24_08-01-42</SimpleData>
		<SimpleData name="Swath">2</SimpleData>
	</SchemaData></ExtendedData>
      <Point><coordinates>-86.982916727262,40.4821968502171,-0.94375</coordinates></Point>
  </Placemark>
  <Placemark>
	<ExtendedData><SchemaData schemaUrl="#IQMaps_Points">
		<SimpleData name="Category">Point</SimpleData>
		<SimpleData name="Channel">7</SimpleData>
		<SimpleData name="CrossDist">275.192252</SimpleData>
		<SimpleData name="IdNumber">4</SimpleData>
		<SimpleData name="Parent">Feature 0058</SimpleData>
		<SimpleData name="Survey">Survey_2025-04-24_08-01-42</SimpleData>
		<SimpleData name="Swath">2</SimpleData>
	</SchemaData></ExtendedData>
      <Point><coordinates>-86.9829214320505,40.4822911722928,-0.90625</coordinates></Point>
  </Placemark>
  <Placemark>
	<ExtendedData><SchemaData schemaUrl="#IQMaps_Points">
		<SimpleData name="Category">Point</SimpleData>
		<SimpleData name="Channel">7</SimpleData>
		<SimpleData name="CrossDist">4368.830241</SimpleData>
		<SimpleData name="IdNumber">5</SimpleData>
		<SimpleData name="Parent">Feature 0058</SimpleData>
		<SimpleData name="Survey">Survey_2025-04-24_08-01-42</SimpleData>
		<SimpleData name="Swath">1</SimpleData>
	</SchemaData></ExtendedData>
      <Point><coordinates>-86.9829234852255,40.4823854943621,-0.80625</coordinates></Point>
  </Placemark>
  <Placemark>
	<ExtendedData><SchemaData schemaUrl="#IQMaps_Points">
		<SimpleData name="Category">Point</SimpleData>
		<SimpleData name="Channel">4</SimpleData>
		<SimpleData name="CrossDist">3743.666523</SimpleData>
		<SimpleData name="IdNumber">6</SimpleData>
		<SimpleData name="Parent">Feature 0058</SimpleData>
		<SimpleData name="Survey">Survey_2025-04-24_08-01-42</SimpleData>
		<SimpleData name="Swath">1</SimpleData>
	</SchemaData></ExtendedData>
      <Point><coordinates>-86.9829297181074,40.4824852871717,-0.875</coordinates></Point>
  </Placemark>
  <Placemark>
	<ExtendedData><SchemaData schemaUrl="#IQMaps_Points">
		<SimpleData name="Category">Point</SimpleData>
		<SimpleData name="Channel">3</SimpleData>
		<SimpleData name="CrossDist">2737.211858</SimpleData>
		<SimpleData name="IdNumber">7</SimpleData>
		<SimpleData name="Parent">Feature 0058</SimpleData>
		<SimpleData name="Survey">Survey_2025-04-24_08-01-42</SimpleData>
		<SimpleData name="Swath">1</SimpleData>
	</SchemaData></ExtendedData>
      <Point><coordinates>-86.9829299332053,40.4825762758996,-0.7375</coordinates></Point>
  </Placemark>
  <Placemark>
	<ExtendedData><SchemaData schemaUrl="#IQMaps_Points">
		<SimpleData name="Category">Point</SimpleData>
		<SimpleData name="Channel">6</SimpleData>
		<SimpleData name="CrossDist">2111.336333</SimpleData>
		<SimpleData name="IdNumber">8</SimpleData>
		<SimpleData name="Parent">Feature 0058</SimpleData>
		<SimpleData name="Survey">Survey_2025-04-24_08-01-42</SimpleData>
		<SimpleData name="Swath">1</SimpleData>
	</SchemaData></ExtendedData>
      <Point><coordinates>-86.9829328813153,40.4826729425668,-0.8125</coordinates></Point>
  </Placemark>
  <Placemark>
	<ExtendedData><SchemaData schemaUrl="#IQMaps_Points">
		<SimpleData name="Category">Point</SimpleData>
		<SimpleData name="Channel">3</SimpleData>
		<SimpleData name="CrossDist">476.514821</SimpleData>
		<SimpleData name="IdNumber">9</SimpleData>
		<SimpleData name="Parent">Feature 0058</SimpleData>
		<SimpleData name="Survey">Survey_2025-04-24_08-01-42</SimpleData>
		<SimpleData name="Swath">1</SimpleData>
	</SchemaData></ExtendedData>
      <Point><coordinates>-86.9829073241058,40.4828653907654,-0.65</coordinates></Point>
  </Placemark>
  <Placemark>
	<ExtendedData><SchemaData schemaUrl="#IQMaps_Points">
		<SimpleData name="Category">Point</SimpleData>
		<SimpleData name="Channel">9</SimpleData>
		<SimpleData name="CrossDist">4617.369300</SimpleData>
		<SimpleData name="IdNumber">10</SimpleData>
		<SimpleData name="Parent">Feature 0058</SimpleData>
		<SimpleData name="Survey">Survey_2025-04-24_08-01-42</SimpleData>
		<SimpleData name="Swath">0</SimpleData>
	</SchemaData></ExtendedData>
      <Point><coordinates>-86.9828725891397,40.4830563794935,-0.83125</coordinates></Point>
  </Placemark>
  <Placemark>
	<ExtendedData><SchemaData schemaUrl="#IQMaps_Points">
		<SimpleData name="Category">Point</SimpleData>
		<SimpleData name="Channel">7</SimpleData>
		<SimpleData name="CrossDist">3623.648060</SimpleData>
		<SimpleData name="IdNumber">11</SimpleData>
		<SimpleData name="Parent">Feature 0058</SimpleData>
		<SimpleData name="Survey">Survey_2025-04-24_08-01-42</SimpleData>
		<SimpleData name="Swath">0</SimpleData>
	</SchemaData></ExtendedData>
      <Point><coordinates>-86.9828555186716,40.4831538276979,-0.75</coordinates></Point>
  </Placemark>
  <Placemark>
	<ExtendedData><SchemaData schemaUrl="#IQMaps_Points">
		<SimpleData name="Category">Point</SimpleData>
		<SimpleData name="Channel">2</SimpleData>
		<SimpleData name="CrossDist">2975.311089</SimpleData>
		<SimpleData name="IdNumber">12</SimpleData>
		<SimpleData name="Parent">Feature 0058</SimpleData>
		<SimpleData name="Survey">Survey_2025-04-24_08-01-42</SimpleData>
		<SimpleData name="Swath">0</SimpleData>
	</SchemaData></ExtendedData>
      <Point><coordinates>-86.9828402628563,40.4832484192029,-0.94375</coordinates></Point>
  </Placemark>
  <Placemark>
	<ExtendedData><SchemaData schemaUrl="#IQMaps_Points">
		<SimpleData name="Category">Point</SimpleData>
		<SimpleData name="Channel">12</SimpleData>
		<SimpleData name="CrossDist">846.060962</SimpleData>
		<SimpleData name="IdNumber">13</SimpleData>
		<SimpleData name="Parent">Feature 0058</SimpleData>
		<SimpleData name="Survey">Survey_2025-04-18_16-18-21</SimpleData>
		<SimpleData name="Swath">17</SimpleData>
	</SchemaData></ExtendedData>
      <Point><coordinates>-86.9828320430679,40.4832812524505,-1.0125</coordinates></Point>
  </Placemark>
  <Placemark>
	<ExtendedData><SchemaData schemaUrl="#IQMaps_Points">
		<SimpleData name="Category">Point</SimpleData>
		<SimpleData name="Channel">5</SimpleData>
		<SimpleData name="CrossDist">3648.877641</SimpleData>
		<SimpleData name="IdNumber">1</SimpleData>
		<SimpleData name="Parent">Feature 0059</SimpleData>
		<SimpleData name="Survey">Survey_2025-04-24_08-01-42</SimpleData>
		<SimpleData name="Swath">0</SimpleData>
	</SchemaData></ExtendedData>
      <Point><coordinates>-86.9825601542565,40.4831563944533,-0.85</coordinates></Point>
  </Placemark>
  <Placemark>
	<ExtendedData><SchemaData schemaUrl="#IQMaps_Points">
		<SimpleData name="Category">Point</SimpleData>
		<SimpleData name="Channel">6</SimpleData>
		<SimpleData name="CrossDist">4592.930614</SimpleData>
		<SimpleData name="IdNumber">2</SimpleData>
		<SimpleData name="Parent">Feature 0059</SimpleData>
		<SimpleData name="Survey">Survey_2025-04-24_08-01-42</SimpleData>
		<SimpleData name="Swath">0</SimpleData>
	</SchemaData></ExtendedData>
      <Point><coordinates>-86.9825877614629,40.4830579425653,-0.85</coordinates></Point>
  </Placemark>
  <Placemark>
	<ExtendedData><SchemaData schemaUrl="#IQMaps_Points">
		<SimpleData name="Category">Point</SimpleData>
		<SimpleData name="Channel">2</SimpleData>
		<SimpleData name="CrossDist">5275.671559</SimpleData>
		<SimpleData name="IdNumber">3</SimpleData>
		<SimpleData name="Parent">Feature 0059</SimpleData>
		<SimpleData name="Survey">Survey_2025-04-24_08-01-42</SimpleData>
		<SimpleData name="Swath">0</SimpleData>
	</SchemaData></ExtendedData>
      <Point><coordinates>-86.9826080176002,40.482962838972,-0.85</coordinates></Point>
  </Placemark>
  <Placemark>
	<ExtendedData><SchemaData schemaUrl="#IQMaps_Points">
		<SimpleData name="Category">Point</SimpleData>
		<SimpleData name="Channel">6</SimpleData>
		<SimpleData name="CrossDist">452.669308</SimpleData>
		<SimpleData name="IdNumber">4</SimpleData>
		<SimpleData name="Parent">Feature 0059</SimpleData>
		<SimpleData name="Survey">Survey_2025-04-24_08-01-42</SimpleData>
		<SimpleData name="Swath">1</SimpleData>
	</SchemaData></ExtendedData>
      <Point><coordinates>-86.9826287512663,40.4828646092345,-0.66875</coordinates></Point>
  </Placemark>
  <Placemark>
	<ExtendedData><SchemaData schemaUrl="#IQMaps_Points">
		<SimpleData name="Category">Point</SimpleData>
		<SimpleData name="Channel">3</SimpleData>
		<SimpleData name="CrossDist">1128.292189</SimpleData>
		<SimpleData name="IdNumber">5</SimpleData>
		<SimpleData name="Parent">Feature 0059</SimpleData>
		<SimpleData name="Survey">Survey_2025-04-24_08-01-42</SimpleData>
		<SimpleData name="Swath">1</SimpleData>
	</SchemaData></ExtendedData>
      <Point><coordinates>-86.9826506240076,40.4827690475644,-0.75</coordinates></Point>
  </Placemark>
  <Placemark>
	<ExtendedData><SchemaData schemaUrl="#IQMaps_Points">
		<SimpleData name="Category">Point</SimpleData>
		<SimpleData name="Channel">12</SimpleData>
		<SimpleData name="CrossDist">4392.596665</SimpleData>
		<SimpleData name="IdNumber">6</SimpleData>
		<SimpleData name="Parent">Feature 0059</SimpleData>
		<SimpleData name="Survey">Survey_2025-04-24_08-01-42</SimpleData>
		<SimpleData name="Swath">1</SimpleData>
	</SchemaData></ExtendedData>
      <Point><coordinates>-86.9826462434692,40.4823831497525,-1.14375</coordinates></Point>
  </Placemark>
  <Placemark>
	<ExtendedData><SchemaData schemaUrl="#IQMaps_Points">
		<SimpleData name="Category">Point</SimpleData>
		<SimpleData name="Channel">2</SimpleData>
		<SimpleData name="CrossDist">251.149015</SimpleData>
		<SimpleData name="IdNumber">7</SimpleData>
		<SimpleData name="Parent">Feature 0059</SimpleData>
		<SimpleData name="Survey">Survey_2025-04-24_08-01-42</SimpleData>
		<SimpleData name="Swath">2</SimpleData>
	</SchemaData></ExtendedData>
      <Point><coordinates>-86.982640349718,40.4822888277071,-0.96875</coordinates></Point>
  </Placemark>
  <Placemark>
	<ExtendedData><SchemaData schemaUrl="#IQMaps_Points">
		<SimpleData name="Category">Point</SimpleData>
		<SimpleData name="Channel">6</SimpleData>
		<SimpleData name="CrossDist">423.129343</SimpleData>
		<SimpleData name="IdNumber">8</SimpleData>
		<SimpleData name="Parent">Feature 0059</SimpleData>
		<SimpleData name="Survey">Survey_2025-04-24_08-01-42</SimpleData>
		<SimpleData name="Swath">3</SimpleData>
	</SchemaData></ExtendedData>
      <Point><coordinates>-86.9826365923957,40.4820946092357,-0.99375</coordinates></Point>
  </Placemark>
  <Placemark>
	<ExtendedData><SchemaData schemaUrl="#IQMaps_Points">
		<SimpleData name="Category">Point</SimpleData>
		<SimpleData name="Channel">7</SimpleData>
		<SimpleData name="CrossDist">4058.640842</SimpleData>
		<SimpleData name="IdNumber">1</SimpleData>
		<SimpleData name="Parent">Feature 0061</SimpleData>
		<SimpleData name="Survey">Survey_2025-04-18_16-18-21</SimpleData>
		<SimpleData name="Swath">15</SimpleData>
	</SchemaData></ExtendedData>
      <Point><coordinates>-86.9822082078666,40.4815164375697,-0.91875</coordinates></Point>
  </Placemark>
  <Placemark>
	<ExtendedData><SchemaData schemaUrl="#IQMaps_Points">
		<SimpleData name="Category">Point</SimpleData>
		<SimpleData name="Channel">7</SimpleData>
		<SimpleData name="CrossDist">1768.838834</SimpleData>
		<SimpleData name="IdNumber">2</SimpleData>
		<SimpleData name="Parent">Feature 0061</SimpleData>
		<SimpleData name="Survey">Survey_2025-04-18_16-18-21</SimpleData>
		<SimpleData name="Swath">16</SimpleData>
	</SchemaData></ExtendedData>
      <Point><coordinates>-86.9824625322114,40.4815213411828,-0.8375</coordinates></Point>
  </Placemark>
  <Placemark>
	<ExtendedData><SchemaData schemaUrl="#IQMaps_Points">
		<SimpleData name="Category">Point</SimpleData>
		<SimpleData name="Channel">6</SimpleData>
		<SimpleData name="CrossDist">3534.000002</SimpleData>
		<SimpleData name="IdNumber">3</SimpleData>
		<SimpleData name="Parent">Feature 0061</SimpleData>
		<SimpleData name="Survey">Survey_2025-04-18_16-18-21</SimpleData>
		<SimpleData name="Swath">16</SimpleData>
	</SchemaData></ExtendedData>
      <Point><coordinates>-86.9825855137331,40.4815254092265,-0.98125</coordinates></Point>
  </Placemark>
  <Placemark>
	<ExtendedData><SchemaData schemaUrl="#IQMaps_Points">
		<SimpleData name="Category">Point</SimpleData>
		<SimpleData name="Channel">2</SimpleData>
		<SimpleData name="CrossDist">3132.818022</SimpleData>
		<SimpleData name="IdNumber">4</SimpleData>
		<SimpleData name="Parent">Feature 0061</SimpleData>
		<SimpleData name="Survey">Survey_2025-04-18_16-18-21</SimpleData>
		<SimpleData name="Swath">17</SimpleData>
	</SchemaData></ExtendedData>
      <Point><coordinates>-86.9830870133533,40.4815283004789,-1.10625</coordinates></Point>
  </Placemark>
  <Placemark>
	<ExtendedData><SchemaData schemaUrl="#IQMaps_Points">
		<SimpleData name="Category">Point</SimpleData>
		<SimpleData name="Channel">7</SimpleData>
		<SimpleData name="CrossDist">675.504247</SimpleData>
		<SimpleData name="IdNumber">5</SimpleData>
		<SimpleData name="Parent">Feature 0061</SimpleData>
		<SimpleData name="Survey">Survey_2025-04-23_19-07-30</SimpleData>
		<SimpleData name="Swath">1</SimpleData>
	</SchemaData></ExtendedData>
      <Point><coordinates>-86.9837448745325,40.4815381153825,-1.1625</coordinates></Point>
  </Placemark>
  <Placemark>
	<ExtendedData><SchemaData schemaUrl="#IQMaps_Points">
		<SimpleData name="Category">Point</SimpleData>
		<SimpleData name="Channel">3</SimpleData>
		<SimpleData name="CrossDist">1006.929203</SimpleData>
		<SimpleData name="IdNumber">6</SimpleData>
		<SimpleData name="Parent">Feature 0061</SimpleData>
		<SimpleData name="Survey">Survey_2025-04-23_19-07-30</SimpleData>
		<SimpleData name="Swath">3</SimpleData>
	</SchemaData></ExtendedData>
      <Point><coordinates>-86.9847511529336,40.4815367167394,-0.9375</coordinates></Point>
  </Placemark>
  <Placemark>
	<ExtendedData><SchemaData schemaUrl="#IQMaps_Points">
		<SimpleData name="Category">Point</SimpleData>
		<SimpleData name="Channel">6</SimpleData>
		<SimpleData name="CrossDist">7103.669411</SimpleData>
		<SimpleData name="IdNumber">7</SimpleData>
		<SimpleData name="Parent">Feature 0061</SimpleData>
		<SimpleData name="Survey">Survey_2025-04-23_19-07-30</SimpleData>
		<SimpleData name="Swath">3</SimpleData>
	</SchemaData></ExtendedData>
      <Point><coordinates>-86.9855071803998,40.4815282464289,-1.06875</coordinates></Point>
  </Placemark>
  <Placemark>
	<ExtendedData><SchemaData schemaUrl="#IQMaps_Points">
		<SimpleData name="Category">Point</SimpleData>
		<SimpleData name="Channel">4</SimpleData>
		<SimpleData name="CrossDist">70.666555</SimpleData>
		<SimpleData name="IdNumber">1</SimpleData>
		<SimpleData name="Parent">Feature 0062</SimpleData>
		<SimpleData name="Survey">Survey_2025-04-18_16-18-21</SimpleData>
		<SimpleData name="Swath">4</SimpleData>
	</SchemaData></ExtendedData>
      <Point><coordinates>-86.985643479479,40.4846580461657,-0.775</coordinates></Point>
  </Placemark>
  <Placemark>
	<ExtendedData><SchemaData schemaUrl="#IQMaps_Points">
		<SimpleData name="Category">Point</SimpleData>
		<SimpleData name="Channel">7</SimpleData>
		<SimpleData name="CrossDist">213.660546</SimpleData>
		<SimpleData name="IdNumber">2</SimpleData>
		<SimpleData name="Parent">Feature 0062</SimpleData>
		<SimpleData name="Survey">Survey_2025-04-18_16-18-21</SimpleData>
		<SimpleData name="Swath">5</SimpleData>
	</SchemaData></ExtendedData>
      <Point><coordinates>-86.9856386184433,40.4845661722984,-1.09375</coordinates></Point>
  </Placemark>
  <Placemark>
	<ExtendedData><SchemaData schemaUrl="#IQMaps_Points">
		<SimpleData name="Category">Point</SimpleData>
		<SimpleData name="Channel">6</SimpleData>
		<SimpleData name="CrossDist">370.772030</SimpleData>
		<SimpleData name="IdNumber">3</SimpleData>
		<SimpleData name="Parent">Feature 0062</SimpleData>
		<SimpleData name="Survey">Survey_2025-04-18_16-18-21</SimpleData>
		<SimpleData name="Swath">5</SimpleData>
	</SchemaData></ExtendedData>
      <Point><coordinates>-86.9856446129933,40.4844687241,-1.05625</coordinates></Point>
  </Placemark>
  <Placemark>
	<ExtendedData><SchemaData schemaUrl="#IQMaps_Points">
		<SimpleData name="Category">Point</SimpleData>
		<SimpleData name="Channel">2</SimpleData>
		<SimpleData name="CrossDist">65.248917</SimpleData>
		<SimpleData name="IdNumber">4</SimpleData>
		<SimpleData name="Parent">Feature 0062</SimpleData>
		<SimpleData name="Survey">Survey_2025-04-23_19-07-30</SimpleData>
		<SimpleData name="Swath">6</SimpleData>
	</SchemaData></ExtendedData>
      <Point><coordinates>-86.9856570945623,40.484304505629,-1.1</coordinates></Point>
  </Placemark>
  <Placemark>
	<ExtendedData><SchemaData schemaUrl="#IQMaps_Points">
		<SimpleData name="Category">Point</SimpleData>
		<SimpleData name="Channel">10</SimpleData>
		<SimpleData name="CrossDist">112.188593</SimpleData>
		<SimpleData name="IdNumber">1</SimpleData>
		<SimpleData name="Parent">Feature 0064</SimpleData>
		<SimpleData name="Survey">Survey_2025-04-18_16-18-21</SimpleData>
		<SimpleData name="Swath">4</SimpleData>
	</SchemaData></ExtendedData>
      <Point><coordinates>-86.9851540516208,40.4846636878744,-0.63125</coordinates></Point>
  </Placemark>
  <Placemark>
	<ExtendedData><SchemaData schemaUrl="#IQMaps_Points">
		<SimpleData name="Category">Point</SimpleData>
		<SimpleData name="Channel">11</SimpleData>
		<SimpleData name="CrossDist">172.573500</SimpleData>
		<SimpleData name="IdNumber">2</SimpleData>
		<SimpleData name="Parent">Feature 0064</SimpleData>
		<SimpleData name="Survey">Survey_2025-04-18_16-18-21</SimpleData>
		<SimpleData name="Swath">5</SimpleData>
	</SchemaData></ExtendedData>
      <Point><coordinates>-86.9851654075288,40.4845690070681,-0.63125</coordinates></Point>
  </Placemark>
  <Placemark>
	<ExtendedData><SchemaData schemaUrl="#IQMaps_Points">
		<SimpleData name="Category">Point</SimpleData>
		<SimpleData name="Channel">16</SimpleData>
		<SimpleData name="CrossDist">410.791366</SimpleData>
		<SimpleData name="IdNumber">3</SimpleData>
		<SimpleData name="Parent">Feature 0064</SimpleData>
		<SimpleData name="Survey">Survey_2025-04-18_16-18-21</SimpleData>
		<SimpleData name="Swath">5</SimpleData>
	</SchemaData></ExtendedData>
      <Point><coordinates>-86.9851720826673,40.4844649646544,-0.6875</coordinates></Point>
  </Placemark>
  <Placemark>
	<ExtendedData><SchemaData schemaUrl="#IQMaps_Points">
		<SimpleData name="Category">Point</SimpleData>
		<SimpleData name="Channel">15</SimpleData>
		<SimpleData name="CrossDist">106.652321</SimpleData>
		<SimpleData name="IdNumber">4</SimpleData>
		<SimpleData name="Parent">Feature 0064</SimpleData>
		<SimpleData name="Survey">Survey_2025-04-23_19-07-30</SimpleData>
		<SimpleData name="Swath">6</SimpleData>
	</SchemaData></ExtendedData>
      <Point><coordinates>-86.9851703996624,40.4843023403999,-0.73125</coordinates></Point>
  </Placemark>
  <Placemark>
	<ExtendedData><SchemaData schemaUrl="#IQMaps_Points">
		<SimpleData name="Category">Point</SimpleData>
		<SimpleData name="Channel">14</SimpleData>
		<SimpleData name="CrossDist">1497.363793</SimpleData>
		<SimpleData name="IdNumber">5</SimpleData>
		<SimpleData name="Parent">Feature 0064</SimpleData>
		<SimpleData name="Survey">Survey_2025-04-23_19-07-30</SimpleData>
		<SimpleData name="Swath">6</SimpleData>
	</SchemaData></ExtendedData>
      <Point><coordinates>-86.9851644592206,40.484208687869,-0.86875</coordinates></Point>
  </Placemark>
  <Placemark>
	<ExtendedData><SchemaData schemaUrl="#IQMaps_Points">
		<SimpleData name="Category">Point</SimpleData>
		<SimpleData name="Channel">10</SimpleData>
		<SimpleData name="CrossDist">1738.191615</SimpleData>
		<SimpleData name="IdNumber">6</SimpleData>
		<SimpleData name="Parent">Feature 0064</SimpleData>
		<SimpleData name="Survey">Survey_2025-04-23_19-07-30</SimpleData>
		<SimpleData name="Swath">6</SimpleData>
	</SchemaData></ExtendedData>
      <Point><coordinates>-86.9851578791251,40.4841120212052,-0.9625</coordinates></Point>
  </Placemark>
  <Placemark>
	<ExtendedData><SchemaData schemaUrl="#IQMaps_Points">
		<SimpleData name="Category">Point</SimpleData>
		<SimpleData name="Channel">14</SimpleData>
		<SimpleData name="CrossDist">3123.564539</SimpleData>
		<SimpleData name="IdNumber">7</SimpleData>
		<SimpleData name="Parent">Feature 0064</SimpleData>
		<SimpleData name="Survey">Survey_2025-04-23_19-07-30</SimpleData>
		<SimpleData name="Swath">6</SimpleData>
	</SchemaData></ExtendedData>
      <Point><coordinates>-86.9851520578539,40.484017021208,-0.93125</coordinates></Point>
  </Placemark>
  <Placemark>
	<ExtendedData><SchemaData schemaUrl="#IQMaps_Points">
		<SimpleData name="Category">Point</SimpleData>
		<SimpleData name="Channel">14</SimpleData>
		<SimpleData name="CrossDist">3369.256371</SimpleData>
		<SimpleData name="IdNumber">8</SimpleData>
		<SimpleData name="Parent">Feature 0064</SimpleData>
		<SimpleData name="Survey">Survey_2025-04-23_19-07-30</SimpleData>
		<SimpleData name="Swath">6</SimpleData>
	</SchemaData></ExtendedData>
      <Point><coordinates>-86.9851245243122,40.4839163121223,-1.00625</coordinates></Point>
  </Placemark>
  <Placemark>
	<ExtendedData><SchemaData schemaUrl="#IQMaps_Points">
		<SimpleData name="Category">Point</SimpleData>
		<SimpleData name="Channel">10</SimpleData>
		<SimpleData name="CrossDist">5000.518852</SimpleData>
		<SimpleData name="IdNumber">9</SimpleData>
		<SimpleData name="Parent">Feature 0064</SimpleData>
		<SimpleData name="Survey">Survey_2025-04-23_19-07-30</SimpleData>
		<SimpleData name="Swath">6</SimpleData>
	</SchemaData></ExtendedData>
      <Point><coordinates>-86.9850715271134,40.4837286878834,-1.08125</coordinates></Point>
  </Placemark>
  <Placemark>
	<ExtendedData><SchemaData schemaUrl="#IQMaps_Points">
		<SimpleData name="Category">Point</SimpleData>
		<SimpleData name="Channel">11</SimpleData>
		<SimpleData name="CrossDist">6366.712548</SimpleData>
		<SimpleData name="IdNumber">10</SimpleData>
		<SimpleData name="Parent">Feature 0064</SimpleData>
		<SimpleData name="Survey">Survey_2025-04-23_19-07-30</SimpleData>
		<SimpleData name="Swath">6</SimpleData>
	</SchemaData></ExtendedData>
      <Point><coordinates>-86.9850228247385,40.4836323404066,-1.125</coordinates></Point>
  </Placemark>
  <Placemark>
	<ExtendedData><SchemaData schemaUrl="#IQMaps_Points">
		<SimpleData name="Category">Point</SimpleData>
		<SimpleData name="Channel">15</SimpleData>
		<SimpleData name="CrossDist">1525.045152</SimpleData>
		<SimpleData name="IdNumber">11</SimpleData>
		<SimpleData name="Parent">Feature 0064</SimpleData>
		<SimpleData name="Survey">Survey_2025-04-24_08-01-42</SimpleData>
		<SimpleData name="Swath">0</SimpleData>
	</SchemaData></ExtendedData>
      <Point><coordinates>-86.9849570580783,40.483439326266,-1.05</coordinates></Point>
  </Placemark>
  <Placemark>
	<ExtendedData><SchemaData schemaUrl="#IQMaps_Points">
		<SimpleData name="Category">Point</SimpleData>
		<SimpleData name="Channel">11</SimpleData>
		<SimpleData name="CrossDist">1806.564572</SimpleData>
		<SimpleData name="IdNumber">12</SimpleData>
		<SimpleData name="Parent">Feature 0064</SimpleData>
		<SimpleData name="Survey">Survey_2025-04-24_08-01-42</SimpleData>
		<SimpleData name="Swath">0</SimpleData>
	</SchemaData></ExtendedData>
      <Point><coordinates>-86.9849124269763,40.4833426595983,-1.1875</coordinates></Point>
  </Placemark>
  <Placemark>
	<ExtendedData><SchemaData schemaUrl="#IQMaps_Points">
		<SimpleData name="Category">Point</SimpleData>
		<SimpleData name="Channel">3</SimpleData>
		<SimpleData name="CrossDist">6166.062241</SimpleData>
		<SimpleData name="IdNumber">1</SimpleData>
		<SimpleData name="Parent">Feature 0065</SimpleData>
		<SimpleData name="Survey">Survey_2025-04-23_19-07-30</SimpleData>
		<SimpleData name="Swath">6</SimpleData>
	</SchemaData></ExtendedData>
      <Point><coordinates>-86.9826810395608,40.4836303907691,-0.88125</coordinates></Point>
  </Placemark>
  <Placemark>
	<ExtendedData><SchemaData schemaUrl="#IQMaps_Points">
		<SimpleData name="Category">Point</SimpleData>
		<SimpleData name="Channel">6</SimpleData>
		<SimpleData name="CrossDist">5204.451377</SimpleData>
		<SimpleData name="IdNumber">2</SimpleData>
		<SimpleData name="Parent">Feature 0065</SimpleData>
		<SimpleData name="Survey">Survey_2025-04-23_19-07-30</SimpleData>
		<SimpleData name="Swath">6</SimpleData>
	</SchemaData></ExtendedData>
      <Point><coordinates>-86.9826864570624,40.4837253907686,-0.88125</coordinates></Point>
  </Placemark>
  <Placemark>
	<ExtendedData><SchemaData schemaUrl="#IQMaps_Points">
		<SimpleData name="Category">Point</SimpleData>
		<SimpleData name="Channel">6</SimpleData>
		<SimpleData name="CrossDist">4540.098763</SimpleData>
		<SimpleData name="IdNumber">3</SimpleData>
		<SimpleData name="Parent">Feature 0065</SimpleData>
		<SimpleData name="Survey">Survey_2025-04-23_19-07-30</SimpleData>
		<SimpleData name="Swath">6</SimpleData>
	</SchemaData></ExtendedData>
      <Point><coordinates>-86.9826909695562,40.4838212758986,-0.88125</coordinates></Point>
  </Placemark>
  <Placemark>
	<ExtendedData><SchemaData schemaUrl="#IQMaps_Points">
		<SimpleData name="Category">Point</SimpleData>
		<SimpleData name="Channel">3</SimpleData>
		<SimpleData name="CrossDist">2913.700293</SimpleData>
		<SimpleData name="IdNumber">4</SimpleData>
		<SimpleData name="Parent">Feature 0065</SimpleData>
		<SimpleData name="Survey">Survey_2025-04-23_19-07-30</SimpleData>
		<SimpleData name="Swath">6</SimpleData>
	</SchemaData></ExtendedData>
      <Point><coordinates>-86.9826969724062,40.4840137241002,-0.88125</coordinates></Point>
  </Placemark>
  <Placemark>
	<ExtendedData><SchemaData schemaUrl="#IQMaps_Points">
		<SimpleData name="Category">Point</SimpleData>
		<SimpleData name="Channel">7</SimpleData>
		<SimpleData name="CrossDist">1948.569943</SimpleData>
		<SimpleData name="IdNumber">5</SimpleData>
		<SimpleData name="Parent">Feature 0065</SimpleData>
		<SimpleData name="Survey">Survey_2025-04-23_19-07-30</SimpleData>
		<SimpleData name="Swath">6</SimpleData>
	</SchemaData></ExtendedData>
      <Point><coordinates>-86.9827000533203,40.484108827701,-0.88125</coordinates></Point>
  </Placemark>
  <Placemark>
	<ExtendedData><SchemaData schemaUrl="#IQMaps_Points">
		<SimpleData name="Category">Point</SimpleData>
		<SimpleData name="Channel">2</SimpleData>
		<SimpleData name="CrossDist">317.465642</SimpleData>
		<SimpleData name="IdNumber">6</SimpleData>
		<SimpleData name="Parent">Feature 0065</SimpleData>
		<SimpleData name="Survey">Survey_2025-04-23_19-07-30</SimpleData>
		<SimpleData name="Swath">6</SimpleData>
	</SchemaData></ExtendedData>
      <Point><coordinates>-86.9827099504059,40.4843028389623,-0.88125</coordinates></Point>
  </Placemark>
  <Placemark>
	<ExtendedData><SchemaData schemaUrl="#IQMaps_Points">
		<SimpleData name="Category">Point</SimpleData>
		<SimpleData name="Channel">4</SimpleData>
		<SimpleData name="CrossDist">617.333848</SimpleData>
		<SimpleData name="IdNumber">7</SimpleData>
		<SimpleData name="Parent">Feature 0065</SimpleData>
		<SimpleData name="Survey">Survey_2025-04-18_16-18-21</SimpleData>
		<SimpleData name="Swath">5</SimpleData>
	</SchemaData></ExtendedData>
      <Point><coordinates>-86.9827550327157,40.4844674636031,-0.83125</coordinates></Point>
  </Placemark>
  <Placemark>
	<ExtendedData><SchemaData schemaUrl="#IQMaps_Points">
		<SimpleData name="Category">Point</SimpleData>
		<SimpleData name="Channel">9</SimpleData>
		<SimpleData name="CrossDist">1395.456847</SimpleData>
		<SimpleData name="IdNumber">1</SimpleData>
		<SimpleData name="Parent">Feature 0067</SimpleData>
		<SimpleData name="Survey">Survey_2025-04-18_16-18-21</SimpleData>
		<SimpleData name="Swath">16</SimpleData>
	</SchemaData></ExtendedData>
      <Point><coordinates>-86.9823372950614,40.4845658642225,-0.84375</coordinates></Point>
  </Placemark>
  <Placemark>
	<ExtendedData><SchemaData schemaUrl="#IQMaps_Points">
		<SimpleData name="Category">Point</SimpleData>
		<SimpleData name="Channel">2</SimpleData>
		<SimpleData name="CrossDist">664.589882</SimpleData>
		<SimpleData name="IdNumber">2</SimpleData>
		<SimpleData name="Parent">Feature 0067</SimpleData>
		<SimpleData name="Survey">Survey_2025-04-18_16-18-21</SimpleData>
		<SimpleData name="Swath">5</SimpleData>
	</SchemaData></ExtendedData>
      <Point><coordinates>-86.9822034111822,40.4844711723001,-0.84375</coordinates></Point>
  </Placemark>
  <Placemark>
	<ExtendedData><SchemaData schemaUrl="#IQMaps_Points">
		<SimpleData name="Category">Point</SimpleData>
		<SimpleData name="Channel">8</SimpleData>
		<SimpleData name="CrossDist">3665.684180</SimpleData>
		<SimpleData name="IdNumber">3</SimpleData>
		<SimpleData name="Parent">Feature 0067</SimpleData>
		<SimpleData name="Survey">Survey_2025-04-18_16-18-21</SimpleData>
		<SimpleData name="Swath">15</SimpleData>
	</SchemaData></ExtendedData>
      <Point><coordinates>-86.9820780705336,40.4843942887354,-0.81875</coordinates></Point>
  </Placemark>
  <Placemark>
	<ExtendedData><SchemaData schemaUrl="#IQMaps_Points">
		<SimpleData name="Category">Point</SimpleData>
		<SimpleData name="Channel">2</SimpleData>
		<SimpleData name="CrossDist">1277.257445</SimpleData>
		<SimpleData name="IdNumber">4</SimpleData>
		<SimpleData name="Parent">Feature 0067</SimpleData>
		<SimpleData name="Survey">Survey_2025-04-18_16-18-21</SimpleData>
		<SimpleData name="Swath">15</SimpleData>
	</SchemaData></ExtendedData>
      <Point><coordinates>-86.9819551254669,40.4843218328047,-0.6875</coordinates></Point>
  </Placemark>
  <Placemark>
	<ExtendedData><SchemaData schemaUrl="#IQMaps_Points">
		<SimpleData name="Category">Point</SimpleData>
		<SimpleData name="Channel">6</SimpleData>
		<SimpleData name="CrossDist">1180.530868</SimpleData>
		<SimpleData name="IdNumber">5</SimpleData>
		<SimpleData name="Parent">Feature 0067</SimpleData>
		<SimpleData name="Survey">Survey_2025-04-18_16-18-21</SimpleData>
		<SimpleData name="Swath">15</SimpleData>
	</SchemaData></ExtendedData>
      <Point><coordinates>-86.9818305137333,40.4842457286299,-0.89375</coordinates></Point>
  </Placemark>
  <Placemark>
	<ExtendedData><SchemaData schemaUrl="#IQMaps_Points">
		<SimpleData name="Category">Point</SimpleData>
		<SimpleData name="Channel">4</SimpleData>
		<SimpleData name="CrossDist">1837.923597</SimpleData>
		<SimpleData name="IdNumber">6</SimpleData>
		<SimpleData name="Parent">Feature 0067</SimpleData>
		<SimpleData name="Survey">Survey_2025-04-18_16-18-21</SimpleData>
		<SimpleData name="Swath">14</SimpleData>
	</SchemaData></ExtendedData>
      <Point><coordinates>-86.9814525686597,40.4842202642646,-0.65</coordinates></Point>
  </Placemark>
  <Placemark>
	<ExtendedData><SchemaData schemaUrl="#IQMaps_Points">
		<SimpleData name="Category">Point</SimpleData>
		<SimpleData name="Channel">6</SimpleData>
		<SimpleData name="CrossDist">1727.593609</SimpleData>
		<SimpleData name="IdNumber">7</SimpleData>
		<SimpleData name="Parent">Feature 0067</SimpleData>
		<SimpleData name="Survey">Survey_2025-04-18_16-18-21</SimpleData>
		<SimpleData name="Swath">14</SimpleData>
	</SchemaData></ExtendedData>
      <Point><coordinates>-86.9813271803986,40.4842177907962,-0.65</coordinates></Point>
  </Placemark>
  <Placemark>
	<ExtendedData><SchemaData schemaUrl="#IQMaps_Points">
		<SimpleData name="Category">Point</SimpleData>
		<SimpleData name="Channel">6</SimpleData>
		<SimpleData name="CrossDist">1827.641949</SimpleData>
		<SimpleData name="IdNumber">1</SimpleData>
		<SimpleData name="Parent">Feature 0068</SimpleData>
		<SimpleData name="Survey">Survey_2025-04-18_16-18-21</SimpleData>
		<SimpleData name="Swath">14</SimpleData>
	</SchemaData></ExtendedData>
      <Point><coordinates>-86.981449486268,40.484312366049,-0.90625</coordinates></Point>
  </Placemark>
  <Placemark>
	<ExtendedData><SchemaData schemaUrl="#IQMaps_Points">
		<SimpleData name="Category">Point</SimpleData>
		<SimpleData name="Channel">6</SimpleData>
		<SimpleData name="CrossDist">1737.954346</SimpleData>
		<SimpleData name="IdNumber">2</SimpleData>
		<SimpleData name="Parent">Feature 0068</SimpleData>
		<SimpleData name="Survey">Survey_2025-04-18_16-18-21</SimpleData>
		<SimpleData name="Swath">14</SimpleData>
	</SchemaData></ExtendedData>
      <Point><coordinates>-86.9813255137318,40.4843114349209,-0.84375</coordinates></Point>
  </Placemark>
  <Placemark>
	<ExtendedData><SchemaData schemaUrl="#IQMaps_Points">
		<SimpleData name="Category">Point</SimpleData>
		<SimpleData name="Channel">7</SimpleData>
		<SimpleData name="CrossDist">6847.814566</SimpleData>
		<SimpleData name="IdNumber">3</SimpleData>
		<SimpleData name="Parent">Feature 0068</SimpleData>
		<SimpleData name="Survey">Survey_2025-04-18_16-18-21</SimpleData>
		<SimpleData name="Swath">13</SimpleData>
	</SchemaData></ExtendedData>
      <Point><coordinates>-86.9811985600324,40.4843095162611,-0.84375</coordinates></Point>
  </Placemark>
  <Placemark>
	<ExtendedData><SchemaData schemaUrl="#IQMaps_Points">
		<SimpleData name="Category">Point</SimpleData>
		<SimpleData name="Channel">4</SimpleData>
		<SimpleData name="CrossDist">6758.364232</SimpleData>
		<SimpleData name="IdNumber">4</SimpleData>
		<SimpleData name="Parent">Feature 0068</SimpleData>
		<SimpleData name="Survey">Survey_2025-04-18_16-18-21</SimpleData>
		<SimpleData name="Swath">13</SimpleData>
	</SchemaData></ExtendedData>
      <Point><coordinates>-86.9810690980091,40.4843130632163,-0.84375</coordinates></Point>
  </Placemark>
  <Placemark>
	<ExtendedData><SchemaData schemaUrl="#IQMaps_Points">
		<SimpleData name="Category">Point</SimpleData>
		<SimpleData name="Channel">7</SimpleData>
		<SimpleData name="CrossDist">4277.758571</SimpleData>
		<SimpleData name="IdNumber">5</SimpleData>
		<SimpleData name="Parent">Feature 0068</SimpleData>
		<SimpleData name="Survey">Survey_2025-04-18_16-18-21</SimpleData>
		<SimpleData name="Swath">13</SimpleData>
	</SchemaData></ExtendedData>
      <Point><coordinates>-86.9809467632381,40.4843105368935,-0.84375</coordinates></Point>
  </Placemark>
  <Placemark>
	<ExtendedData><SchemaData schemaUrl="#IQMaps_Points">
		<SimpleData name="Category">Point</SimpleData>
		<SimpleData name="Channel">7</SimpleData>
		<SimpleData name="CrossDist">4187.794154</SimpleData>
		<SimpleData name="IdNumber">6</SimpleData>
		<SimpleData name="Parent">Feature 0068</SimpleData>
		<SimpleData name="Survey">Survey_2025-04-18_16-18-21</SimpleData>
		<SimpleData name="Swath">13</SimpleData>
	</SchemaData></ExtendedData>
      <Point><coordinates>-86.9808184588057,40.484311630783,-0.84375</coordinates></Point>
  </Placemark>
  <Placemark>
	<ExtendedData><SchemaData schemaUrl="#IQMaps_Points">
		<SimpleData name="Category">Point</SimpleData>
		<SimpleData name="Channel">9</SimpleData>
		<SimpleData name="CrossDist">140.977206</SimpleData>
		<SimpleData name="IdNumber">7</SimpleData>
		<SimpleData name="Parent">Feature 0068</SimpleData>
		<SimpleData name="Survey">Survey_2025-04-18_16-18-21</SimpleData>
		<SimpleData name="Swath">10</SimpleData>
	</SchemaData></ExtendedData>
      <Point><coordinates>-86.9805692354206,40.484310778544,-0.84375</coordinates></Point>
  </Placemark>
  <Placemark>
	<ExtendedData><SchemaData schemaUrl="#IQMaps_Points">
		<SimpleData name="Category">Point</SimpleData>
		<SimpleData name="Channel">3</SimpleData>
		<SimpleData name="CrossDist">3404.530332</SimpleData>
		<SimpleData name="IdNumber">8</SimpleData>
		<SimpleData name="Parent">Feature 0068</SimpleData>
		<SimpleData name="Survey">Survey_2025-04-18_16-18-21</SimpleData>
		<SimpleData name="Swath">9</SimpleData>
	</SchemaData></ExtendedData>
      <Point><coordinates>-86.9800644862494,40.4843054935367,-0.84375</coordinates></Point>
  </Placemark>
  <Placemark>
	<ExtendedData><SchemaData schemaUrl="#IQMaps_Points">
		<SimpleData name="Category">Point</SimpleData>
		<SimpleData name="Channel">9</SimpleData>
		<SimpleData name="CrossDist">661.109940</SimpleData>
		<SimpleData name="IdNumber">1</SimpleData>
		<SimpleData name="Parent">Feature 0069</SimpleData>
		<SimpleData name="Survey">Survey_2025-04-18_16-18-21</SimpleData>
		<SimpleData name="Swath">9</SimpleData>
	</SchemaData></ExtendedData>
      <Point><coordinates>-86.9796857645806,40.4845043063938,-0.95</coordinates></Point>
  </Placemark>
  <Placemark>
	<ExtendedData><SchemaData schemaUrl="#IQMaps_Points">
		<SimpleData name="Category">Point</SimpleData>
		<SimpleData name="Channel">3</SimpleData>
		<SimpleData name="CrossDist">2003.616302</SimpleData>
		<SimpleData name="IdNumber">2</SimpleData>
		<SimpleData name="Parent">Feature 0069</SimpleData>
		<SimpleData name="Survey">Survey_2025-04-18_16-18-21</SimpleData>
		<SimpleData name="Swath">9</SimpleData>
	</SchemaData></ExtendedData>
      <Point><coordinates>-86.9798111215371,40.4844313954758,-0.98125</coordinates></Point>
  </Placemark>
  <Placemark>
	<ExtendedData><SchemaData schemaUrl="#IQMaps_Points">
		<SimpleData name="Category">Point</SimpleData>
		<SimpleData name="Channel">7</SimpleData>
		<SimpleData name="CrossDist">2075.943739</SimpleData>
		<SimpleData name="IdNumber">3</SimpleData>
		<SimpleData name="Parent">Feature 0069</SimpleData>
		<SimpleData name="Survey">Survey_2025-04-18_16-18-21</SimpleData>
		<SimpleData name="Swath">9</SimpleData>
	</SchemaData></ExtendedData>
      <Point><coordinates>-86.9799415412515,40.4843499680613,-1.075</coordinates></Point>
  </Placemark>
  <Placemark>
	<ExtendedData><SchemaData schemaUrl="#IQMaps_Points">
		<SimpleData name="Category">Point</SimpleData>
		<SimpleData name="Channel">2</SimpleData>
		<SimpleData name="CrossDist">3406.191213</SimpleData>
		<SimpleData name="IdNumber">4</SimpleData>
		<SimpleData name="Parent">Feature 0069</SimpleData>
		<SimpleData name="Survey">Survey_2025-04-18_16-18-21</SimpleData>
		<SimpleData name="Swath">9</SimpleData>
	</SchemaData></ExtendedData>
      <Point><coordinates>-86.9800665412514,40.484320325338,-0.95</coordinates></Point>
  </Placemark>
  <Placemark>
	<ExtendedData><SchemaData schemaUrl="#IQMaps_Points">
		<SimpleData name="Category">Point</SimpleData>
		<SimpleData name="Channel">3</SimpleData>
		<SimpleData name="CrossDist">3493.703852</SimpleData>
		<SimpleData name="IdNumber">5</SimpleData>
		<SimpleData name="Parent">Feature 0069</SimpleData>
		<SimpleData name="Survey">Survey_2025-04-18_16-18-21</SimpleData>
		<SimpleData name="Swath">9</SimpleData>
	</SchemaData></ExtendedData>
      <Point><coordinates>-86.9801905137505,40.4843225033697,-0.89375</coordinates></Point>
  </Placemark>
  <Placemark>
	<ExtendedData><SchemaData schemaUrl="#IQMaps_Points">
		<SimpleData name="Category">Point</SimpleData>
		<SimpleData name="Channel">7</SimpleData>
		<SimpleData name="CrossDist">4850.367252</SimpleData>
		<SimpleData name="IdNumber">6</SimpleData>
		<SimpleData name="Parent">Feature 0069</SimpleData>
		<SimpleData name="Survey">Survey_2025-04-18_16-18-21</SimpleData>
		<SimpleData name="Swath">9</SimpleData>
	</SchemaData></ExtendedData>
      <Point><coordinates>-86.9803151254152,40.4843234909633,-0.89375</coordinates></Point>
  </Placemark>
  <Placemark>
	<ExtendedData><SchemaData schemaUrl="#IQMaps_Points">
		<SimpleData name="Category">Point</SimpleData>
		<SimpleData name="Channel">6</SimpleData>
		<SimpleData name="CrossDist">4936.812181</SimpleData>
		<SimpleData name="IdNumber">7</SimpleData>
		<SimpleData name="Parent">Feature 0069</SimpleData>
		<SimpleData name="Survey">Survey_2025-04-18_16-18-21</SimpleData>
		<SimpleData name="Swath">9</SimpleData>
	</SchemaData></ExtendedData>
      <Point><coordinates>-86.9804411529162,40.4843260914258,-0.8625</coordinates></Point>
  </Placemark>
  <Placemark>
	<ExtendedData><SchemaData schemaUrl="#IQMaps_Points">
		<SimpleData name="Category">Point</SimpleData>
		<SimpleData name="Channel">2</SimpleData>
		<SimpleData name="CrossDist">142.440364</SimpleData>
		<SimpleData name="IdNumber">8</SimpleData>
		<SimpleData name="Parent">Feature 0069</SimpleData>
		<SimpleData name="Survey">Survey_2025-04-18_16-18-21</SimpleData>
		<SimpleData name="Swath">10</SimpleData>
	</SchemaData></ExtendedData>
      <Point><coordinates>-86.9805682079188,40.4843237424213,-0.8625</coordinates></Point>
  </Placemark>
  <Placemark>
	<ExtendedData><SchemaData schemaUrl="#IQMaps_Points">
		<SimpleData name="Category">Point</SimpleData>
		<SimpleData name="Channel">2</SimpleData>
		<SimpleData name="CrossDist">4189.573670</SimpleData>
		<SimpleData name="IdNumber">9</SimpleData>
		<SimpleData name="Parent">Feature 0069</SimpleData>
		<SimpleData name="Survey">Survey_2025-04-18_16-18-21</SimpleData>
		<SimpleData name="Swath">13</SimpleData>
	</SchemaData></ExtendedData>
      <Point><coordinates>-86.980821554267,40.4843277487318,-0.84375</coordinates></Point>
  </Placemark>
  <Placemark>
	<ExtendedData><SchemaData schemaUrl="#IQMaps_Points">
		<SimpleData name="Category">Point</SimpleData>
		<SimpleData name="Channel">11</SimpleData>
		<SimpleData name="CrossDist">430.366041</SimpleData>
		<SimpleData name="IdNumber">1</SimpleData>
		<SimpleData name="Parent">Feature 0070</SimpleData>
		<SimpleData name="Survey">Survey_2025-04-23_19-07-30</SimpleData>
		<SimpleData name="Swath">6</SimpleData>
	</SchemaData></ExtendedData>
      <Point><coordinates>-86.9813900253447,40.4843015365208,-0.75</coordinates></Point>
  </Placemark>
  <Placemark>
	<ExtendedData><SchemaData schemaUrl="#IQMaps_Points">
		<SimpleData name="Category">Point</SimpleData>
		<SimpleData name="Channel">10</SimpleData>
		<SimpleData name="CrossDist">741.069523</SimpleData>
		<SimpleData name="IdNumber">2</SimpleData>
		<SimpleData name="Parent">Feature 0070</SimpleData>
		<SimpleData name="Survey">Survey_2025-04-18_16-18-21</SimpleData>
		<SimpleData name="Swath">5</SimpleData>
	</SchemaData></ExtendedData>
      <Point><coordinates>-86.9813095271117,40.4844720212071,-0.75</coordinates></Point>
  </Placemark>
  <Placemark>
	<ExtendedData><SchemaData schemaUrl="#IQMaps_Points">
		<SimpleData name="Category">Point</SimpleData>
		<SimpleData name="Channel">14</SimpleData>
		<SimpleData name="CrossDist">1167.481084</SimpleData>
		<SimpleData name="IdNumber">3</SimpleData>
		<SimpleData name="Parent">Feature 0070</SimpleData>
		<SimpleData name="Survey">Survey_2025-04-18_16-18-21</SimpleData>
		<SimpleData name="Swath">4</SimpleData>
	</SchemaData></ExtendedData>
      <Point><coordinates>-86.9812704663531,40.4845670212107,-0.775</coordinates></Point>
  </Placemark>
  <Placemark>
	<ExtendedData><SchemaData schemaUrl="#IQMaps_Points">
		<SimpleData name="Category">Point</SimpleData>
		<SimpleData name="Channel">3</SimpleData>
		<SimpleData name="CrossDist">8507.984293</SimpleData>
		<SimpleData name="IdNumber">1</SimpleData>
		<SimpleData name="Parent">Feature 0067</SimpleData>
		<SimpleData name="Survey">Survey_2025-04-24_12-56-20</SimpleData>
		<SimpleData name="Swath">6</SimpleData>
	</SchemaData></ExtendedData>
      <Point><coordinates>-86.9820009457479,40.4738370574377,-0.975</coordinates></Point>
  </Placemark>
  <Placemark>
	<ExtendedData><SchemaData schemaUrl="#IQMaps_Points">
		<SimpleData name="Category">Point</SimpleData>
		<SimpleData name="Channel">3</SimpleData>
		<SimpleData name="CrossDist">8239.040119</SimpleData>
		<SimpleData name="IdNumber">2</SimpleData>
		<SimpleData name="Parent">Feature 0067</SimpleData>
		<SimpleData name="Survey">Survey_2025-04-24_12-56-20</SimpleData>
		<SimpleData name="Swath">6</SimpleData>
	</SchemaData></ExtendedData>
      <Point><coordinates>-86.9820035885644,40.4739329425628,-0.9875</coordinates></Point>
  </Placemark>
  <Placemark>
	<ExtendedData><SchemaData schemaUrl="#IQMaps_Points">
		<SimpleData name="Category">Point</SimpleData>
		<SimpleData name="Channel">7</SimpleData>
		<SimpleData name="CrossDist">7719.896005</SimpleData>
		<SimpleData name="IdNumber">3</SimpleData>
		<SimpleData name="Parent">Feature 0067</SimpleData>
		<SimpleData name="Survey">Survey_2025-04-24_12-56-20</SimpleData>
		<SimpleData name="Swath">6</SimpleData>
	</SchemaData></ExtendedData>
      <Point><coordinates>-86.9820027592473,40.4740294054437,-0.925</coordinates></Point>
  </Placemark>
  <Placemark>
	<ExtendedData><SchemaData schemaUrl="#IQMaps_Points">
		<SimpleData name="Category">Point</SimpleData>
		<SimpleData name="Channel">2</SimpleData>
		<SimpleData name="CrossDist">7450.833197</SimpleData>
		<SimpleData name="IdNumber">4</SimpleData>
		<SimpleData name="Parent">Feature 0067</SimpleData>
		<SimpleData name="Survey">Survey_2025-04-24_12-56-20</SimpleData>
		<SimpleData name="Swath">6</SimpleData>
	</SchemaData></ExtendedData>
      <Point><coordinates>-86.9820062567085,40.4741245056415,-0.85</coordinates></Point>
  </Placemark>
  <Placemark>
	<ExtendedData><SchemaData schemaUrl="#IQMaps_Points">
		<SimpleData name="Category">Point</SimpleData>
		<SimpleData name="Channel">6</SimpleData>
		<SimpleData name="CrossDist">6932.242710</SimpleData>
		<SimpleData name="IdNumber">5</SimpleData>
		<SimpleData name="Parent">Feature 0067</SimpleData>
		<SimpleData name="Survey">Survey_2025-04-24_12-56-20</SimpleData>
		<SimpleData name="Swath">6</SimpleData>
	</SchemaData></ExtendedData>
      <Point><coordinates>-86.982006070149,40.4742196092311,-0.74375</coordinates></Point>
  </Placemark>
  <Placemark>
	<ExtendedData><SchemaData schemaUrl="#IQMaps_Points">
		<SimpleData name="Category">Point</SimpleData>
		<SimpleData name="Channel">9</SimpleData>
		<SimpleData name="CrossDist">9409.566153</SimpleData>
		<SimpleData name="IdNumber">1</SimpleData>
		<SimpleData name="Parent">Feature 0068</SimpleData>
		<SimpleData name="Survey">Survey_2025-04-24_12-56-20</SimpleData>
		<SimpleData name="Swath">6</SimpleData>
	</SchemaData></ExtendedData>
      <Point><coordinates>-86.980662796871,40.4734513794668,-0.81875</coordinates></Point>
  </Placemark>
  <Placemark>
	<ExtendedData><SchemaData schemaUrl="#IQMaps_Points">
		<SimpleData name="Category">Point</SimpleData>
		<SimpleData name="Channel">6</SimpleData>
		<SimpleData name="CrossDist">9369.190914</SimpleData>
		<SimpleData name="IdNumber">2</SimpleData>
		<SimpleData name="Parent">Feature 0068</SimpleData>
		<SimpleData name="Survey">Survey_2025-04-24_12-56-20</SimpleData>
		<SimpleData name="Swath">6</SimpleData>
	</SchemaData></ExtendedData>
      <Point><coordinates>-86.9806615617786,40.4735470574394,-0.88125</coordinates></Point>
  </Placemark>
  <Placemark>
	<ExtendedData><SchemaData schemaUrl="#IQMaps_Points">
		<SimpleData name="Category">Point</SimpleData>
		<SimpleData name="Channel">3</SimpleData>
		<SimpleData name="CrossDist">9140.621979</SimpleData>
		<SimpleData name="IdNumber">3</SimpleData>
		<SimpleData name="Parent">Feature 0068</SimpleData>
		<SimpleData name="Survey">Survey_2025-04-24_12-56-20</SimpleData>
		<SimpleData name="Swath">6</SimpleData>
	</SchemaData></ExtendedData>
      <Point><coordinates>-86.9806616598777,40.4737379425616,-0.85625</coordinates></Point>
  </Placemark>
  <Placemark>
	<ExtendedData><SchemaData schemaUrl="#IQMaps_Points">
		<SimpleData name="Category">Point</SimpleData>
		<SimpleData name="Channel">9</SimpleData>
		<SimpleData name="CrossDist">8394.134819</SimpleData>
		<SimpleData name="IdNumber">4</SimpleData>
		<SimpleData name="Parent">Feature 0068</SimpleData>
		<SimpleData name="Survey">Survey_2025-04-24_12-56-20</SimpleData>
		<SimpleData name="Swath">6</SimpleData>
	</SchemaData></ExtendedData>
      <Point><coordinates>-86.9806648992896,40.4738353840963,-0.81875</coordinates></Point>
  </Placemark>
  <Placemark>
	<ExtendedData><SchemaData schemaUrl="#IQMaps_Points">
		<SimpleData name="Category">Point</SimpleData>
		<SimpleData name="Channel">6</SimpleData>
		<SimpleData name="CrossDist">7606.046531</SimpleData>
		<SimpleData name="IdNumber">5</SimpleData>
		<SimpleData name="Parent">Feature 0068</SimpleData>
		<SimpleData name="Survey">Survey_2025-04-24_12-56-20</SimpleData>
		<SimpleData name="Swath">6</SimpleData>
	</SchemaData></ExtendedData>
      <Point><coordinates>-86.9806680643419,40.4740293626781,-0.71875</coordinates></Point>
  </Placemark>
  <Placemark>
	<ExtendedData><SchemaData schemaUrl="#IQMaps_Points">
		<SimpleData name="Category">Point</SimpleData>
		<SimpleData name="Channel">3</SimpleData>
		<SimpleData name="CrossDist">6776.515294</SimpleData>
		<SimpleData name="IdNumber">6</SimpleData>
		<SimpleData name="Parent">Feature 0068</SimpleData>
		<SimpleData name="Survey">Survey_2025-04-24_12-56-20</SimpleData>
		<SimpleData name="Swath">6</SimpleData>
	</SchemaData></ExtendedData>
      <Point><coordinates>-86.9806833482372,40.4743162758984,-0.7375</coordinates></Point>
  </Placemark>
  <Placemark>
	<ExtendedData><SchemaData schemaUrl="#IQMaps_Points">
		<SimpleData name="Category">Point</SimpleData>
		<SimpleData name="Channel">4</SimpleData>
		<SimpleData name="CrossDist">6032.875359</SimpleData>
		<SimpleData name="IdNumber">7</SimpleData>
		<SimpleData name="Parent">Feature 0068</SimpleData>
		<SimpleData name="Survey">Survey_2025-04-24_12-56-20</SimpleData>
		<SimpleData name="Swath">6</SimpleData>
	</SchemaData></ExtendedData>
      <Point><coordinates>-86.9806828303107,40.4744186205052,-0.7</coordinates></Point>
  </Placemark>
  <Placemark>
	<ExtendedData><SchemaData schemaUrl="#IQMaps_Points">
		<SimpleData name="Category">Point</SimpleData>
		<SimpleData name="Channel">7</SimpleData>
		<SimpleData name="CrossDist">5990.918328</SimpleData>
		<SimpleData name="IdNumber">8</SimpleData>
		<SimpleData name="Parent">Feature 0068</SimpleData>
		<SimpleData name="Survey">Survey_2025-04-24_12-56-20</SimpleData>
		<SimpleData name="Swath">6</SimpleData>
	</SchemaData></ExtendedData>
      <Point><coordinates>-86.9806869160923,40.4745071610319,-0.78125</coordinates></Point>
  </Placemark>
  <Placemark>
	<ExtendedData><SchemaData schemaUrl="#IQMaps_Points">
		<SimpleData name="Category">Point</SimpleData>
		<SimpleData name="Channel">6</SimpleData>
		<SimpleData name="CrossDist">5246.764311</SimpleData>
		<SimpleData name="IdNumber">9</SimpleData>
		<SimpleData name="Parent">Feature 0068</SimpleData>
		<SimpleData name="Survey">Survey_2025-04-24_12-56-20</SimpleData>
		<SimpleData name="Swath">6</SimpleData>
	</SchemaData></ExtendedData>
      <Point><coordinates>-86.9806853974114,40.4746062759001,-0.7875</coordinates></Point>
  </Placemark>
  <Placemark>
	<ExtendedData><SchemaData schemaUrl="#IQMaps_Points">
		<SimpleData name="Category">Point</SimpleData>
		<SimpleData name="Channel">6</SimpleData>
		<SimpleData name="CrossDist">5205.400452</SimpleData>
		<SimpleData name="IdNumber">10</SimpleData>
		<SimpleData name="Parent">Feature 0068</SimpleData>
		<SimpleData name="Survey">Survey_2025-04-24_12-56-20</SimpleData>
		<SimpleData name="Swath">6</SimpleData>
	</SchemaData></ExtendedData>
      <Point><coordinates>-86.9806880682886,40.4747020574327,-0.7875</coordinates></Point>
  </Placemark>
  <Placemark>
	<ExtendedData><SchemaData schemaUrl="#IQMaps_Points">
		<SimpleData name="Category">Point</SimpleData>
		<SimpleData name="Channel">6</SimpleData>
		<SimpleData name="CrossDist">4463.619123</SimpleData>
		<SimpleData name="IdNumber">11</SimpleData>
		<SimpleData name="Parent">Feature 0068</SimpleData>
		<SimpleData name="Survey">Survey_2025-04-24_12-56-20</SimpleData>
		<SimpleData name="Swath">6</SimpleData>
	</SchemaData></ExtendedData>
      <Point><coordinates>-86.9806914734134,40.4748002006212,-0.7875</coordinates></Point>
  </Placemark>
  <Placemark>
	<ExtendedData><SchemaData schemaUrl="#IQMaps_Points">
		<SimpleData name="Category">Point</SimpleData>
		<SimpleData name="Channel">9</SimpleData>
		<SimpleData name="CrossDist">2115.013999</SimpleData>
		<SimpleData name="IdNumber">12</SimpleData>
		<SimpleData name="Parent">Feature 0068</SimpleData>
		<SimpleData name="Survey">Survey_2025-04-24_12-56-20</SimpleData>
		<SimpleData name="Swath">6</SimpleData>
	</SchemaData></ExtendedData>
      <Point><coordinates>-86.9806887076975,40.4753769846328,-0.9875</coordinates></Point>
  </Placemark>
  <Placemark>
	<ExtendedData><SchemaData schemaUrl="#IQMaps_Points">
		<SimpleData name="Category">Point</SimpleData>
		<SimpleData name="Channel">3</SimpleData>
		<SimpleData name="CrossDist">1938.762833</SimpleData>
		<SimpleData name="IdNumber">1</SimpleData>
		<SimpleData name="Parent">Feature 0069</SimpleData>
		<SimpleData name="Survey">Survey_2025-04-24_12-56-20</SimpleData>
		<SimpleData name="Swath">6</SimpleData>
	</SchemaData></ExtendedData>
      <Point><coordinates>-86.9822935253494,40.4754729425718,-1.1375</coordinates></Point>
  </Placemark>
  <Placemark>
	<ExtendedData><SchemaData schemaUrl="#IQMaps_Points">
		<SimpleData name="Category">Point</SimpleData>
		<SimpleData name="Channel">3</SimpleData>
		<SimpleData name="CrossDist">2716.411294</SimpleData>
		<SimpleData name="IdNumber">2</SimpleData>
		<SimpleData name="Parent">Feature 0069</SimpleData>
		<SimpleData name="Survey">Survey_2025-04-24_12-56-20</SimpleData>
		<SimpleData name="Swath">6</SimpleData>
	</SchemaData></ExtendedData>
      <Point><coordinates>-86.9822951075901,40.4752796092373,-1.1375</coordinates></Point>
  </Placemark>
  <Placemark>
	<ExtendedData><SchemaData schemaUrl="#IQMaps_Points">
		<SimpleData name="Category">Point</SimpleData>
		<SimpleData name="Channel">6</SimpleData>
		<SimpleData name="CrossDist">3033.204674</SimpleData>
		<SimpleData name="IdNumber">3</SimpleData>
		<SimpleData name="Parent">Feature 0069</SimpleData>
		<SimpleData name="Survey">Survey_2025-04-24_12-56-20</SimpleData>
		<SimpleData name="Swath">6</SimpleData>
	</SchemaData></ExtendedData>
      <Point><coordinates>-86.9822945045448,40.4751829425701,-1.1375</coordinates></Point>
  </Placemark>
  <Placemark>
	<ExtendedData><SchemaData schemaUrl="#IQMaps_Points">
		<SimpleData name="Category">Point</SimpleData>
		<SimpleData name="Channel">6</SimpleData>
		<SimpleData name="CrossDist">3816.310318</SimpleData>
		<SimpleData name="IdNumber">4</SimpleData>
		<SimpleData name="Parent">Feature 0069</SimpleData>
		<SimpleData name="Survey">Survey_2025-04-24_12-56-20</SimpleData>
		<SimpleData name="Swath">6</SimpleData>
	</SchemaData></ExtendedData>
      <Point><coordinates>-86.982292936662,40.4749912759023,-0.74375</coordinates></Point>
  </Placemark>
  <Placemark>
	<ExtendedData><SchemaData schemaUrl="#IQMaps_Points">
		<SimpleData name="Category">Point</SimpleData>
		<SimpleData name="Channel">6</SimpleData>
		<SimpleData name="CrossDist">4283.808925</SimpleData>
		<SimpleData name="IdNumber">5</SimpleData>
		<SimpleData name="Parent">Feature 0069</SimpleData>
		<SimpleData name="Survey">Survey_2025-04-24_12-56-20</SimpleData>
		<SimpleData name="Swath">6</SimpleData>
	</SchemaData></ExtendedData>
      <Point><coordinates>-86.982294503015,40.4748953907649,-1.1375</coordinates></Point>
  </Placemark>
  <Placemark>
	<ExtendedData><SchemaData schemaUrl="#IQMaps_Points">
		<SimpleData name="Category">Point</SimpleData>
		<SimpleData name="Channel">6</SimpleData>
		<SimpleData name="CrossDist">5068.417270</SimpleData>
		<SimpleData name="IdNumber">6</SimpleData>
		<SimpleData name="Parent">Feature 0069</SimpleData>
		<SimpleData name="Survey">Survey_2025-04-24_12-56-20</SimpleData>
		<SimpleData name="Swath">6</SimpleData>
	</SchemaData></ExtendedData>
      <Point><coordinates>-86.9822898265353,40.4747020574327,-0.75</coordinates></Point>
  </Placemark>
  <Placemark>
	<ExtendedData><SchemaData schemaUrl="#IQMaps_Points">
		<SimpleData name="Category">Point</SimpleData>
		<SimpleData name="Channel">2</SimpleData>
		<SimpleData name="CrossDist">5854.330595</SimpleData>
		<SimpleData name="IdNumber">7</SimpleData>
		<SimpleData name="Parent">Feature 0069</SimpleData>
		<SimpleData name="Survey">Survey_2025-04-24_12-56-20</SimpleData>
		<SimpleData name="Swath">6</SimpleData>
	</SchemaData></ExtendedData>
      <Point><coordinates>-86.9822853226774,40.4745111723014,-0.75</coordinates></Point>
  </Placemark>
  <Placemark>
	<ExtendedData><SchemaData schemaUrl="#IQMaps_Points">
		<SimpleData name="Category">Point</SimpleData>
		<SimpleData name="Channel">11</SimpleData>
		<SimpleData name="CrossDist">5043.187689</SimpleData>
		<SimpleData name="IdNumber">1</SimpleData>
		<SimpleData name="Parent">Feature 0070</SimpleData>
		<SimpleData name="Survey">Survey_2025-04-24_12-56-20</SimpleData>
		<SimpleData name="Swath">6</SimpleData>
	</SchemaData></ExtendedData>
      <Point><coordinates>-86.9825834565464,40.4747026595987,-0.725</coordinates></Point>
  </Placemark>
  <Placemark>
	<ExtendedData><SchemaData schemaUrl="#IQMaps_Points">
		<SimpleData name="Category">Point</SimpleData>
		<SimpleData name="Channel">11</SimpleData>
		<SimpleData name="CrossDist">4259.172515</SimpleData>
		<SimpleData name="IdNumber">2</SimpleData>
		<SimpleData name="Parent">Feature 0070</SimpleData>
		<SimpleData name="Survey">Survey_2025-04-24_12-56-20</SimpleData>
		<SimpleData name="Swath">6</SimpleData>
	</SchemaData></ExtendedData>
      <Point><coordinates>-86.9825807796549,40.4748943262674,-0.725</coordinates></Point>
  </Placemark>
  <Placemark>
	<ExtendedData><SchemaData schemaUrl="#IQMaps_Points">
		<SimpleData name="Category">Point</SimpleData>
		<SimpleData name="Channel">11</SimpleData>
		<SimpleData name="CrossDist">3840.749003</SimpleData>
		<SimpleData name="IdNumber">3</SimpleData>
		<SimpleData name="Parent">Feature 0070</SimpleData>
		<SimpleData name="Survey">Survey_2025-04-24_12-56-20</SimpleData>
		<SimpleData name="Swath">6</SimpleData>
	</SchemaData></ExtendedData>
      <Point><coordinates>-86.9825814957267,40.4749913763461,-0.725</coordinates></Point>
  </Placemark>
  <Placemark>
	<ExtendedData><SchemaData schemaUrl="#IQMaps_Points">
		<SimpleData name="Category">Point</SimpleData>
		<SimpleData name="Channel">15</SimpleData>
		<SimpleData name="CrossDist">3475.355066</SimpleData>
		<SimpleData name="IdNumber">4</SimpleData>
		<SimpleData name="Parent">Feature 0070</SimpleData>
		<SimpleData name="Survey">Survey_2025-04-24_12-56-20</SimpleData>
		<SimpleData name="Swath">6</SimpleData>
	</SchemaData></ExtendedData>
      <Point><coordinates>-86.9825751111261,40.4750873403974,-0.9125</coordinates></Point>
  </Placemark>
  <Placemark>
	<ExtendedData><SchemaData schemaUrl="#IQMaps_Points">
		<SimpleData name="Category">Point</SimpleData>
		<SimpleData name="Channel">11</SimpleData>
		<SimpleData name="CrossDist">3057.129277</SimpleData>
		<SimpleData name="IdNumber">5</SimpleData>
		<SimpleData name="Parent">Feature 0070</SimpleData>
		<SimpleData name="Survey">Survey_2025-04-24_12-56-20</SimpleData>
		<SimpleData name="Swath">6</SimpleData>
	</SchemaData></ExtendedData>
      <Point><coordinates>-86.9825766801338,40.4751840070631,-0.9125</coordinates></Point>
  </Placemark>
  <Placemark>
	<ExtendedData><SchemaData schemaUrl="#IQMaps_Points">
		<SimpleData name="Category">Point</SimpleData>
		<SimpleData name="Channel">15</SimpleData>
		<SimpleData name="CrossDist">2276.594046</SimpleData>
		<SimpleData name="IdNumber">6</SimpleData>
		<SimpleData name="Parent">Feature 0070</SimpleData>
		<SimpleData name="Survey">Survey_2025-04-24_12-56-20</SimpleData>
		<SimpleData name="Swath">6</SimpleData>
	</SchemaData></ExtendedData>
      <Point><coordinates>-86.9825819555773,40.4753759929388,-0.80625</coordinates></Point>
  </Placemark>
  <Placemark>
	<ExtendedData><SchemaData schemaUrl="#IQMaps_Points">
		<SimpleData name="Category">Point</SimpleData>
		<SimpleData name="Channel">15</SimpleData>
		<SimpleData name="CrossDist">2864.032027</SimpleData>
		<SimpleData name="IdNumber">7</SimpleData>
		<SimpleData name="Parent">Feature 0070</SimpleData>
		<SimpleData name="Survey">Survey_2025-04-18_16-18-21</SimpleData>
		<SimpleData name="Swath">16</SimpleData>
	</SchemaData></ExtendedData>
      <Point><coordinates>-86.9825875524135,40.4755061020538,-0.725</coordinates></Point>
  </Placemark>
  <Placemark>
	<ExtendedData><SchemaData schemaUrl="#IQMaps_Points">
		<SimpleData name="Category">Point</SimpleData>
		<SimpleData name="Channel">11</SimpleData>
		<SimpleData name="CrossDist">5506.138644</SimpleData>
		<SimpleData name="IdNumber">1</SimpleData>
		<SimpleData name="Parent">Feature 0071</SimpleData>
		<SimpleData name="Survey">Survey_2025-04-24_12-56-20</SimpleData>
		<SimpleData name="Swath">6</SimpleData>
	</SchemaData></ExtendedData>
      <Point><coordinates>-86.9837150127887,40.4746073404022,-0.7875</coordinates></Point>
  </Placemark>
  <Placemark>
	<ExtendedData><SchemaData schemaUrl="#IQMaps_Points">
		<SimpleData name="Category">Point</SimpleData>
		<SimpleData name="Channel">11</SimpleData>
		<SimpleData name="CrossDist">5732.374436</SimpleData>
		<SimpleData name="IdNumber">2</SimpleData>
		<SimpleData name="Parent">Feature 0071</SimpleData>
		<SimpleData name="Survey">Survey_2025-04-24_12-56-20</SimpleData>
		<SimpleData name="Swath">6</SimpleData>
	</SchemaData></ExtendedData>
      <Point><coordinates>-86.9837099896452,40.4745093262634,-0.7875</coordinates></Point>
  </Placemark>
  <Placemark>
	<ExtendedData><SchemaData schemaUrl="#IQMaps_Points">
		<SimpleData name="Category">Point</SimpleData>
		<SimpleData name="Channel">15</SimpleData>
		<SimpleData name="CrossDist">6290.470176</SimpleData>
		<SimpleData name="IdNumber">3</SimpleData>
		<SimpleData name="Parent">Feature 0071</SimpleData>
		<SimpleData name="Survey">Survey_2025-04-24_12-56-20</SimpleData>
		<SimpleData name="Swath">6</SimpleData>
	</SchemaData></ExtendedData>
      <Point><coordinates>-86.9837061388376,40.4744126595958,-0.7875</coordinates></Point>
  </Placemark>
  <Placemark>
	<ExtendedData><SchemaData schemaUrl="#IQMaps_Points">
		<SimpleData name="Category">Point</SimpleData>
		<SimpleData name="Channel">11</SimpleData>
		<SimpleData name="CrossDist">6518.327305</SimpleData>
		<SimpleData name="IdNumber">4</SimpleData>
		<SimpleData name="Parent">Feature 0071</SimpleData>
		<SimpleData name="Survey">Survey_2025-04-24_12-56-20</SimpleData>
		<SimpleData name="Swath">6</SimpleData>
	</SchemaData></ExtendedData>
      <Point><coordinates>-86.9836998114628,40.4743159929282,-0.7875</coordinates></Point>
  </Placemark>
  <Placemark>
	<ExtendedData><SchemaData schemaUrl="#IQMaps_Points">
		<SimpleData name="Category">Point</SimpleData>
		<SimpleData name="Channel">13</SimpleData>
		<SimpleData name="CrossDist">7306.890131</SimpleData>
		<SimpleData name="IdNumber">5</SimpleData>
		<SimpleData name="Parent">Feature 0071</SimpleData>
		<SimpleData name="Survey">Survey_2025-04-24_12-56-20</SimpleData>
		<SimpleData name="Swath">6</SimpleData>
	</SchemaData></ExtendedData>
      <Point><coordinates>-86.983691080526,40.4741283687017,-0.84375</coordinates></Point>
  </Placemark>
  <Placemark>
	<ExtendedData><SchemaData schemaUrl="#IQMaps_Points">
		<SimpleData name="Category">Point</SimpleData>
		<SimpleData name="Channel">15</SimpleData>
		<SimpleData name="CrossDist">8095.215687</SimpleData>
		<SimpleData name="IdNumber">6</SimpleData>
		<SimpleData name="Parent">Feature 0071</SimpleData>
		<SimpleData name="Survey">Survey_2025-04-24_12-56-20</SimpleData>
		<SimpleData name="Swath">6</SimpleData>
	</SchemaData></ExtendedData>
      <Point><coordinates>-86.9836839726829,40.4739340070756,-0.7625</coordinates></Point>
  </Placemark>
  <Placemark>
	<ExtendedData><SchemaData schemaUrl="#IQMaps_Points">
		<SimpleData name="Category">Point</SimpleData>
		<SimpleData name="Channel">11</SimpleData>
		<SimpleData name="CrossDist">15.303837</SimpleData>
		<SimpleData name="IdNumber">1</SimpleData>
		<SimpleData name="Parent">Feature 0072</SimpleData>
		<SimpleData name="Survey">Survey_2025-04-23_19-07-30</SimpleData>
		<SimpleData name="Swath">2</SimpleData>
	</SchemaData></ExtendedData>
      <Point><coordinates>-86.9839885466806,40.4738615812046,-0.74375</coordinates></Point>
  </Placemark>
  <Placemark>
	<ExtendedData><SchemaData schemaUrl="#IQMaps_Points">
		<SimpleData name="Category">Point</SimpleData>
		<SimpleData name="Channel">11</SimpleData>
		<SimpleData name="CrossDist">2434.575516</SimpleData>
		<SimpleData name="IdNumber">2</SimpleData>
		<SimpleData name="Parent">Feature 0072</SimpleData>
		<SimpleData name="Survey">Survey_2025-04-23_19-07-30</SimpleData>
		<SimpleData name="Swath">2</SimpleData>
	</SchemaData></ExtendedData>
      <Point><coordinates>-86.9841225524136,40.4738694146903,-0.74375</coordinates></Point>
  </Placemark>
  <Placemark>
	<ExtendedData><SchemaData schemaUrl="#IQMaps_Points">
		<SimpleData name="Category">Point</SimpleData>
		<SimpleData name="Channel">14</SimpleData>
		<SimpleData name="CrossDist">2458.935111</SimpleData>
		<SimpleData name="IdNumber">3</SimpleData>
		<SimpleData name="Parent">Feature 0072</SimpleData>
		<SimpleData name="Survey">Survey_2025-04-23_19-07-30</SimpleData>
		<SimpleData name="Swath">5</SimpleData>
	</SchemaData></ExtendedData>
      <Point><coordinates>-86.9843756760918,40.4738660101468,-0.68125</coordinates></Point>
  </Placemark>
  <Placemark>
	<ExtendedData><SchemaData schemaUrl="#IQMaps_Points">
		<SimpleData name="Category">Point</SimpleData>
		<SimpleData name="Channel">15</SimpleData>
		<SimpleData name="CrossDist">4281.396692</SimpleData>
		<SimpleData name="IdNumber">4</SimpleData>
		<SimpleData name="Parent">Feature 0072</SimpleData>
		<SimpleData name="Survey">Survey_2025-04-23_19-07-30</SimpleData>
		<SimpleData name="Swath">4</SimpleData>
	</SchemaData></ExtendedData>
      <Point><coordinates>-86.9846881954907,40.4738686074124,-0.5</coordinates></Point>
  </Placemark>
  <Placemark>
	<ExtendedData><SchemaData schemaUrl="#IQMaps_Points">
		<SimpleData name="Category">Point</SimpleData>
		<SimpleData name="Channel">15</SimpleData>
		<SimpleData name="CrossDist">1748.591897</SimpleData>
		<SimpleData name="IdNumber">1</SimpleData>
		<SimpleData name="Parent">Feature 0073</SimpleData>
		<SimpleData name="Survey">Survey_2025-04-24_12-56-20</SimpleData>
		<SimpleData name="Swath">6</SimpleData>
	</SchemaData></ExtendedData>
      <Point><coordinates>-86.9845170210106,40.4754723403935,-0.7375</coordinates></Point>
  </Placemark>
  <Placemark>
	<ExtendedData><SchemaData schemaUrl="#IQMaps_Points">
		<SimpleData name="Category">Point</SimpleData>
		<SimpleData name="Channel">14</SimpleData>
		<SimpleData name="CrossDist">2526.279903</SimpleData>
		<SimpleData name="IdNumber">2</SimpleData>
		<SimpleData name="Parent">Feature 0073</SimpleData>
		<SimpleData name="Survey">Survey_2025-04-24_12-56-20</SimpleData>
		<SimpleData name="Swath">6</SimpleData>
	</SchemaData></ExtendedData>
      <Point><coordinates>-86.9845171140031,40.4752779788137,-0.88125</coordinates></Point>
  </Placemark>
  <Placemark>
	<ExtendedData><SchemaData schemaUrl="#IQMaps_Points">
		<SimpleData name="Category">Point</SimpleData>
		<SimpleData name="Channel">11</SimpleData>
		<SimpleData name="CrossDist">4006.243985</SimpleData>
		<SimpleData name="IdNumber">3</SimpleData>
		<SimpleData name="Parent">Feature 0073</SimpleData>
		<SimpleData name="Survey">Survey_2025-04-24_12-56-20</SimpleData>
		<SimpleData name="Swath">6</SimpleData>
	</SchemaData></ExtendedData>
      <Point><coordinates>-86.9845209353495,40.4749906737317,-1.15</coordinates></Point>
  </Placemark>
  <Placemark>
	<ExtendedData><SchemaData schemaUrl="#IQMaps_Points">
		<SimpleData name="Category">Point</SimpleData>
		<SimpleData name="Channel">15</SimpleData>
		<SimpleData name="CrossDist">4790.338248</SimpleData>
		<SimpleData name="IdNumber">4</SimpleData>
		<SimpleData name="Parent">Feature 0073</SimpleData>
		<SimpleData name="Survey">Survey_2025-04-24_12-56-20</SimpleData>
		<SimpleData name="Swath">6</SimpleData>
	</SchemaData></ExtendedData>
      <Point><coordinates>-86.9845191573099,40.4747976595997,-1.15</coordinates></Point>
  </Placemark>
  <Placemark>
	<ExtendedData><SchemaData schemaUrl="#IQMaps_Points">
		<SimpleData name="Category">Point</SimpleData>
		<SimpleData name="Channel">15</SimpleData>
		<SimpleData name="CrossDist">4878.285880</SimpleData>
		<SimpleData name="IdNumber">5</SimpleData>
		<SimpleData name="Parent">Feature 0073</SimpleData>
		<SimpleData name="Survey">Survey_2025-04-24_12-56-20</SimpleData>
		<SimpleData name="Swath">6</SimpleData>
	</SchemaData></ExtendedData>
      <Point><coordinates>-86.9845127981576,40.4747023404013,-0.76875</coordinates></Point>
  </Placemark>
  <Placemark>
	<ExtendedData><SchemaData schemaUrl="#IQMaps_Points">
		<SimpleData name="Category">Point</SimpleData>
		<SimpleData name="Channel">11</SimpleData>
		<SimpleData name="CrossDist">2345.955622</SimpleData>
		<SimpleData name="IdNumber">6</SimpleData>
		<SimpleData name="Parent">Feature 0073</SimpleData>
		<SimpleData name="Survey">Survey_2025-04-23_19-07-30</SimpleData>
		<SimpleData name="Swath">5</SimpleData>
	</SchemaData></ExtendedData>
      <Point><coordinates>-86.9845058857471,40.4742792085577,-0.9375</coordinates></Point>
  </Placemark>
  <Placemark>
	<ExtendedData><SchemaData schemaUrl="#IQMaps_Points">
		<SimpleData name="Category">Point</SimpleData>
		<SimpleData name="Channel">15</SimpleData>
		<SimpleData name="CrossDist">2347.656049</SimpleData>
		<SimpleData name="IdNumber">7</SimpleData>
		<SimpleData name="Parent">Feature 0073</SimpleData>
		<SimpleData name="Survey">Survey_2025-04-23_19-07-30</SimpleData>
		<SimpleData name="Swath">5</SimpleData>
	</SchemaData></ExtendedData>
      <Point><coordinates>-86.9845041142527,40.4742641130322,-0.93125</coordinates></Point>
  </Placemark>
  <Placemark>
	<ExtendedData><SchemaData schemaUrl="#IQMaps_Points">
		<SimpleData name="Category">Point</SimpleData>
		<SimpleData name="Channel">15</SimpleData>
		<SimpleData name="CrossDist">2364.304409</SimpleData>
		<SimpleData name="IdNumber">8</SimpleData>
		<SimpleData name="Parent">Feature 0073</SimpleData>
		<SimpleData name="Survey">Survey_2025-04-23_19-07-30</SimpleData>
		<SimpleData name="Swath">5</SimpleData>
	</SchemaData></ExtendedData>
      <Point><coordinates>-86.9845041142527,40.474114241237,-1.00625</coordinates></Point>
  </Placemark>
  <Placemark>
	<ExtendedData><SchemaData schemaUrl="#IQMaps_Points">
		<SimpleData name="Category">Point</SimpleData>
		<SimpleData name="Channel">15</SimpleData>
		<SimpleData name="CrossDist">7932.686566</SimpleData>
		<SimpleData name="IdNumber">9</SimpleData>
		<SimpleData name="Parent">Feature 0073</SimpleData>
		<SimpleData name="Survey">Survey_2025-04-24_12-56-20</SimpleData>
		<SimpleData name="Swath">6</SimpleData>
	</SchemaData></ExtendedData>
      <Point><coordinates>-86.98449973542,40.474027659592,-0.96875</coordinates></Point>
  </Placemark>
  <Placemark>
	<ExtendedData><SchemaData schemaUrl="#IQMaps_Points">
		<SimpleData name="Category">Point</SimpleData>
		<SimpleData name="Channel">15</SimpleData>
		<SimpleData name="CrossDist">8025.458663</SimpleData>
		<SimpleData name="IdNumber">10</SimpleData>
		<SimpleData name="Parent">Feature 0073</SimpleData>
		<SimpleData name="Survey">Survey_2025-04-24_12-56-20</SimpleData>
		<SimpleData name="Swath">6</SimpleData>
	</SchemaData></ExtendedData>
      <Point><coordinates>-86.9845002130819,40.473932340409,-0.96875</coordinates></Point>
  </Placemark>
  <Placemark>
	<ExtendedData><SchemaData schemaUrl="#IQMaps_Points">
		<SimpleData name="Category">Point</SimpleData>
		<SimpleData name="Channel">3</SimpleData>
		<SimpleData name="CrossDist">5628.490251</SimpleData>
		<SimpleData name="IdNumber">1</SimpleData>
		<SimpleData name="Parent">Feature 0074</SimpleData>
		<SimpleData name="Survey">Survey_2025-04-24_12-56-20</SimpleData>
		<SimpleData name="Swath">5</SimpleData>
	</SchemaData></ExtendedData>
      <Point><coordinates>-86.9800963158783,40.4759520574352,-0.94375</coordinates></Point>
  </Placemark>
  <Placemark>
	<ExtendedData><SchemaData schemaUrl="#IQMaps_Points">
		<SimpleData name="Category">Point</SimpleData>
		<SimpleData name="Channel">7</SimpleData>
		<SimpleData name="CrossDist">5111.244287</SimpleData>
		<SimpleData name="IdNumber">2</SimpleData>
		<SimpleData name="Parent">Feature 0074</SimpleData>
		<SimpleData name="Survey">Survey_2025-04-24_12-56-20</SimpleData>
		<SimpleData name="Swath">5</SimpleData>
	</SchemaData></ExtendedData>
      <Point><coordinates>-86.9800987831586,40.4760465642546,-0.94375</coordinates></Point>
  </Placemark>
  <Placemark>
	<ExtendedData><SchemaData schemaUrl="#IQMaps_Points">
		<SimpleData name="Category">Point</SimpleData>
		<SimpleData name="Channel">6</SimpleData>
		<SimpleData name="CrossDist">4005.097185</SimpleData>
		<SimpleData name="IdNumber">3</SimpleData>
		<SimpleData name="Parent">Feature 0074</SimpleData>
		<SimpleData name="Survey">Survey_2025-04-24_12-56-20</SimpleData>
		<SimpleData name="Swath">5</SimpleData>
	</SchemaData></ExtendedData>
      <Point><coordinates>-86.9801004065534,40.476142942566,-0.7125</coordinates></Point>
  </Placemark>
  <Placemark>
	<ExtendedData><SchemaData schemaUrl="#IQMaps_Points">
		<SimpleData name="Category">Point</SimpleData>
		<SimpleData name="Channel">6</SimpleData>
		<SimpleData name="CrossDist">3487.376684</SimpleData>
		<SimpleData name="IdNumber">4</SimpleData>
		<SimpleData name="Parent">Feature 0074</SimpleData>
		<SimpleData name="Survey">Survey_2025-04-24_12-56-20</SimpleData>
		<SimpleData name="Swath">5</SimpleData>
	</SchemaData></ExtendedData>
      <Point><coordinates>-86.9800977990455,40.4762370574335,-0.6875</coordinates></Point>
  </Placemark>
  <Placemark>
	<ExtendedData><SchemaData schemaUrl="#IQMaps_Points">
		<SimpleData name="Category">Point</SimpleData>
		<SimpleData name="Channel">6</SimpleData>
		<SimpleData name="CrossDist">338.108027</SimpleData>
		<SimpleData name="IdNumber">5</SimpleData>
		<SimpleData name="Parent">Feature 0074</SimpleData>
		<SimpleData name="Survey">Survey_2025-04-24_12-56-20</SimpleData>
		<SimpleData name="Swath">5</SimpleData>
	</SchemaData></ExtendedData>
      <Point><coordinates>-86.980100187171,40.4764270574325,-0.85</coordinates></Point>
  </Placemark>
  <Placemark>
	<ExtendedData><SchemaData schemaUrl="#IQMaps_Points">
		<SimpleData name="Category">Point</SimpleData>
		<SimpleData name="Channel">7</SimpleData>
		<SimpleData name="CrossDist">1831.517339</SimpleData>
		<SimpleData name="IdNumber">6</SimpleData>
		<SimpleData name="Parent">Feature 0074</SimpleData>
		<SimpleData name="Survey">Survey_2025-04-24_12-56-20</SimpleData>
		<SimpleData name="Swath">5</SimpleData>
	</SchemaData></ExtendedData>
      <Point><coordinates>-86.980097594405,40.4766171610394,-0.8125</coordinates></Point>
  </Placemark>
  <Placemark>
	<ExtendedData><SchemaData schemaUrl="#IQMaps_Points">
		<SimpleData name="Category">Point</SimpleData>
		<SimpleData name="Channel">2</SimpleData>
		<SimpleData name="CrossDist">4619.821077</SimpleData>
		<SimpleData name="IdNumber">7</SimpleData>
		<SimpleData name="Parent">Feature 0074</SimpleData>
		<SimpleData name="Survey">Survey_2025-04-24_12-56-20</SimpleData>
		<SimpleData name="Swath">3</SimpleData>
	</SchemaData></ExtendedData>
      <Point><coordinates>-86.9801000312202,40.4768129380111,-0.94375</coordinates></Point>
  </Placemark>
  <Placemark>
	<ExtendedData><SchemaData schemaUrl="#IQMaps_Points">
		<SimpleData name="Category">Point</SimpleData>
		<SimpleData name="Channel">7</SimpleData>
		<SimpleData name="CrossDist">2996.783915</SimpleData>
		<SimpleData name="IdNumber">8</SimpleData>
		<SimpleData name="Parent">Feature 0074</SimpleData>
		<SimpleData name="Survey">Survey_2025-04-24_12-56-20</SimpleData>
		<SimpleData name="Swath">3</SimpleData>
	</SchemaData></ExtendedData>
      <Point><coordinates>-86.9800946655825,40.4770054943659,-0.6875</coordinates></Point>
  </Placemark>
  <Placemark>
	<ExtendedData><SchemaData schemaUrl="#IQMaps_Points">
		<SimpleData name="Category">Point</SimpleData>
		<SimpleData name="Channel">2</SimpleData>
		<SimpleData name="CrossDist">442.862198</SimpleData>
		<SimpleData name="IdNumber">9</SimpleData>
		<SimpleData name="Parent">Feature 0074</SimpleData>
		<SimpleData name="Survey">Survey_2025-04-24_12-56-20</SimpleData>
		<SimpleData name="Swath">2</SimpleData>
	</SchemaData></ExtendedData>
      <Point><coordinates>-86.9801020296717,40.477392838968,-0.94375</coordinates></Point>
  </Placemark>
  <Placemark>
	<ExtendedData><SchemaData schemaUrl="#IQMaps_Points">
		<SimpleData name="Category">Point</SimpleData>
		<SimpleData name="Channel">3</SimpleData>
		<SimpleData name="CrossDist">2340.102992</SimpleData>
		<SimpleData name="IdNumber">1</SimpleData>
		<SimpleData name="Parent">Feature 0074</SimpleData>
		<SimpleData name="Survey">Survey_2025-04-24_10-38-46</SimpleData>
		<SimpleData name="Swath">1</SimpleData>
	</SchemaData></ExtendedData>
      <Point><coordinates>-86.9803402237589,40.4794070574305,-0.96875</coordinates></Point>
  </Placemark>
  <Placemark>
	<ExtendedData><SchemaData schemaUrl="#IQMaps_Points">
		<SimpleData name="Category">Point</SimpleData>
		<SimpleData name="Channel">6</SimpleData>
		<SimpleData name="CrossDist">3405.874855</SimpleData>
		<SimpleData name="IdNumber">2</SimpleData>
		<SimpleData name="Parent">Feature 0074</SimpleData>
		<SimpleData name="Survey">Survey_2025-04-24_10-38-46</SimpleData>
		<SimpleData name="Swath">1</SimpleData>
	</SchemaData></ExtendedData>
      <Point><coordinates>-86.9803392230775,40.479312057431,-0.96875</coordinates></Point>
  </Placemark>
  <Placemark>
	<ExtendedData><SchemaData schemaUrl="#IQMaps_Points">
		<SimpleData name="Category">Point</SimpleData>
		<SimpleData name="Channel">6</SimpleData>
		<SimpleData name="CrossDist">5975.021319</SimpleData>
		<SimpleData name="IdNumber">3</SimpleData>
		<SimpleData name="Parent">Feature 0074</SimpleData>
		<SimpleData name="Survey">Survey_2025-04-24_10-38-46</SimpleData>
		<SimpleData name="Swath">1</SimpleData>
	</SchemaData></ExtendedData>
      <Point><coordinates>-86.9803341378435,40.4789253907666,-0.96875</coordinates></Point>
  </Placemark>
  <Placemark>
	<ExtendedData><SchemaData schemaUrl="#IQMaps_Points">
		<SimpleData name="Category">Point</SimpleData>
		<SimpleData name="Channel">2</SimpleData>
		<SimpleData name="CrossDist">534.843399</SimpleData>
		<SimpleData name="IdNumber">1</SimpleData>
		<SimpleData name="Parent">Feature 0077</SimpleData>
		<SimpleData name="Survey">Survey_2025-04-18_16-18-21</SimpleData>
		<SimpleData name="Swath">2</SimpleData>
	</SchemaData></ExtendedData>
      <Point><coordinates>-86.9864532078899,40.4800542985092,-0.71875</coordinates></Point>
  </Placemark>
  <Placemark>
	<ExtendedData><SchemaData schemaUrl="#IQMaps_Points">
		<SimpleData name="Category">Point</SimpleData>
		<SimpleData name="Channel">2</SimpleData>
		<SimpleData name="CrossDist">480.706570</SimpleData>
		<SimpleData name="IdNumber">2</SimpleData>
		<SimpleData name="Parent">Feature 0077</SimpleData>
		<SimpleData name="Survey">Survey_2025-04-18_16-18-21</SimpleData>
		<SimpleData name="Swath">3</SimpleData>
	</SchemaData></ExtendedData>
      <Point><coordinates>-86.9863217921103,40.4800115635657,-0.71875</coordinates></Point>
  </Placemark>
  <Placemark>
	<ExtendedData><SchemaData schemaUrl="#IQMaps_Points">
		<SimpleData name="Category">Point</SimpleData>
		<SimpleData name="Channel">9</SimpleData>
		<SimpleData name="CrossDist">5252.379673</SimpleData>
		<SimpleData name="IdNumber">3</SimpleData>
		<SimpleData name="Parent">Feature 0077</SimpleData>
		<SimpleData name="Survey">Survey_2025-04-24_10-38-46</SimpleData>
		<SimpleData name="Swath">0</SimpleData>
	</SchemaData></ExtendedData>
      <Point><coordinates>-86.9862554034572,40.4799863794881,-0.71875</coordinates></Point>
  </Placemark>
  <Placemark>
	<ExtendedData><SchemaData schemaUrl="#IQMaps_Points">
		<SimpleData name="Category">Point</SimpleData>
		<SimpleData name="Channel">7</SimpleData>
		<SimpleData name="CrossDist">1453.271342</SimpleData>
		<SimpleData name="IdNumber">4</SimpleData>
		<SimpleData name="Parent">Feature 0077</SimpleData>
		<SimpleData name="Survey">Survey_2025-04-18_16-18-21</SimpleData>
		<SimpleData name="Swath">3</SimpleData>
	</SchemaData></ExtendedData>
      <Point><coordinates>-86.9861934587769,40.4799628803057,-0.71875</coordinates></Point>
  </Placemark>
  <Placemark>
	<ExtendedData><SchemaData schemaUrl="#IQMaps_Points">
		<SimpleData name="Category">Point</SimpleData>
		<SimpleData name="Channel">7</SimpleData>
		<SimpleData name="CrossDist">3446.922355</SimpleData>
		<SimpleData name="IdNumber">5</SimpleData>
		<SimpleData name="Parent">Feature 0077</SimpleData>
		<SimpleData name="Survey">Survey_2025-04-23_19-07-30</SimpleData>
		<SimpleData name="Swath">4</SimpleData>
	</SchemaData></ExtendedData>
      <Point><coordinates>-86.9861415412002,40.4799467195245,-0.775</coordinates></Point>
  </Placemark>
  <Placemark>
	<ExtendedData><SchemaData schemaUrl="#IQMaps_Points">
		<SimpleData name="Category">Point</SimpleData>
		<SimpleData name="Channel">6</SimpleData>
		<SimpleData name="CrossDist">5230.471854</SimpleData>
		<SimpleData name="IdNumber">1</SimpleData>
		<SimpleData name="Parent">Feature 0078</SimpleData>
		<SimpleData name="Survey">Survey_2025-04-24_10-38-46</SimpleData>
		<SimpleData name="Swath">0</SimpleData>
	</SchemaData></ExtendedData>
      <Point><coordinates>-86.9859980916861,40.4799879425643,-0.675</coordinates></Point>
  </Placemark>
  <Placemark>
	<ExtendedData><SchemaData schemaUrl="#IQMaps_Points">
		<SimpleData name="Category">Point</SimpleData>
		<SimpleData name="Channel">9</SimpleData>
		<SimpleData name="CrossDist">4037.800734</SimpleData>
		<SimpleData name="IdNumber">2</SimpleData>
		<SimpleData name="Parent">Feature 0078</SimpleData>
		<SimpleData name="Survey">Survey_2025-04-24_10-38-46</SimpleData>
		<SimpleData name="Swath">0</SimpleData>
	</SchemaData></ExtendedData>
      <Point><coordinates>-86.9859943827589,40.4800836205092,-0.875</coordinates></Point>
  </Placemark>
  <Placemark>
	<ExtendedData><SchemaData schemaUrl="#IQMaps_Points">
		<SimpleData name="Category">Point</SimpleData>
		<SimpleData name="Channel">4</SimpleData>
		<SimpleData name="CrossDist">3940.362350</SimpleData>
		<SimpleData name="IdNumber">3</SimpleData>
		<SimpleData name="Parent">Feature 0078</SimpleData>
		<SimpleData name="Survey">Survey_2025-04-24_10-38-46</SimpleData>
		<SimpleData name="Swath">0</SimpleData>
	</SchemaData></ExtendedData>
      <Point><coordinates>-86.9859935306568,40.4801819538396,-0.86875</coordinates></Point>
  </Placemark>
  <Placemark>
	<ExtendedData><SchemaData schemaUrl="#IQMaps_Points">
		<SimpleData name="Category">Point</SimpleData>
		<SimpleData name="Channel">2</SimpleData>
		<SimpleData name="CrossDist">1424.285005</SimpleData>
		<SimpleData name="IdNumber">1</SimpleData>
		<SimpleData name="Parent">Feature 0077</SimpleData>
		<SimpleData name="Survey">Survey_2025-04-18_16-18-21</SimpleData>
		<SimpleData name="Swath">3</SimpleData>
	</SchemaData></ExtendedData>
      <Point><coordinates>-86.9861965412232,40.4797022867844,-0.7875</coordinates></Point>
  </Placemark>
  <Placemark>
	<ExtendedData><SchemaData schemaUrl="#IQMaps_Points">
		<SimpleData name="Category">Point</SimpleData>
		<SimpleData name="Channel">6</SimpleData>
		<SimpleData name="CrossDist">316.674746</SimpleData>
		<SimpleData name="IdNumber">2</SimpleData>
		<SimpleData name="Parent">Feature 0077</SimpleData>
		<SimpleData name="Survey">Survey_2025-04-23_19-07-30</SimpleData>
		<SimpleData name="Swath">4</SimpleData>
	</SchemaData></ExtendedData>
      <Point><coordinates>-86.985762719279,40.4796950631643,-0.775</coordinates></Point>
  </Placemark>
  <Placemark>
	<ExtendedData><SchemaData schemaUrl="#IQMaps_Points">
		<SimpleData name="Category">Point</SimpleData>
		<SimpleData name="Channel">2</SimpleData>
		<SimpleData name="CrossDist">1924.684885</SimpleData>
		<SimpleData name="IdNumber">3</SimpleData>
		<SimpleData name="Parent">Feature 0077</SimpleData>
		<SimpleData name="Survey">Survey_2025-04-23_19-07-30</SimpleData>
		<SimpleData name="Swath">3</SimpleData>
	</SchemaData></ExtendedData>
      <Point><coordinates>-86.9848751254673,40.4796951093516,-0.7375</coordinates></Point>
  </Placemark>
  <Placemark>
	<ExtendedData><SchemaData schemaUrl="#IQMaps_Points">
		<SimpleData name="Category">Point</SimpleData>
		<SimpleData name="Channel">7</SimpleData>
		<SimpleData name="CrossDist">3107.272082</SimpleData>
		<SimpleData name="IdNumber">4</SimpleData>
		<SimpleData name="Parent">Feature 0077</SimpleData>
		<SimpleData name="Survey">Survey_2025-04-23_19-07-30</SimpleData>
		<SimpleData name="Swath">5</SimpleData>
	</SchemaData></ExtendedData>
      <Point><coordinates>-86.9843770918514,40.4796952679048,-0.9875</coordinates></Point>
  </Placemark>
  <Placemark>
	<ExtendedData><SchemaData schemaUrl="#IQMaps_Points">
		<SimpleData name="Category">Point</SimpleData>
		<SimpleData name="Channel">1</SimpleData>
		<SimpleData name="CrossDist">663.205815</SimpleData>
		<SimpleData name="IdNumber">5</SimpleData>
		<SimpleData name="Parent">Feature 0077</SimpleData>
		<SimpleData name="Survey">Survey_2025-04-23_19-07-30</SimpleData>
		<SimpleData name="Swath">0</SimpleData>
	</SchemaData></ExtendedData>
      <Point><coordinates>-86.9836229568343,40.4796839426818,-0.7125</coordinates></Point>
  </Placemark>
  <Placemark>
	<ExtendedData><SchemaData schemaUrl="#IQMaps_Points">
		<SimpleData name="Category">Point</SimpleData>
		<SimpleData name="Channel">3</SimpleData>
		<SimpleData name="CrossDist">1579.972877</SimpleData>
		<SimpleData name="IdNumber">6</SimpleData>
		<SimpleData name="Parent">Feature 0077</SimpleData>
		<SimpleData name="Survey">Survey_2025-04-18_23-29-00</SimpleData>
		<SimpleData name="Swath">0</SimpleData>
	</SchemaData></ExtendedData>
      <Point><coordinates>-86.9833378196001,40.4796784621219,-0.9625</coordinates></Point>
  </Placemark>
  <Placemark>
	<ExtendedData><SchemaData schemaUrl="#IQMaps_Points">
		<SimpleData name="Category">Point</SimpleData>
		<SimpleData name="Channel">9</SimpleData>
		<SimpleData name="CrossDist">2926.117360</SimpleData>
		<SimpleData name="IdNumber">7</SimpleData>
		<SimpleData name="Parent">Feature 0077</SimpleData>
		<SimpleData name="Survey">Survey_2025-04-18_16-18-21</SimpleData>
		<SimpleData name="Swath">17</SimpleData>
	</SchemaData></ExtendedData>
      <Point><coordinates>-86.9830892353327,40.4796711769372,-0.91875</coordinates></Point>
  </Placemark>
  <Placemark>
	<ExtendedData><SchemaData schemaUrl="#IQMaps_Points">
		<SimpleData name="Category">Point</SimpleData>
		<SimpleData name="Channel">9</SimpleData>
		<SimpleData name="CrossDist">190.329115</SimpleData>
		<SimpleData name="IdNumber">1</SimpleData>
		<SimpleData name="Parent">Feature 0079</SimpleData>
		<SimpleData name="Survey">Survey_2025-04-24_10-38-46</SimpleData>
		<SimpleData name="Swath">1</SimpleData>
	</SchemaData></ExtendedData>
      <Point><coordinates>-86.985147916336,40.4797913795256,-0.78125</coordinates></Point>
  </Placemark>
  <Placemark>
	<ExtendedData><SchemaData schemaUrl="#IQMaps_Points">
		<SimpleData name="Category">Point</SimpleData>
		<SimpleData name="Channel">2</SimpleData>
		<SimpleData name="CrossDist">5393.040521</SimpleData>
		<SimpleData name="IdNumber">2</SimpleData>
		<SimpleData name="Parent">Feature 0079</SimpleData>
		<SimpleData name="Survey">Survey_2025-04-24_10-38-46</SimpleData>
		<SimpleData name="Swath">0</SimpleData>
	</SchemaData></ExtendedData>
      <Point><coordinates>-86.9852288398206,40.4798928389754,-1</coordinates></Point>
  </Placemark>
  <Placemark>
	<ExtendedData><SchemaData schemaUrl="#IQMaps_Points">
		<SimpleData name="Category">Point</SimpleData>
		<SimpleData name="Channel">6</SimpleData>
		<SimpleData name="CrossDist">4091.067577</SimpleData>
		<SimpleData name="IdNumber">3</SimpleData>
		<SimpleData name="Parent">Feature 0079</SimpleData>
		<SimpleData name="Survey">Survey_2025-04-24_10-38-46</SimpleData>
		<SimpleData name="Swath">0</SimpleData>
	</SchemaData></ExtendedData>
      <Point><coordinates>-86.9853671537323,40.4800837241018,-0.95625</coordinates></Point>
  </Placemark>
  <Placemark>
	<ExtendedData><SchemaData schemaUrl="#IQMaps_Points">
		<SimpleData name="Category">Point</SimpleData>
		<SimpleData name="Channel">2</SimpleData>
		<SimpleData name="CrossDist">2800.048543</SimpleData>
		<SimpleData name="IdNumber">4</SimpleData>
		<SimpleData name="Parent">Feature 0079</SimpleData>
		<SimpleData name="Survey">Survey_2025-04-24_10-38-46</SimpleData>
		<SimpleData name="Swath">0</SimpleData>
	</SchemaData></ExtendedData>
      <Point><coordinates>-86.9855115409872,40.4802745056353,-1.01875</coordinates></Point>
  </Placemark>
  <Placemark>
	<ExtendedData><SchemaData schemaUrl="#IQMaps_Points">
		<SimpleData name="Category">Point</SimpleData>
		<SimpleData name="Channel">2</SimpleData>
		<SimpleData name="CrossDist">1362.476485</SimpleData>
		<SimpleData name="IdNumber">5</SimpleData>
		<SimpleData name="Parent">Feature 0079</SimpleData>
		<SimpleData name="Survey">Survey_2025-04-24_10-38-46</SimpleData>
		<SimpleData name="Swath">0</SimpleData>
	</SchemaData></ExtendedData>
      <Point><coordinates>-86.985741433603,40.4805571610362,-1.06875</coordinates></Point>
  </Placemark>
  <Placemark>
	<ExtendedData><SchemaData schemaUrl="#IQMaps_Points">
		<SimpleData name="Category">Point</SimpleData>
		<SimpleData name="Channel">4</SimpleData>
		<SimpleData name="CrossDist">3377.837593</SimpleData>
		<SimpleData name="IdNumber">1</SimpleData>
		<SimpleData name="Parent">Feature 0080</SimpleData>
		<SimpleData name="Survey">Survey_2025-04-23_19-07-30</SimpleData>
		<SimpleData name="Swath">4</SimpleData>
	</SchemaData></ExtendedData>
      <Point><coordinates>-86.9861425686672,40.4805681108386,-0.78125</coordinates></Point>
  </Placemark>
  <Placemark>
	<ExtendedData><SchemaData schemaUrl="#IQMaps_Points">
		<SimpleData name="Category">Point</SimpleData>
		<SimpleData name="Channel">9</SimpleData>
		<SimpleData name="CrossDist">2659.031791</SimpleData>
		<SimpleData name="IdNumber">2</SimpleData>
		<SimpleData name="Parent">Feature 0080</SimpleData>
		<SimpleData name="Survey">Survey_2025-04-24_10-38-46</SimpleData>
		<SimpleData name="Swath">0</SimpleData>
	</SchemaData></ExtendedData>
      <Point><coordinates>-86.9859554762488,40.4803663794991,-1.0875</coordinates></Point>
  </Placemark>
  <Placemark>
	<ExtendedData><SchemaData schemaUrl="#IQMaps_Points">
		<SimpleData name="Category">Point</SimpleData>
		<SimpleData name="Channel">6</SimpleData>
		<SimpleData name="CrossDist">3923.002184</SimpleData>
		<SimpleData name="IdNumber">3</SimpleData>
		<SimpleData name="Parent">Feature 0080</SimpleData>
		<SimpleData name="Survey">Survey_2025-04-24_10-38-46</SimpleData>
		<SimpleData name="Swath">0</SimpleData>
	</SchemaData></ExtendedData>
      <Point><coordinates>-86.9857893187412,40.4801779425654,-0.9</coordinates></Point>
  </Placemark>
  <Placemark>
	<ExtendedData><SchemaData schemaUrl="#IQMaps_Points">
		<SimpleData name="Category">Point</SimpleData>
		<SimpleData name="Channel">6</SimpleData>
		<SimpleData name="CrossDist">5196.740141</SimpleData>
		<SimpleData name="IdNumber">4</SimpleData>
		<SimpleData name="Parent">Feature 0080</SimpleData>
		<SimpleData name="Survey">Survey_2025-04-24_10-38-46</SimpleData>
		<SimpleData name="Swath">0</SimpleData>
	</SchemaData></ExtendedData>
      <Point><coordinates>-86.9856019438612,40.4799862758976,-1.05625</coordinates></Point>
  </Placemark>
  <Placemark>
	<ExtendedData><SchemaData schemaUrl="#IQMaps_Points">
		<SimpleData name="Category">Point</SimpleData>
		<SimpleData name="Channel">3</SimpleData>
		<SimpleData name="CrossDist">214.293263</SimpleData>
		<SimpleData name="IdNumber">5</SimpleData>
		<SimpleData name="Parent">Feature 0080</SimpleData>
		<SimpleData name="Survey">Survey_2025-04-24_10-38-46</SimpleData>
		<SimpleData name="Swath">1</SimpleData>
	</SchemaData></ExtendedData>
      <Point><coordinates>-86.9854283355962,40.4797937240948,-0.98125</coordinates></Point>
  </Placemark>
  <Placemark>
	<ExtendedData><SchemaData schemaUrl="#IQMaps_Points">
		<SimpleData name="Category">Point</SimpleData>
		<SimpleData name="Channel">2</SimpleData>
		<SimpleData name="CrossDist">6222.848571</SimpleData>
		<SimpleData name="IdNumber">1</SimpleData>
		<SimpleData name="Parent">Feature 0081</SimpleData>
		<SimpleData name="Survey">Survey_2025-04-24_10-38-46</SimpleData>
		<SimpleData name="Swath">0</SimpleData>
	</SchemaData></ExtendedData>
      <Point><coordinates>-86.9826685461587,40.4797921610228,-0.89375</coordinates></Point>
  </Placemark>
  <Placemark>
	<ExtendedData><SchemaData schemaUrl="#IQMaps_Points">
		<SimpleData name="Category">Point</SimpleData>
		<SimpleData name="Channel">7</SimpleData>
		<SimpleData name="CrossDist">5611.841891</SimpleData>
		<SimpleData name="IdNumber">2</SimpleData>
		<SimpleData name="Parent">Feature 0081</SimpleData>
		<SimpleData name="Survey">Survey_2025-04-24_10-38-46</SimpleData>
		<SimpleData name="Swath">0</SimpleData>
	</SchemaData></ExtendedData>
      <Point><coordinates>-86.9826651672028,40.4798904943579,-0.9125</coordinates></Point>
  </Placemark>
  <Placemark>
	<ExtendedData><SchemaData schemaUrl="#IQMaps_Points">
		<SimpleData name="Category">Point</SimpleData>
		<SimpleData name="Channel">7</SimpleData>
		<SimpleData name="CrossDist">4945.551582</SimpleData>
		<SimpleData name="IdNumber">3</SimpleData>
		<SimpleData name="Parent">Feature 0081</SimpleData>
		<SimpleData name="Survey">Survey_2025-04-24_10-38-46</SimpleData>
		<SimpleData name="Swath">0</SimpleData>
	</SchemaData></ExtendedData>
      <Point><coordinates>-86.9826595998131,40.4799878389737,-0.99375</coordinates></Point>
  </Placemark>
  <Placemark>
	<ExtendedData><SchemaData schemaUrl="#IQMaps_Points">
		<SimpleData name="Category">Point</SimpleData>
		<SimpleData name="Channel">7</SimpleData>
		<SimpleData name="CrossDist">4321.692842</SimpleData>
		<SimpleData name="IdNumber">4</SimpleData>
		<SimpleData name="Parent">Feature 0081</SimpleData>
		<SimpleData name="Survey">Survey_2025-04-24_10-38-46</SimpleData>
		<SimpleData name="Swath">0</SimpleData>
	</SchemaData></ExtendedData>
      <Point><coordinates>-86.9826569493048,40.4800821610279,-1.01875</coordinates></Point>
  </Placemark>
  <Placemark>
	<ExtendedData><SchemaData schemaUrl="#IQMaps_Points">
		<SimpleData name="Category">Point</SimpleData>
		<SimpleData name="Channel">3</SimpleData>
		<SimpleData name="CrossDist">3655.639802</SimpleData>
		<SimpleData name="IdNumber">5</SimpleData>
		<SimpleData name="Parent">Feature 0081</SimpleData>
		<SimpleData name="Survey">Survey_2025-04-24_10-38-46</SimpleData>
		<SimpleData name="Swath">0</SimpleData>
	</SchemaData></ExtendedData>
      <Point><coordinates>-86.9826520585593,40.4801787241012,-0.875</coordinates></Point>
  </Placemark>
  <Placemark>
	<ExtendedData><SchemaData schemaUrl="#IQMaps_Points">
		<SimpleData name="Category">Point</SimpleData>
		<SimpleData name="Channel">7</SimpleData>
		<SimpleData name="CrossDist">2377.077379</SimpleData>
		<SimpleData name="IdNumber">6</SimpleData>
		<SimpleData name="Parent">Feature 0081</SimpleData>
		<SimpleData name="Survey">Survey_2025-04-24_10-38-46</SimpleData>
		<SimpleData name="Swath">0</SimpleData>
	</SchemaData></ExtendedData>
      <Point><coordinates>-86.9826474882608,40.4803695056337,-1.25625</coordinates></Point>
  </Placemark>
  <Placemark>
	<ExtendedData><SchemaData schemaUrl="#IQMaps_Points">
		<SimpleData name="Category">Point</SimpleData>
		<SimpleData name="Channel">6</SimpleData>
		<SimpleData name="CrossDist">1766.584780</SimpleData>
		<SimpleData name="IdNumber">7</SimpleData>
		<SimpleData name="Parent">Feature 0081</SimpleData>
		<SimpleData name="Survey">Survey_2025-04-24_10-38-46</SimpleData>
		<SimpleData name="Swath">0</SimpleData>
	</SchemaData></ExtendedData>
      <Point><coordinates>-86.982636250611,40.4804637240996,-1.13125</coordinates></Point>
  </Placemark>
  <Placemark>
	<ExtendedData><SchemaData schemaUrl="#IQMaps_Points">
		<SimpleData name="Category">Point</SimpleData>
		<SimpleData name="Channel">3</SimpleData>
		<SimpleData name="CrossDist">1146.522341</SimpleData>
		<SimpleData name="IdNumber">8</SimpleData>
		<SimpleData name="Parent">Feature 0081</SimpleData>
		<SimpleData name="Survey">Survey_2025-04-24_08-01-42</SimpleData>
		<SimpleData name="Swath">4</SimpleData>
	</SchemaData></ExtendedData>
      <Point><coordinates>-86.9826285545616,40.4807471931431,-1.09375</coordinates></Point>
  </Placemark>
  <Placemark>
	<ExtendedData><SchemaData schemaUrl="#IQMaps_Points">
		<SimpleData name="Category">Point</SimpleData>
		<SimpleData name="Channel">4</SimpleData>
		<SimpleData name="CrossDist">6051.224146</SimpleData>
		<SimpleData name="IdNumber">1</SimpleData>
		<SimpleData name="Parent">Feature 0080</SimpleData>
		<SimpleData name="Survey">Survey_2025-04-24_10-38-46</SimpleData>
		<SimpleData name="Swath">0</SimpleData>
	</SchemaData></ExtendedData>
      <Point><coordinates>-86.980660319735,40.4797969538508,-0.99375</coordinates></Point>
  </Placemark>
  <Placemark>
	<ExtendedData><SchemaData schemaUrl="#IQMaps_Points">
		<SimpleData name="Category">Point</SimpleData>
		<SimpleData name="Channel">6</SimpleData>
		<SimpleData name="CrossDist">1087.323778</SimpleData>
		<SimpleData name="IdNumber">2</SimpleData>
		<SimpleData name="Parent">Feature 0080</SimpleData>
		<SimpleData name="Survey">Survey_2025-04-24_10-38-46</SimpleData>
		<SimpleData name="Swath">1</SimpleData>
	</SchemaData></ExtendedData>
      <Point><coordinates>-86.9806658940044,40.4795997575306,-0.99375</coordinates></Point>
  </Placemark>
  <Placemark>
	<ExtendedData><SchemaData schemaUrl="#IQMaps_Points">
		<SimpleData name="Category">Point</SimpleData>
		<SimpleData name="Channel">7</SimpleData>
		<SimpleData name="CrossDist">2095.320690</SimpleData>
		<SimpleData name="IdNumber">3</SimpleData>
		<SimpleData name="Parent">Feature 0080</SimpleData>
		<SimpleData name="Survey">Survey_2025-04-24_10-38-46</SimpleData>
		<SimpleData name="Swath">1</SimpleData>
	</SchemaData></ExtendedData>
      <Point><coordinates>-86.9806637312653,40.4795021610438,-0.99375</coordinates></Point>
  </Placemark>
  <Placemark>
	<ExtendedData><SchemaData schemaUrl="#IQMaps_Points">
		<SimpleData name="Category">Point</SimpleData>
		<SimpleData name="Channel">2</SimpleData>
		<SimpleData name="CrossDist">2367.467993</SimpleData>
		<SimpleData name="IdNumber">4</SimpleData>
		<SimpleData name="Parent">Feature 0080</SimpleData>
		<SimpleData name="Survey">Survey_2025-04-24_10-38-46</SimpleData>
		<SimpleData name="Swath">1</SimpleData>
	</SchemaData></ExtendedData>
      <Point><coordinates>-86.9806615860786,40.4794060600356,-0.99375</coordinates></Point>
  </Placemark>
  <Placemark>
	<ExtendedData><SchemaData schemaUrl="#IQMaps_Points">
		<SimpleData name="Category">Point</SimpleData>
		<SimpleData name="Channel">15</SimpleData>
		<SimpleData name="CrossDist">3377.837593</SimpleData>
		<SimpleData name="IdNumber">5</SimpleData>
		<SimpleData name="Parent">Feature 0080</SimpleData>
		<SimpleData name="Survey">Survey_2025-04-24_10-38-46</SimpleData>
		<SimpleData name="Swath">1</SimpleData>
	</SchemaData></ExtendedData>
      <Point><coordinates>-86.9806646835026,40.4793117707007,-0.89375</coordinates></Point>
  </Placemark>
  <Placemark>
	<ExtendedData><SchemaData schemaUrl="#IQMaps_Points">
		<SimpleData name="Category">Point</SimpleData>
		<SimpleData name="Channel">14</SimpleData>
		<SimpleData name="CrossDist">3652.713487</SimpleData>
		<SimpleData name="IdNumber">6</SimpleData>
		<SimpleData name="Parent">Feature 0080</SimpleData>
		<SimpleData name="Survey">Survey_2025-04-24_10-38-46</SimpleData>
		<SimpleData name="Swath">1</SimpleData>
	</SchemaData></ExtendedData>
      <Point><coordinates>-86.9806648381584,40.4792153545309,-0.89375</coordinates></Point>
  </Placemark>
  <Placemark>
	<ExtendedData><SchemaData schemaUrl="#IQMaps_Points">
		<SimpleData name="Category">Point</SimpleData>
		<SimpleData name="Channel">15</SimpleData>
		<SimpleData name="CrossDist">4663.320355</SimpleData>
		<SimpleData name="IdNumber">7</SimpleData>
		<SimpleData name="Parent">Feature 0080</SimpleData>
		<SimpleData name="Survey">Survey_2025-04-24_10-38-46</SimpleData>
		<SimpleData name="Swath">1</SimpleData>
	</SchemaData></ExtendedData>
      <Point><coordinates>-86.9806673714906,40.4791173404003,-0.89375</coordinates></Point>
  </Placemark>
  <Placemark>
	<ExtendedData><SchemaData schemaUrl="#IQMaps_Points">
		<SimpleData name="Category">Point</SimpleData>
		<SimpleData name="Channel">11</SimpleData>
		<SimpleData name="CrossDist">4936.258554</SimpleData>
		<SimpleData name="IdNumber">8</SimpleData>
		<SimpleData name="Parent">Feature 0080</SimpleData>
		<SimpleData name="Survey">Survey_2025-04-24_10-38-46</SimpleData>
		<SimpleData name="Swath">1</SimpleData>
	</SchemaData></ExtendedData>
      <Point><coordinates>-86.980666598271,40.4790223404012,-0.89375</coordinates></Point>
  </Placemark>
  <Placemark>
	<ExtendedData><SchemaData schemaUrl="#IQMaps_Points">
		<SimpleData name="Category">Point</SimpleData>
		<SimpleData name="Channel">16</SimpleData>
		<SimpleData name="CrossDist">5946.549064</SimpleData>
		<SimpleData name="IdNumber">9</SimpleData>
		<SimpleData name="Parent">Feature 0080</SimpleData>
		<SimpleData name="Survey">Survey_2025-04-24_10-38-46</SimpleData>
		<SimpleData name="Swath">1</SimpleData>
	</SchemaData></ExtendedData>
      <Point><coordinates>-86.9806669195493,40.4789216313225,-0.89375</coordinates></Point>
  </Placemark>
  <Placemark>
	<ExtendedData><SchemaData schemaUrl="#IQMaps_Points">
		<SimpleData name="Category">Point</SimpleData>
		<SimpleData name="Channel">10</SimpleData>
		<SimpleData name="CrossDist">6211.499214</SimpleData>
		<SimpleData name="IdNumber">10</SimpleData>
		<SimpleData name="Parent">Feature 0080</SimpleData>
		<SimpleData name="Survey">Survey_2025-04-24_10-38-46</SimpleData>
		<SimpleData name="Swath">1</SimpleData>
	</SchemaData></ExtendedData>
      <Point><coordinates>-86.9806648360791,40.478826312124,-0.94375</coordinates></Point>
  </Placemark>
  <Placemark>
	<ExtendedData><SchemaData schemaUrl="#IQMaps_Points">
		<SimpleData name="Category">Point</SimpleData>
		<SimpleData name="Channel">15</SimpleData>
		<SimpleData name="CrossDist">7220.682470</SimpleData>
		<SimpleData name="IdNumber">11</SimpleData>
		<SimpleData name="Parent">Feature 0080</SimpleData>
		<SimpleData name="Survey">Survey_2025-04-24_10-38-46</SimpleData>
		<SimpleData name="Swath">1</SimpleData>
	</SchemaData></ExtendedData>
      <Point><coordinates>-86.9806673441263,40.4787340070707,-0.93125</coordinates></Point>
  </Placemark>
  <Placemark>
	<ExtendedData><SchemaData schemaUrl="#IQMaps_Points">
		<SimpleData name="Category">Point</SimpleData>
		<SimpleData name="Channel">11</SimpleData>
		<SimpleData name="CrossDist">7456.567193</SimpleData>
		<SimpleData name="IdNumber">12</SimpleData>
		<SimpleData name="Parent">Feature 0080</SimpleData>
		<SimpleData name="Survey">Survey_2025-04-24_10-38-46</SimpleData>
		<SimpleData name="Swath">1</SimpleData>
	</SchemaData></ExtendedData>
      <Point><coordinates>-86.9806661907321,40.478637340405,-0.93125</coordinates></Point>
  </Placemark>
  <Placemark>
	<ExtendedData><SchemaData schemaUrl="#IQMaps_Points">
		<SimpleData name="Category">Point</SimpleData>
		<SimpleData name="Channel">15</SimpleData>
		<SimpleData name="CrossDist">8466.818158</SimpleData>
		<SimpleData name="IdNumber">13</SimpleData>
		<SimpleData name="Parent">Feature 0080</SimpleData>
		<SimpleData name="Survey">Survey_2025-04-24_10-38-46</SimpleData>
		<SimpleData name="Swath">1</SimpleData>
	</SchemaData></ExtendedData>
      <Point><coordinates>-86.9806692731656,40.4785421443276,-0.8625</coordinates></Point>
  </Placemark>
  <Placemark>
	<ExtendedData><SchemaData schemaUrl="#IQMaps_Points">
		<SimpleData name="Category">Point</SimpleData>
		<SimpleData name="Channel">10</SimpleData>
		<SimpleData name="CrossDist">5596.300785</SimpleData>
		<SimpleData name="IdNumber">14</SimpleData>
		<SimpleData name="Parent">Feature 0080</SimpleData>
		<SimpleData name="Survey">Survey_2025-04-18_16-18-21</SimpleData>
		<SimpleData name="Swath">9</SimpleData>
	</SchemaData></ExtendedData>
      <Point><coordinates>-86.9804358610088,40.4783967371634,-0.925</coordinates></Point>
  </Placemark>
  <Placemark>
	<ExtendedData><SchemaData schemaUrl="#IQMaps_Points">
		<SimpleData name="Category">Point</SimpleData>
		<SimpleData name="Channel">6</SimpleData>
		<SimpleData name="CrossDist">793.426836</SimpleData>
		<SimpleData name="IdNumber">1</SimpleData>
		<SimpleData name="Parent">Feature 0081</SimpleData>
		<SimpleData name="Survey">Survey_2025-04-24_10-38-46</SimpleData>
		<SimpleData name="Swath">1</SimpleData>
	</SchemaData></ExtendedData>
      <Point><coordinates>-86.9809207259286,40.4796970574288,-1.20625</coordinates></Point>
  </Placemark>
  <Placemark>
	<ExtendedData><SchemaData schemaUrl="#IQMaps_Points">
		<SimpleData name="Category">Point</SimpleData>
		<SimpleData name="Channel">3</SimpleData>
		<SimpleData name="CrossDist">1109.429320</SimpleData>
		<SimpleData name="IdNumber">2</SimpleData>
		<SimpleData name="Parent">Feature 0081</SimpleData>
		<SimpleData name="Survey">Survey_2025-04-24_10-38-46</SimpleData>
		<SimpleData name="Swath">1</SimpleData>
	</SchemaData></ExtendedData>
      <Point><coordinates>-86.9809254868376,40.4796003907626,-0.96875</coordinates></Point>
  </Placemark>
  <Placemark>
	<ExtendedData><SchemaData schemaUrl="#IQMaps_Points">
		<SimpleData name="Category">Point</SimpleData>
		<SimpleData name="Channel">3</SimpleData>
		<SimpleData name="CrossDist">2072.780155</SimpleData>
		<SimpleData name="IdNumber">3</SimpleData>
		<SimpleData name="Parent">Feature 0081</SimpleData>
		<SimpleData name="Survey">Survey_2025-04-24_10-38-46</SimpleData>
		<SimpleData name="Swath">1</SimpleData>
	</SchemaData></ExtendedData>
      <Point><coordinates>-86.9809283832672,40.4795029425701,-0.96875</coordinates></Point>
  </Placemark>
  <Placemark>
	<ExtendedData><SchemaData schemaUrl="#IQMaps_Points">
		<SimpleData name="Category">Point</SimpleData>
		<SimpleData name="Channel">6</SimpleData>
		<SimpleData name="CrossDist">2390.245797</SimpleData>
		<SimpleData name="IdNumber">4</SimpleData>
		<SimpleData name="Parent">Feature 0081</SimpleData>
		<SimpleData name="Survey">Survey_2025-04-24_10-38-46</SimpleData>
		<SimpleData name="Swath">1</SimpleData>
	</SchemaData></ExtendedData>
      <Point><coordinates>-86.9809286785024,40.4794069948571,-0.99375</coordinates></Point>
  </Placemark>
  <Placemark>
	<ExtendedData><SchemaData schemaUrl="#IQMaps_Points">
		<SimpleData name="Category">Point</SimpleData>
		<SimpleData name="Channel">11</SimpleData>
		<SimpleData name="CrossDist">3674.898118</SimpleData>
		<SimpleData name="IdNumber">5</SimpleData>
		<SimpleData name="Parent">Feature 0081</SimpleData>
		<SimpleData name="Survey">Survey_2025-04-24_10-38-46</SimpleData>
		<SimpleData name="Swath">1</SimpleData>
	</SchemaData></ExtendedData>
      <Point><coordinates>-86.9809254838311,40.4792142521639,-0.89375</coordinates></Point>
  </Placemark>
  <Placemark>
	<ExtendedData><SchemaData schemaUrl="#IQMaps_Points">
		<SimpleData name="Category">Point</SimpleData>
		<SimpleData name="Channel">11</SimpleData>
		<SimpleData name="CrossDist">4641.056634</SimpleData>
		<SimpleData name="IdNumber">6</SimpleData>
		<SimpleData name="Parent">Feature 0081</SimpleData>
		<SimpleData name="Survey">Survey_2025-04-24_10-38-46</SimpleData>
		<SimpleData name="Swath">1</SimpleData>
	</SchemaData></ExtendedData>
      <Point><coordinates>-86.980927749581,40.4791166806656,-0.875</coordinates></Point>
  </Placemark>
  <Placemark>
	<ExtendedData><SchemaData schemaUrl="#IQMaps_Points">
		<SimpleData name="Category">Point</SimpleData>
		<SimpleData name="Channel">10</SimpleData>
		<SimpleData name="CrossDist">4958.680455</SimpleData>
		<SimpleData name="IdNumber">7</SimpleData>
		<SimpleData name="Parent">Feature 0081</SimpleData>
		<SimpleData name="Survey">Survey_2025-04-24_10-38-46</SimpleData>
		<SimpleData name="Swath">1</SimpleData>
	</SchemaData></ExtendedData>
      <Point><coordinates>-86.9809292291697,40.4790196454632,-0.89375</coordinates></Point>
  </Placemark>
  <Placemark>
	<ExtendedData><SchemaData schemaUrl="#IQMaps_Points">
		<SimpleData name="Category">Point</SimpleData>
		<SimpleData name="Channel">11</SimpleData>
		<SimpleData name="CrossDist">5924.364433</SimpleData>
		<SimpleData name="IdNumber">8</SimpleData>
		<SimpleData name="Parent">Feature 0081</SimpleData>
		<SimpleData name="Survey">Survey_2025-04-24_10-38-46</SimpleData>
		<SimpleData name="Swath">1</SimpleData>
	</SchemaData></ExtendedData>
      <Point><coordinates>-86.9809271482203,40.4789243262645,-0.89375</coordinates></Point>
  </Placemark>
  <Placemark>
	<ExtendedData><SchemaData schemaUrl="#IQMaps_Points">
		<SimpleData name="Category">Point</SimpleData>
		<SimpleData name="Channel">10</SimpleData>
		<SimpleData name="CrossDist">6233.921115</SimpleData>
		<SimpleData name="IdNumber">9</SimpleData>
		<SimpleData name="Parent">Feature 0081</SimpleData>
		<SimpleData name="Survey">Survey_2025-04-24_10-38-46</SimpleData>
		<SimpleData name="Swath">1</SimpleData>
	</SchemaData></ExtendedData>
      <Point><coordinates>-86.9809278519522,40.478826312124,-0.89375</coordinates></Point>
  </Placemark>
  <Placemark>
	<ExtendedData><SchemaData schemaUrl="#IQMaps_Points">
		<SimpleData name="Category">Point</SimpleData>
		<SimpleData name="Channel">14</SimpleData>
		<SimpleData name="CrossDist">7198.814196</SimpleData>
		<SimpleData name="IdNumber">10</SimpleData>
		<SimpleData name="Parent">Feature 0081</SimpleData>
		<SimpleData name="Survey">Survey_2025-04-24_10-38-46</SimpleData>
		<SimpleData name="Swath">1</SimpleData>
	</SchemaData></ExtendedData>
      <Point><coordinates>-86.9809248266546,40.4787298504072,-0.89375</coordinates></Point>
  </Placemark>
  <Placemark>
	<ExtendedData><SchemaData schemaUrl="#IQMaps_Points">
		<SimpleData name="Category">Point</SimpleData>
		<SimpleData name="Channel">11</SimpleData>
		<SimpleData name="CrossDist">8642.476153</SimpleData>
		<SimpleData name="IdNumber">11</SimpleData>
		<SimpleData name="Parent">Feature 0081</SimpleData>
		<SimpleData name="Survey">Survey_2025-04-24_10-38-46</SimpleData>
		<SimpleData name="Swath">1</SimpleData>
	</SchemaData></ExtendedData>
      <Point><coordinates>-86.9809320263865,40.4784456737403,-0.99375</coordinates></Point>
  </Placemark>
  <Placemark>
	<ExtendedData><SchemaData schemaUrl="#IQMaps_Points">
		<SimpleData name="Category">Point</SimpleData>
		<SimpleData name="Channel">8</SimpleData>
		<SimpleData name="CrossDist">6698.177048</SimpleData>
		<SimpleData name="IdNumber">1</SimpleData>
		<SimpleData name="Parent">Feature 0082</SimpleData>
		<SimpleData name="Survey">Survey_2025-04-24_12-56-20</SimpleData>
		<SimpleData name="Swath">5</SimpleData>
	</SchemaData></ExtendedData>
      <Point><coordinates>-86.9805306421827,40.4758539312831,-1.40625</coordinates></Point>
  </Placemark>
  <Placemark>
	<ExtendedData><SchemaData schemaUrl="#IQMaps_Points">
		<SimpleData name="Category">Point</SimpleData>
		<SimpleData name="Channel">2</SimpleData>
		<SimpleData name="CrossDist">5665.701906</SimpleData>
		<SimpleData name="IdNumber">2</SimpleData>
		<SimpleData name="Parent">Feature 0082</SimpleData>
		<SimpleData name="Survey">Survey_2025-04-24_12-56-20</SimpleData>
		<SimpleData name="Swath">5</SimpleData>
	</SchemaData></ExtendedData>
      <Point><coordinates>-86.9805329569566,40.4759504943612,-1.10625</coordinates></Point>
  </Placemark>
  <Placemark>
	<ExtendedData><SchemaData schemaUrl="#IQMaps_Points">
		<SimpleData name="Category">Point</SimpleData>
		<SimpleData name="Channel">6</SimpleData>
		<SimpleData name="CrossDist">4041.399310</SimpleData>
		<SimpleData name="IdNumber">3</SimpleData>
		<SimpleData name="Parent">Feature 0082</SimpleData>
		<SimpleData name="Survey">Survey_2025-04-24_12-56-20</SimpleData>
		<SimpleData name="Swath">5</SimpleData>
	</SchemaData></ExtendedData>
      <Point><coordinates>-86.9805278108305,40.476142942566,-0.96875</coordinates></Point>
  </Placemark>
  <Placemark>
	<ExtendedData><SchemaData schemaUrl="#IQMaps_Points">
		<SimpleData name="Category">Point</SimpleData>
		<SimpleData name="Channel">7</SimpleData>
		<SimpleData name="CrossDist">3449.769581</SimpleData>
		<SimpleData name="IdNumber">4</SimpleData>
		<SimpleData name="Parent">Feature 0082</SimpleData>
		<SimpleData name="Survey">Survey_2025-04-24_12-56-20</SimpleData>
		<SimpleData name="Swath">5</SimpleData>
	</SchemaData></ExtendedData>
      <Point><coordinates>-86.9805387828895,40.476236596473,-1.40625</coordinates></Point>
  </Placemark>
  <Placemark>
	<ExtendedData><SchemaData schemaUrl="#IQMaps_Points">
		<SimpleData name="Category">Point</SimpleData>
		<SimpleData name="Channel">7</SimpleData>
		<SimpleData name="CrossDist">892.842459</SimpleData>
		<SimpleData name="IdNumber">5</SimpleData>
		<SimpleData name="Parent">Feature 0082</SimpleData>
		<SimpleData name="Survey">Survey_2025-04-24_12-56-20</SimpleData>
		<SimpleData name="Swath">5</SimpleData>
	</SchemaData></ExtendedData>
      <Point><coordinates>-86.9805415320005,40.4765245056289,-1.40625</coordinates></Point>
  </Placemark>
  <Placemark>
	<ExtendedData><SchemaData schemaUrl="#IQMaps_Points">
		<SimpleData name="Category">Point</SimpleData>
		<SimpleData name="Channel">6</SimpleData>
		<SimpleData name="CrossDist">4582.411698</SimpleData>
		<SimpleData name="IdNumber">6</SimpleData>
		<SimpleData name="Parent">Feature 0082</SimpleData>
		<SimpleData name="Survey">Survey_2025-04-24_12-56-20</SimpleData>
		<SimpleData name="Swath">3</SimpleData>
	</SchemaData></ExtendedData>
      <Point><coordinates>-86.9805392602003,40.4768137241014,-0.86875</coordinates></Point>
  </Placemark>
  <Placemark>
	<ExtendedData><SchemaData schemaUrl="#IQMaps_Points">
		<SimpleData name="Category">Point</SimpleData>
		<SimpleData name="Channel">6</SimpleData>
		<SimpleData name="CrossDist">2957.990468</SimpleData>
		<SimpleData name="IdNumber">7</SimpleData>
		<SimpleData name="Parent">Feature 0082</SimpleData>
		<SimpleData name="Survey">Survey_2025-04-24_12-56-20</SimpleData>
		<SimpleData name="Swath">3</SimpleData>
	</SchemaData></ExtendedData>
      <Point><coordinates>-86.9805486241806,40.4770070574336,-0.81875</coordinates></Point>
  </Placemark>
  <Placemark>
	<ExtendedData><SchemaData schemaUrl="#IQMaps_Points">
		<SimpleData name="Category">Point</SimpleData>
		<SimpleData name="Channel">7</SimpleData>
		<SimpleData name="CrossDist">1927.729834</SimpleData>
		<SimpleData name="IdNumber">8</SimpleData>
		<SimpleData name="Parent">Feature 0082</SimpleData>
		<SimpleData name="Survey">Survey_2025-04-24_12-56-20</SimpleData>
		<SimpleData name="Swath">3</SimpleData>
	</SchemaData></ExtendedData>
      <Point><coordinates>-86.9805447675498,40.4771045056323,-1.0125</coordinates></Point>
  </Placemark>
  <Placemark>
	<ExtendedData><SchemaData schemaUrl="#IQMaps_Points">
		<SimpleData name="Category">Point</SimpleData>
		<SimpleData name="Channel">5</SimpleData>
		<SimpleData name="CrossDist">1156.922623</SimpleData>
		<SimpleData name="IdNumber">9</SimpleData>
		<SimpleData name="Parent">Feature 0082</SimpleData>
		<SimpleData name="Survey">Survey_2025-04-24_12-56-20</SimpleData>
		<SimpleData name="Swath">1</SimpleData>
	</SchemaData></ExtendedData>
      <Point><coordinates>-86.9805477428913,40.4775844020348,-0.86875</coordinates></Point>
  </Placemark>
  <Placemark>
	<ExtendedData><SchemaData schemaUrl="#IQMaps_Points">
		<SimpleData name="Category">Point</SimpleData>
		<SimpleData name="Channel">6</SimpleData>
		<SimpleData name="CrossDist">412.966330</SimpleData>
		<SimpleData name="IdNumber">10</SimpleData>
		<SimpleData name="Parent">Feature 0082</SimpleData>
		<SimpleData name="Survey">Survey_2025-04-24_10-38-46</SimpleData>
		<SimpleData name="Swath">3</SimpleData>
	</SchemaData></ExtendedData>
      <Point><coordinates>-86.9805569500073,40.4777737241,-1.2625</coordinates></Point>
  </Placemark>
  <Placemark>
	<ExtendedData><SchemaData schemaUrl="#IQMaps_Points">
		<SimpleData name="Category">Point</SimpleData>
		<SimpleData name="Channel">9</SimpleData>
		<SimpleData name="CrossDist">329.961798</SimpleData>
		<SimpleData name="IdNumber">1</SimpleData>
		<SimpleData name="Parent">Feature 0083</SimpleData>
		<SimpleData name="Survey">Survey_2025-04-24_10-38-46</SimpleData>
		<SimpleData name="Swath">3</SimpleData>
	</SchemaData></ExtendedData>
      <Point><coordinates>-86.9815301567955,40.4777752871668,-0.825</coordinates></Point>
  </Placemark>
  <Placemark>
	<ExtendedData><SchemaData schemaUrl="#IQMaps_Points">
		<SimpleData name="Category">Point</SimpleData>
		<SimpleData name="Channel">6</SimpleData>
		<SimpleData name="CrossDist">320.075599</SimpleData>
		<SimpleData name="IdNumber">2</SimpleData>
		<SimpleData name="Parent">Feature 0083</SimpleData>
		<SimpleData name="Survey">Survey_2025-04-24_12-56-20</SimpleData>
		<SimpleData name="Swath">2</SimpleData>
	</SchemaData></ExtendedData>
      <Point><coordinates>-86.9815385125855,40.4773920574338,-0.93125</coordinates></Point>
  </Placemark>
  <Placemark>
	<ExtendedData><SchemaData schemaUrl="#IQMaps_Points">
		<SimpleData name="Category">Point</SimpleData>
		<SimpleData name="Channel">6</SimpleData>
		<SimpleData name="CrossDist">2873.245965</SimpleData>
		<SimpleData name="IdNumber">3</SimpleData>
		<SimpleData name="Parent">Feature 0083</SimpleData>
		<SimpleData name="Survey">Survey_2025-04-24_12-56-20</SimpleData>
		<SimpleData name="Swath">3</SimpleData>
	</SchemaData></ExtendedData>
      <Point><coordinates>-86.9815407465276,40.4770070574336,-0.825</coordinates></Point>
  </Placemark>
  <Placemark>
	<ExtendedData><SchemaData schemaUrl="#IQMaps_Points">
		<SimpleData name="Category">Point</SimpleData>
		<SimpleData name="Channel">7</SimpleData>
		<SimpleData name="CrossDist">215.677331</SimpleData>
		<SimpleData name="IdNumber">4</SimpleData>
		<SimpleData name="Parent">Feature 0083</SimpleData>
		<SimpleData name="Survey">Survey_2025-04-24_12-56-20</SimpleData>
		<SimpleData name="Swath">5</SimpleData>
	</SchemaData></ExtendedData>
      <Point><coordinates>-86.9815361078639,40.4764254943695,-0.825</coordinates></Point>
  </Placemark>
  <Placemark>
	<ExtendedData><SchemaData schemaUrl="#IQMaps_Points">
		<SimpleData name="Category">Point</SimpleData>
		<SimpleData name="Channel">13</SimpleData>
		<SimpleData name="CrossDist">2946.087483</SimpleData>
		<SimpleData name="IdNumber">1</SimpleData>
		<SimpleData name="Parent">Feature 0087</SimpleData>
		<SimpleData name="Survey">Survey_2025-04-24_10-38-46</SimpleData>
		<SimpleData name="Swath">0</SimpleData>
	</SchemaData></ExtendedData>
      <Point><coordinates>-86.9837942273751,40.4802767020176,-0.55625</coordinates></Point>
  </Placemark>
  <Placemark>
	<ExtendedData><SchemaData schemaUrl="#IQMaps_Points">
		<SimpleData name="Category">Point</SimpleData>
		<SimpleData name="Channel">14</SimpleData>
		<SimpleData name="CrossDist">4224.887175</SimpleData>
		<SimpleData name="IdNumber">2</SimpleData>
		<SimpleData name="Parent">Feature 0087</SimpleData>
		<SimpleData name="Survey">Survey_2025-04-24_10-38-46</SimpleData>
		<SimpleData name="Swath">0</SimpleData>
	</SchemaData></ExtendedData>
      <Point><coordinates>-86.9837927854292,40.480081312117,-0.73125</coordinates></Point>
  </Placemark>
  <Placemark>
	<ExtendedData><SchemaData schemaUrl="#IQMaps_Points">
		<SimpleData name="Category">Point</SimpleData>
		<SimpleData name="Channel">15</SimpleData>
		<SimpleData name="CrossDist">5041.803621</SimpleData>
		<SimpleData name="IdNumber">3</SimpleData>
		<SimpleData name="Parent">Feature 0087</SimpleData>
		<SimpleData name="Survey">Survey_2025-04-24_10-38-46</SimpleData>
		<SimpleData name="Swath">0</SimpleData>
	</SchemaData></ExtendedData>
      <Point><coordinates>-86.9837889714384,40.4799859929269,-0.73125</coordinates></Point>
  </Placemark>
  <Placemark>
	<ExtendedData><SchemaData schemaUrl="#IQMaps_Points">
		<SimpleData name="Category">Point</SimpleData>
		<SimpleData name="Channel">15</SimpleData>
		<SimpleData name="CrossDist">5516.064389</SimpleData>
		<SimpleData name="IdNumber">4</SimpleData>
		<SimpleData name="Parent">Feature 0087</SimpleData>
		<SimpleData name="Survey">Survey_2025-04-24_10-38-46</SimpleData>
		<SimpleData name="Swath">0</SimpleData>
	</SchemaData></ExtendedData>
      <Point><coordinates>-86.983784565086,40.4798923404074,-0.7875</coordinates></Point>
  </Placemark>
  <Placemark>
	<ExtendedData><SchemaData schemaUrl="#IQMaps_Points">
		<SimpleData name="Category">Point</SimpleData>
		<SimpleData name="Channel">10</SimpleData>
		<SimpleData name="CrossDist">73.592870</SimpleData>
		<SimpleData name="IdNumber">5</SimpleData>
		<SimpleData name="Parent">Feature 0087</SimpleData>
		<SimpleData name="Survey">Survey_2025-04-24_10-38-46</SimpleData>
		<SimpleData name="Swath">1</SimpleData>
	</SchemaData></ExtendedData>
      <Point><coordinates>-86.9837795932242,40.479790847631,-0.76875</coordinates></Point>
  </Placemark>
  <Placemark>
	<ExtendedData><SchemaData schemaUrl="#IQMaps_Points">
		<SimpleData name="Category">Point</SimpleData>
		<SimpleData name="Channel">11</SimpleData>
		<SimpleData name="CrossDist">1351.918024</SimpleData>
		<SimpleData name="IdNumber">6</SimpleData>
		<SimpleData name="Parent">Feature 0087</SimpleData>
		<SimpleData name="Survey">Survey_2025-04-24_10-38-46</SimpleData>
		<SimpleData name="Swath">1</SimpleData>
	</SchemaData></ExtendedData>
      <Point><coordinates>-86.9837738816206,40.4796004641798,-0.74375</coordinates></Point>
  </Placemark>
  <Placemark>
	<ExtendedData><SchemaData schemaUrl="#IQMaps_Points">
		<SimpleData name="Category">Point</SimpleData>
		<SimpleData name="Channel">11</SimpleData>
		<SimpleData name="CrossDist">2632.259963</SimpleData>
		<SimpleData name="IdNumber">7</SimpleData>
		<SimpleData name="Parent">Feature 0087</SimpleData>
		<SimpleData name="Survey">Survey_2025-04-24_10-38-46</SimpleData>
		<SimpleData name="Swath">1</SimpleData>
	</SchemaData></ExtendedData>
      <Point><coordinates>-86.9837711242236,40.4794073403974,-0.98125</coordinates></Point>
  </Placemark>
  <Placemark>
	<ExtendedData><SchemaData schemaUrl="#IQMaps_Points">
		<SimpleData name="Category">Point</SimpleData>
		<SimpleData name="Channel">11</SimpleData>
		<SimpleData name="CrossDist">3917.545002</SimpleData>
		<SimpleData name="IdNumber">8</SimpleData>
		<SimpleData name="Parent">Feature 0087</SimpleData>
		<SimpleData name="Survey">Survey_2025-04-24_10-38-46</SimpleData>
		<SimpleData name="Swath">1</SimpleData>
	</SchemaData></ExtendedData>
      <Point><coordinates>-86.9837739883576,40.4792140070659,-0.94375</coordinates></Point>
  </Placemark>
  <Placemark>
	<ExtendedData><SchemaData schemaUrl="#IQMaps_Points">
		<SimpleData name="Category">Point</SimpleData>
		<SimpleData name="Channel">15</SimpleData>
		<SimpleData name="CrossDist">222.874484</SimpleData>
		<SimpleData name="IdNumber">1</SimpleData>
		<SimpleData name="Parent">Feature 0089</SimpleData>
		<SimpleData name="Survey">Survey_2025-04-18_23-29-00</SimpleData>
		<SimpleData name="Swath">0</SimpleData>
	</SchemaData></ExtendedData>
      <Point><coordinates>-86.9832107809197,40.4796697461729,-0.94375</coordinates></Point>
  </Placemark>
  <Placemark>
	<ExtendedData><SchemaData schemaUrl="#IQMaps_Points">
		<SimpleData name="Category">Point</SimpleData>
		<SimpleData name="Channel">11</SimpleData>
		<SimpleData name="CrossDist">260.916580</SimpleData>
		<SimpleData name="IdNumber">2</SimpleData>
		<SimpleData name="Parent">Feature 0089</SimpleData>
		<SimpleData name="Survey">Survey_2025-04-18_23-29-00</SimpleData>
		<SimpleData name="Swath">0</SimpleData>
	</SchemaData></ExtendedData>
      <Point><coordinates>-86.9832125524135,40.4793276990639,-0.98125</coordinates></Point>
  </Placemark>
  <Placemark>
	<ExtendedData><SchemaData schemaUrl="#IQMaps_Points">
		<SimpleData name="Category">Point</SimpleData>
		<SimpleData name="Channel">15</SimpleData>
		<SimpleData name="CrossDist">276.734499</SimpleData>
		<SimpleData name="IdNumber">3</SimpleData>
		<SimpleData name="Parent">Feature 0089</SimpleData>
		<SimpleData name="Survey">Survey_2025-04-18_23-29-00</SimpleData>
		<SimpleData name="Swath">0</SimpleData>
	</SchemaData></ExtendedData>
      <Point><coordinates>-86.9832107809197,40.479185059502,-0.93125</coordinates></Point>
  </Placemark>
  <Placemark>
	<ExtendedData><SchemaData schemaUrl="#IQMaps_Points">
		<SimpleData name="Category">Point</SimpleData>
		<SimpleData name="Channel">15</SimpleData>
		<SimpleData name="CrossDist">294.331935</SimpleData>
		<SimpleData name="IdNumber">4</SimpleData>
		<SimpleData name="Parent">Feature 0089</SimpleData>
		<SimpleData name="Survey">Survey_2025-04-18_23-29-00</SimpleData>
		<SimpleData name="Swath">0</SimpleData>
	</SchemaData></ExtendedData>
      <Point><coordinates>-86.9832107809197,40.4790270026292,-0.71875</coordinates></Point>
  </Placemark>
  <Placemark>
	<ExtendedData><SchemaData schemaUrl="#IQMaps_Points">
		<SimpleData name="Category">Point</SimpleData>
		<SimpleData name="Channel">11</SimpleData>
		<SimpleData name="CrossDist">5729.606300</SimpleData>
		<SimpleData name="IdNumber">5</SimpleData>
		<SimpleData name="Parent">Feature 0089</SimpleData>
		<SimpleData name="Survey">Survey_2025-04-24_10-38-46</SimpleData>
		<SimpleData name="Swath">1</SimpleData>
	</SchemaData></ExtendedData>
      <Point><coordinates>-86.9832118229481,40.4789245386828,-0.99375</coordinates></Point>
  </Placemark>
  <Placemark>
	<ExtendedData><SchemaData schemaUrl="#IQMaps_Points">
		<SimpleData name="Category">Point</SimpleData>
		<SimpleData name="Channel">14</SimpleData>
		<SimpleData name="CrossDist">2999.354327</SimpleData>
		<SimpleData name="IdNumber">1</SimpleData>
		<SimpleData name="Parent">Feature 0090</SimpleData>
		<SimpleData name="Survey">Survey_2025-04-24_08-01-42</SimpleData>
		<SimpleData name="Swath">3</SimpleData>
	</SchemaData></ExtendedData>
      <Point><coordinates>-86.9819411027127,40.4817136878726,-0.73125</coordinates></Point>
  </Placemark>
  <Placemark>
	<ExtendedData><SchemaData schemaUrl="#IQMaps_Points">
		<SimpleData name="Category">Point</SimpleData>
		<SimpleData name="Channel">15</SimpleData>
		<SimpleData name="CrossDist">4383.857265</SimpleData>
		<SimpleData name="IdNumber">2</SimpleData>
		<SimpleData name="Parent">Feature 0090</SimpleData>
		<SimpleData name="Survey">Survey_2025-04-24_08-01-42</SimpleData>
		<SimpleData name="Swath">3</SimpleData>
	</SchemaData></ExtendedData>
      <Point><coordinates>-86.9819288669032,40.481517659596,-0.74375</coordinates></Point>
  </Placemark>
  <Placemark>
	<ExtendedData><SchemaData schemaUrl="#IQMaps_Points">
		<SimpleData name="Category">Point</SimpleData>
		<SimpleData name="Channel">11</SimpleData>
		<SimpleData name="CrossDist">5174.753233</SimpleData>
		<SimpleData name="IdNumber">3</SimpleData>
		<SimpleData name="Parent">Feature 0090</SimpleData>
		<SimpleData name="Survey">Survey_2025-04-24_08-01-42</SimpleData>
		<SimpleData name="Swath">3</SimpleData>
	</SchemaData></ExtendedData>
      <Point><coordinates>-86.9819243180219,40.4814195550199,-0.79375</coordinates></Point>
  </Placemark>
  <Placemark>
	<ExtendedData><SchemaData schemaUrl="#IQMaps_Points">
		<SimpleData name="Category">Point</SimpleData>
		<SimpleData name="Channel">11</SimpleData>
		<SimpleData name="CrossDist">6583.378498</SimpleData>
		<SimpleData name="IdNumber">4</SimpleData>
		<SimpleData name="Parent">Feature 0090</SimpleData>
		<SimpleData name="Survey">Survey_2025-04-24_08-01-42</SimpleData>
		<SimpleData name="Swath">3</SimpleData>
	</SchemaData></ExtendedData>
      <Point><coordinates>-86.9819133608937,40.4812259929264,-0.7875</coordinates></Point>
  </Placemark>
  <Placemark>
	<ExtendedData><SchemaData schemaUrl="#IQMaps_Points">
		<SimpleData name="Category">Point</SimpleData>
		<SimpleData name="Channel">10</SimpleData>
		<SimpleData name="CrossDist">1084.832455</SimpleData>
		<SimpleData name="IdNumber">5</SimpleData>
		<SimpleData name="Parent">Feature 0090</SimpleData>
		<SimpleData name="Survey">Survey_2025-04-24_08-01-42</SimpleData>
		<SimpleData name="Swath">4</SimpleData>
	</SchemaData></ExtendedData>
      <Point><coordinates>-86.9819092240843,40.4807446454545,-0.74375</coordinates></Point>
  </Placemark>
  <Placemark>
	<ExtendedData><SchemaData schemaUrl="#IQMaps_Points">
		<SimpleData name="Category">Point</SimpleData>
		<SimpleData name="Channel">14</SimpleData>
		<SimpleData name="CrossDist">1828.709659</SimpleData>
		<SimpleData name="IdNumber">6</SimpleData>
		<SimpleData name="Parent">Feature 0090</SimpleData>
		<SimpleData name="Survey">Survey_2025-04-24_10-38-46</SimpleData>
		<SimpleData name="Swath">0</SimpleData>
	</SchemaData></ExtendedData>
      <Point><coordinates>-86.9819070232075,40.4804596454617,-0.74375</coordinates></Point>
  </Placemark>
  <Placemark>
	<ExtendedData><SchemaData schemaUrl="#IQMaps_Points">
		<SimpleData name="Category">Point</SimpleData>
		<SimpleData name="Channel">15</SimpleData>
		<SimpleData name="CrossDist">4881.726277</SimpleData>
		<SimpleData name="IdNumber">7</SimpleData>
		<SimpleData name="Parent">Feature 0090</SimpleData>
		<SimpleData name="Survey">Survey_2025-04-24_10-38-46</SimpleData>
		<SimpleData name="Swath">0</SimpleData>
	</SchemaData></ExtendedData>
      <Point><coordinates>-86.9819136444414,40.4799859929269,-0.80625</coordinates></Point>
  </Placemark>
  <Placemark>
	<ExtendedData><SchemaData schemaUrl="#IQMaps_Points">
		<SimpleData name="Category">Point</SimpleData>
		<SimpleData name="Channel">15</SimpleData>
		<SimpleData name="CrossDist">5675.864919</SimpleData>
		<SimpleData name="IdNumber">8</SimpleData>
		<SimpleData name="Parent">Feature 0090</SimpleData>
		<SimpleData name="Survey">Survey_2025-04-24_10-38-46</SimpleData>
		<SimpleData name="Swath">0</SimpleData>
	</SchemaData></ExtendedData>
      <Point><coordinates>-86.9819119438729,40.4798923404074,-0.74375</coordinates></Point>
  </Placemark>
  <Placemark>
	<ExtendedData><SchemaData schemaUrl="#IQMaps_Points">
		<SimpleData name="Category">Point</SimpleData>
		<SimpleData name="Channel">10</SimpleData>
		<SimpleData name="CrossDist">6157.797378</SimpleData>
		<SimpleData name="IdNumber">9</SimpleData>
		<SimpleData name="Parent">Feature 0090</SimpleData>
		<SimpleData name="Survey">Survey_2025-04-24_10-38-46</SimpleData>
		<SimpleData name="Swath">0</SimpleData>
	</SchemaData></ExtendedData>
      <Point><coordinates>-86.9819081046058,40.479792978775,-0.74375</coordinates></Point>
  </Placemark>
  <Placemark>
	<ExtendedData><SchemaData schemaUrl="#IQMaps_Points">
		<SimpleData name="Category">Point</SimpleData>
		<SimpleData name="Channel">11</SimpleData>
		<SimpleData name="CrossDist">1989.142906</SimpleData>
		<SimpleData name="IdNumber">10</SimpleData>
		<SimpleData name="Parent">Feature 0090</SimpleData>
		<SimpleData name="Survey">Survey_2025-04-24_10-38-46</SimpleData>
		<SimpleData name="Swath">1</SimpleData>
	</SchemaData></ExtendedData>
      <Point><coordinates>-86.9819099586097,40.4795009929369,-0.74375</coordinates></Point>
  </Placemark>
  <Placemark>
	<ExtendedData><SchemaData schemaUrl="#IQMaps_Points">
		<SimpleData name="Category">Point</SimpleData>
		<SimpleData name="Channel">11</SimpleData>
		<SimpleData name="CrossDist">2473.922590</SimpleData>
		<SimpleData name="IdNumber">11</SimpleData>
		<SimpleData name="Parent">Feature 0090</SimpleData>
		<SimpleData name="Survey">Survey_2025-04-24_10-38-46</SimpleData>
		<SimpleData name="Swath">1</SimpleData>
	</SchemaData></ExtendedData>
      <Point><coordinates>-86.9819128486842,40.4794073403974,-0.74375</coordinates></Point>
  </Placemark>
  <Placemark>
	<ExtendedData><SchemaData schemaUrl="#IQMaps_Points">
		<SimpleData name="Category">Point</SimpleData>
		<SimpleData name="Channel">11</SimpleData>
		<SimpleData name="CrossDist">3270.868913</SimpleData>
		<SimpleData name="IdNumber">12</SimpleData>
		<SimpleData name="Parent">Feature 0090</SimpleData>
		<SimpleData name="Survey">Survey_2025-04-24_10-38-46</SimpleData>
		<SimpleData name="Swath">1</SimpleData>
	</SchemaData></ExtendedData>
      <Point><coordinates>-86.9819201757282,40.4793078772905,-0.91875</coordinates></Point>
  </Placemark>
  <Placemark>
	<ExtendedData><SchemaData schemaUrl="#IQMaps_Points">
		<SimpleData name="Category">Point</SimpleData>
		<SimpleData name="Channel">10</SimpleData>
		<SimpleData name="CrossDist">9561.497269</SimpleData>
		<SimpleData name="IdNumber">1</SimpleData>
		<SimpleData name="Parent">Feature 0091</SimpleData>
		<SimpleData name="Survey">Survey_2025-04-24_10-38-46</SimpleData>
		<SimpleData name="Swath">1</SimpleData>
	</SchemaData></ExtendedData>
      <Point><coordinates>-86.9814762738648,40.4783506159949,-0.46875</coordinates></Point>
  </Placemark>
  <Placemark>
	<ExtendedData><SchemaData schemaUrl="#IQMaps_Points">
		<SimpleData name="Category">Point</SimpleData>
		<SimpleData name="Channel">11</SimpleData>
		<SimpleData name="CrossDist">8689.059925</SimpleData>
		<SimpleData name="IdNumber">2</SimpleData>
		<SimpleData name="Parent">Feature 0091</SimpleData>
		<SimpleData name="Survey">Survey_2025-04-24_10-38-46</SimpleData>
		<SimpleData name="Swath">1</SimpleData>
	</SchemaData></ExtendedData>
      <Point><coordinates>-86.9814767057027,40.4784456737403,-0.46875</coordinates></Point>
  </Placemark>
  <Placemark>
	<ExtendedData><SchemaData schemaUrl="#IQMaps_Points">
		<SimpleData name="Category">Point</SimpleData>
		<SimpleData name="Channel">10</SimpleData>
		<SimpleData name="CrossDist">8397.614761</SimpleData>
		<SimpleData name="IdNumber">3</SimpleData>
		<SimpleData name="Parent">Feature 0091</SimpleData>
		<SimpleData name="Survey">Survey_2025-04-24_10-38-46</SimpleData>
		<SimpleData name="Swath">1</SimpleData>
	</SchemaData></ExtendedData>
      <Point><coordinates>-86.9814807266346,40.4785436878846,-0.46875</coordinates></Point>
  </Placemark>
  <Placemark>
	<ExtendedData><SchemaData schemaUrl="#IQMaps_Points">
		<SimpleData name="Category">Point</SimpleData>
		<SimpleData name="Channel">15</SimpleData>
		<SimpleData name="CrossDist">7150.569542</SimpleData>
		<SimpleData name="IdNumber">4</SimpleData>
		<SimpleData name="Parent">Feature 0091</SimpleData>
		<SimpleData name="Survey">Survey_2025-04-24_10-38-46</SimpleData>
		<SimpleData name="Swath">1</SimpleData>
	</SchemaData></ExtendedData>
      <Point><coordinates>-86.9814902118069,40.4787327489008,-0.46875</coordinates></Point>
  </Placemark>
</Folder>
<Schema name="IQMaps_Points" id="IQMaps_Points">
	<SimpleField name="Category" type="string"></SimpleField>
	<SimpleField name="Channel" type="string"></SimpleField>
	<SimpleField name="CrossDist" type="string"></SimpleField>
	<SimpleField name="IdNumber" type="string"></SimpleField>
	<SimpleField name="Parent" type="string"></SimpleField>
	<SimpleField name="Survey" type="string"></SimpleField>
	<SimpleField name="Swath" type="string"></SimpleField>
</Schema>
</Document></kml>
